ATM Name,Transaction Date,No Of Withdrawals,No Of XYZ Card Withdrawals,No Of Other Card Withdrawals,Total amount Withdrawn,Amount withdrawn XYZ Card,Amount withdrawn Other Card,Weekday,Festival Religion,Working Day,Holiday Sequence
Big Street ATM,1/1/2011,50,20,30,2649.3199999999997,892.38,1756.9399999999998,Saturday,H,H,WHH
Mount Road ATM,1/1/2011,253,67,186,16433.059999999998,5797.259999999999,10635.8,Saturday,C,H,WHH
Airport ATM,1/1/2011,98,56,42,10772.76,7440.78,3331.98,Saturday,C,H,WHH
KK Nagar ATM,1/1/2011,265,159,106,20229.42,11397.64,8831.779999999999,Saturday,C,H,WHH
Christ College ATM,1/1/2011,74,25,49,6156.78,3171.48,2985.2999999999997,Saturday,C,H,WHH
Big Street ATM,2/1/2011,17,5,12,1129.9199999999998,447.26,682.66,Sunday,NH,H,HHW
Mount Road ATM,2/1/2011,194,50,144,11327.019999999999,3674.3799999999997,7652.639999999999,Sunday,NH,H,HHW
Airport ATM,2/1/2011,67,53,14,5748.04,4564.62,1183.4199999999998,Sunday,NH,H,HHW
KK Nagar ATM,2/1/2011,260,155,105,17321.16,9762.68,7558.48,Sunday,NH,H,HHW
Christ College ATM,2/1/2011,80,24,56,6420.0,2045.84,4374.16,Sunday,NH,H,HHW
Big Street ATM,3/1/2011,24,21,3,1885.34,1649.9399999999998,235.39999999999998,Monday,NH,W,WWW
Mount Road ATM,3/1/2011,246,115,131,19197.94,9899.64,9298.3,Monday,NH,W,WWW
Airport ATM,3/1/2011,109,90,19,12923.46,10738.519999999999,2184.94,Monday,NH,W,WWW
KK Nagar ATM,3/1/2011,309,232,77,28528.34,21626.84,6901.5,Monday,NH,W,WWW
Christ College ATM,3/1/2011,108,46,62,11187.92,4513.26,6674.66,Monday,NH,W,WWW
Big Street ATM,4/1/2011,34,12,22,2174.24,1095.6799999999998,1078.56,Tuesday,NH,W,WWW
Mount Road ATM,4/1/2011,246,96,150,17676.399999999998,8007.879999999999,9668.519999999999,Tuesday,NH,W,WWW
Airport ATM,4/1/2011,113,80,33,11590.24,8953.76,2636.48,Tuesday,NH,W,WWW
KK Nagar ATM,4/1/2011,225,175,50,21387.16,17094.32,4292.84,Tuesday,NH,W,WWW
Christ College ATM,4/1/2011,143,41,102,15780.359999999999,5093.2,10687.16,Tuesday,NH,W,WWW
Big Street ATM,5/1/2011,30,14,16,2097.2,1127.78,969.42,Wednesday,NH,W,WWW
Mount Road ATM,5/1/2011,211,107,104,16144.16,9368.92,6775.24,Wednesday,NH,W,WWW
Airport ATM,5/1/2011,100,70,30,11342.0,9082.16,2259.8399999999997,Wednesday,NH,W,WWW
KK Nagar ATM,5/1/2011,255,209,46,20526.879999999997,17259.1,3267.7799999999997,Wednesday,NH,W,WWW
Christ College ATM,5/1/2011,95,41,54,8288.22,4571.04,3717.18,Wednesday,NH,W,WWW
Big Street ATM,6/1/2011,29,16,13,1838.26,1164.1599999999999,674.0999999999999,Thursday,NH,W,WWW
Mount Road ATM,6/1/2011,213,89,124,17851.879999999997,7611.98,10239.9,Thursday,NH,W,WWW
Airport ATM,6/1/2011,96,73,23,9298.3,7686.879999999999,1611.4199999999998,Thursday,NH,W,WWW
KK Nagar ATM,6/1/2011,211,176,35,17562.98,15042.06,2520.92,Thursday,NH,W,WWW
Christ College ATM,6/1/2011,116,50,66,9212.699999999999,3610.18,5602.5199999999995,Thursday,NH,W,WWW
Big Street ATM,7/1/2011,23,13,10,1637.1,1082.84,554.26,Friday,NH,W,WWW
Mount Road ATM,7/1/2011,172,99,73,12311.42,9144.22,3167.2,Friday,NH,W,WWW
Airport ATM,7/1/2011,85,64,21,7164.719999999999,5315.759999999999,1848.9599999999998,Friday,NH,W,WWW
KK Nagar ATM,7/1/2011,205,175,30,17836.899999999998,15127.66,2709.24,Friday,NH,W,WWW
Christ College ATM,7/1/2011,85,46,39,7400.12,4543.219999999999,2856.8999999999996,Friday,NH,W,WWW
Big Street ATM,8/1/2011,37,17,20,2752.04,1159.8799999999999,1592.1599999999999,Saturday,NH,H,WHH
Mount Road ATM,8/1/2011,212,99,113,16963.78,11374.099999999999,5589.679999999999,Saturday,NH,H,WHH
Airport ATM,8/1/2011,126,84,42,11104.46,8467.98,2636.48,Saturday,NH,H,WHH
KK Nagar ATM,8/1/2011,217,169,48,16736.94,12974.82,3762.12,Saturday,NH,H,WHH
Christ College ATM,8/1/2011,86,45,41,7843.099999999999,4183.7,3659.3999999999996,Saturday,NH,H,WHH
Big Street ATM,9/1/2011,36,17,19,1904.6,804.64,1099.96,Sunday,NH,H,HHW
Mount Road ATM,9/1/2011,311,50,261,16088.519999999999,4652.36,11436.16,Sunday,NH,H,HHW
Airport ATM,9/1/2011,106,62,44,7213.94,5206.62,2007.32,Sunday,NH,H,HHW
KK Nagar ATM,9/1/2011,149,114,35,9373.199999999999,7104.799999999999,2268.4,Sunday,NH,H,HHW
Christ College ATM,9/1/2011,100,40,60,7785.32,4541.08,3244.24,Sunday,NH,H,HHW
Big Street ATM,10/1/2011,29,14,15,1921.7199999999998,1294.7,627.02,Monday,NH,W,HWW
Mount Road ATM,10/1/2011,219,108,111,15027.08,10432.5,4594.58,Monday,NH,W,HWW
Airport ATM,10/1/2011,99,73,26,9077.88,6651.12,2426.7599999999998,Monday,NH,W,HWW
KK Nagar ATM,10/1/2011,224,192,32,20323.579999999998,17678.54,2645.04,Monday,NH,W,HWW
Christ College ATM,10/1/2011,116,53,63,11671.56,6758.12,4913.44,Monday,NH,W,HWW
Big Street ATM,11/1/2011,42,20,22,2394.66,1592.1599999999999,802.5,Tuesday,NH,W,WWW
Mount Road ATM,11/1/2011,232,94,138,10828.4,5602.5199999999995,5225.88,Tuesday,NH,W,WWW
Airport ATM,11/1/2011,101,70,31,8360.98,5844.34,2516.64,Tuesday,NH,W,WWW
KK Nagar ATM,11/1/2011,228,180,48,17931.059999999998,15099.839999999998,2831.22,Tuesday,NH,W,WWW
Christ College ATM,11/1/2011,92,36,56,7355.179999999999,3543.8399999999997,3811.3399999999997,Tuesday,NH,W,WWW
Big Street ATM,12/1/2011,19,9,10,913.78,291.03999999999996,622.74,Wednesday,NH,W,WWW
Mount Road ATM,12/1/2011,235,92,143,13858.64,7768.2,6090.44,Wednesday,NH,W,WWW
Airport ATM,12/1/2011,116,88,28,10640.08,9150.64,1489.4399999999998,Wednesday,NH,W,WWW
KK Nagar ATM,12/1/2011,198,176,22,16469.44,15029.22,1440.22,Wednesday,NH,W,WWW
Christ College ATM,12/1/2011,74,37,37,6447.82,3789.9399999999996,2657.8799999999997,Wednesday,NH,W,WWW
Big Street ATM,13-01-2011,22,12,10,1737.6799999999998,1147.04,590.64,Thursday,NH,W,WWW
Mount Road ATM,13-01-2011,184,93,91,10834.82,6914.339999999999,3920.48,Thursday,NH,W,WWW
Airport ATM,13-01-2011,103,81,22,8810.38,7629.099999999999,1181.28,Thursday,NH,W,WWW
KK Nagar ATM,13-01-2011,223,179,44,16507.96,13899.3,2608.66,Thursday,NH,W,WWW
Christ College ATM,13-01-2011,143,52,91,10920.42,4979.78,5940.639999999999,Thursday,NH,W,WWW
Big Street ATM,14-01-2011,25,16,9,1949.54,1450.9199999999998,498.61999999999995,Friday,NH,W,WWH
Mount Road ATM,14-01-2011,179,71,108,9659.96,5356.42,4303.54,Friday,NH,W,WWH
Airport ATM,14-01-2011,109,89,20,9811.9,9077.88,734.02,Friday,NH,W,WWH
KK Nagar ATM,14-01-2011,238,176,62,18754.96,14641.88,4113.08,Friday,NH,W,WWH
Christ College ATM,14-01-2011,91,52,39,7982.2,5163.82,2818.3799999999997,Friday,NH,W,WWH
Big Street ATM,15-01-2011,24,16,8,2480.2599999999998,2112.18,368.08,Saturday,H,H,WHH
Mount Road ATM,15-01-2011,97,24,73,4290.7,2557.2999999999997,1733.3999999999999,Saturday,H,H,WHH
Airport ATM,15-01-2011,52,35,17,3494.62,2991.72,502.9,Saturday,H,H,WHH
KK Nagar ATM,15-01-2011,119,96,23,6877.96,6058.339999999999,819.62,Saturday,H,H,WHH
Christ College ATM,15-01-2011,53,30,23,4425.5199999999995,2863.3199999999997,1562.1999999999998,Saturday,H,H,WHH
Big Street ATM,16-01-2011,17,9,8,1179.1399999999999,631.3,547.8399999999999,Sunday,H,H,HHH
Mount Road ATM,16-01-2011,77,21,56,4393.42,1378.1599999999999,3015.2599999999998,Sunday,H,H,HHH
Airport ATM,16-01-2011,42,33,9,3297.74,2841.92,455.82,Sunday,H,H,HHH
KK Nagar ATM,16-01-2011,99,78,21,5865.74,5138.139999999999,727.5999999999999,Sunday,H,H,HHH
Christ College ATM,16-01-2011,36,15,21,2037.28,986.54,1050.74,Sunday,H,H,HHH
Big Street ATM,17-01-2011,37,28,9,2777.72,2431.04,346.68,Monday,H,H,HHW
Mount Road ATM,17-01-2011,72,34,38,4748.66,2719.94,2028.7199999999998,Monday,H,H,HHW
Airport ATM,17-01-2011,40,24,16,2140.0,1703.4399999999998,436.56,Monday,H,H,HHW
KK Nagar ATM,17-01-2011,188,145,43,11230.72,9390.32,1840.3999999999999,Monday,H,H,HHW
Christ College ATM,17-01-2011,46,25,21,2713.52,1483.02,1230.5,Monday,H,H,HHW
Big Street ATM,18-01-2011,29,13,16,3501.04,1570.76,1930.28,Tuesday,NH,W,HWW
Mount Road ATM,18-01-2011,123,82,41,8671.279999999999,7716.839999999999,954.4399999999999,Tuesday,NH,W,HWW
Airport ATM,18-01-2011,86,65,21,7342.339999999999,5844.34,1498.0,Tuesday,NH,W,HWW
KK Nagar ATM,18-01-2011,225,159,66,17787.68,14201.039999999999,3586.64,Tuesday,NH,W,HWW
Christ College ATM,18-01-2011,82,45,37,8132.0,4641.66,3490.3399999999997,Tuesday,NH,W,HWW
Big Street ATM,19-01-2011,33,16,17,1701.3,860.28,841.02,Wednesday,NH,W,WWW
Mount Road ATM,19-01-2011,152,69,83,11506.779999999999,6447.82,5058.96,Wednesday,NH,W,WWW
Airport ATM,19-01-2011,106,86,20,9178.46,8209.039999999999,969.42,Wednesday,NH,W,WWW
KK Nagar ATM,19-01-2011,183,151,32,13892.88,12493.32,1399.56,Wednesday,NH,W,WWW
Christ College ATM,19-01-2011,124,39,85,9561.519999999999,2591.54,6969.98,Wednesday,NH,W,WWW
Big Street ATM,20-01-2011,25,10,15,1748.3799999999999,828.18,920.1999999999999,Thursday,NH,W,WWW
Mount Road ATM,20-01-2011,163,88,75,12101.699999999999,8652.02,3449.68,Thursday,NH,W,WWW
Airport ATM,20-01-2011,89,69,20,6377.2,5354.28,1022.92,Thursday,NH,W,WWW
KK Nagar ATM,20-01-2011,120,97,23,9542.26,7851.66,1690.6,Thursday,NH,W,WWW
Christ College ATM,20-01-2011,140,45,95,12225.82,5221.599999999999,7004.219999999999,Thursday,NH,W,WWW
Big Street ATM,21-01-2011,21,17,4,1853.24,1769.78,83.46,Friday,NH,W,WWH
Mount Road ATM,21-01-2011,139,66,73,9638.56,5253.7,4384.86,Friday,NH,W,WWH
Airport ATM,21-01-2011,67,56,11,7490.0,6689.639999999999,800.36,Friday,NH,W,WWH
KK Nagar ATM,21-01-2011,193,146,47,12444.099999999999,9309.0,3135.1,Friday,NH,W,WWH
Christ College ATM,21-01-2011,90,44,46,8277.52,5046.12,3231.3999999999996,Friday,NH,W,WWH
Big Street ATM,22-01-2011,25,12,13,1827.56,1080.7,746.86,Saturday,NH,H,WHH
Mount Road ATM,22-01-2011,151,79,72,9749.84,6595.48,3154.3599999999997,Saturday,NH,H,WHH
Airport ATM,22-01-2011,93,70,23,7781.04,6768.82,1012.2199999999999,Saturday,NH,H,WHH
KK Nagar ATM,22-01-2011,196,168,28,14622.619999999999,13670.32,952.3,Saturday,NH,H,WHH
Christ College ATM,22-01-2011,95,35,60,9957.42,5150.98,4806.44,Saturday,NH,H,WHH
Big Street ATM,23-01-2011,18,8,10,787.52,151.94,635.5799999999999,Sunday,NH,H,HHW
Mount Road ATM,23-01-2011,134,71,63,7534.94,4819.28,2715.66,Sunday,NH,H,HHW
Airport ATM,23-01-2011,87,71,16,6173.9,5514.78,659.12,Sunday,NH,H,HHW
KK Nagar ATM,23-01-2011,110,96,14,6206.0,5433.46,772.54,Sunday,NH,H,HHW
Christ College ATM,23-01-2011,45,29,16,4547.5,3727.8799999999997,819.62,Sunday,NH,H,HHW
Big Street ATM,24-01-2011,26,21,5,2223.46,1911.02,312.44,Monday,NH,W,HWW
Mount Road ATM,24-01-2011,153,71,82,10676.46,5970.599999999999,4705.86,Monday,NH,W,HWW
Airport ATM,24-01-2011,85,60,25,5302.92,4324.94,977.9799999999999,Monday,NH,W,HWW
KK Nagar ATM,24-01-2011,207,155,52,17130.7,13233.76,3896.9399999999996,Monday,NH,W,HWW
Christ College ATM,24-01-2011,100,43,57,8791.119999999999,4461.9,4329.219999999999,Monday,NH,W,HWW
Big Street ATM,25-01-2011,39,21,18,2993.8599999999997,1318.24,1675.62,Tuesday,NH,W,WHW
Mount Road ATM,25-01-2011,140,81,59,9401.019999999999,6030.5199999999995,3370.5,Tuesday,NH,W,WHW
Airport ATM,25-01-2011,83,65,18,7770.339999999999,7008.5,761.8399999999999,Tuesday,NH,W,WHW
KK Nagar ATM,25-01-2011,178,154,24,13203.8,11853.46,1350.34,Tuesday,NH,W,WHW
Christ College ATM,25-01-2011,89,47,42,6974.259999999999,4151.599999999999,2822.66,Tuesday,NH,W,WHW
Big Street ATM,26-01-2011,18,9,9,866.6999999999999,485.78,380.91999999999996,Wednesday,N,H,WHW
Mount Road ATM,26-01-2011,134,46,88,5465.5599999999995,2056.54,3409.02,Wednesday,N,H,WHW
Airport ATM,26-01-2011,91,56,35,5311.48,4265.0199999999995,1046.46,Wednesday,N,H,WHW
KK Nagar ATM,26-01-2011,157,142,15,10398.26,9689.92,708.3399999999999,Wednesday,N,H,WHW
Christ College ATM,26-01-2011,69,26,43,5529.759999999999,2165.68,3364.08,Wednesday,N,H,WHW
Big Street ATM,27-01-2011,26,17,9,1782.62,1502.28,280.34,Thursday,NH,W,HWW
Mount Road ATM,27-01-2011,147,67,80,9876.1,5519.0599999999995,4357.04,Thursday,NH,W,HWW
Airport ATM,27-01-2011,93,68,25,8604.939999999999,6216.7,2388.24,Thursday,NH,W,HWW
KK Nagar ATM,27-01-2011,181,144,37,15470.06,12420.56,3049.5,Thursday,NH,W,HWW
Christ College ATM,27-01-2011,96,41,55,7196.82,4874.92,2321.9,Thursday,NH,W,HWW
Big Street ATM,28-01-2011,22,15,7,1525.82,1048.6,477.21999999999997,Friday,NH,W,WWH
Mount Road ATM,28-01-2011,126,69,57,7196.82,4793.599999999999,2403.22,Friday,NH,W,WWH
Airport ATM,28-01-2011,77,55,22,4104.5199999999995,3357.66,746.86,Friday,NH,W,WWH
KK Nagar ATM,28-01-2011,193,166,27,18707.879999999997,16899.579999999998,1808.3,Friday,NH,W,WWH
Christ College ATM,28-01-2011,77,36,41,5446.299999999999,3625.16,1821.1399999999999,Friday,NH,W,WWH
Big Street ATM,29-01-2011,53,15,38,3498.8999999999996,1005.8,2493.1,Saturday,NH,H,WHH
Mount Road ATM,29-01-2011,124,59,65,9159.199999999999,5578.98,3580.22,Saturday,NH,H,WHH
Airport ATM,29-01-2011,82,60,22,8230.439999999999,7455.759999999999,774.68,Saturday,NH,H,WHH
KK Nagar ATM,29-01-2011,269,221,48,23159.079999999998,19540.34,3618.74,Saturday,NH,H,WHH
Christ College ATM,29-01-2011,87,50,37,9916.76,6830.879999999999,3085.8799999999997,Saturday,NH,H,WHH
Big Street ATM,30-01-2011,18,10,8,879.54,552.12,327.41999999999996,Sunday,NH,H,HHW
Mount Road ATM,30-01-2011,137,53,84,6342.96,3635.8599999999997,2707.1,Sunday,NH,H,HHW
Airport ATM,30-01-2011,58,42,16,4160.16,3717.18,442.97999999999996,Sunday,NH,H,HHW
KK Nagar ATM,30-01-2011,143,121,22,11065.939999999999,9993.8,1072.1399999999999,Sunday,NH,H,HHW
Christ College ATM,30-01-2011,75,27,48,5932.08,2728.5,3203.58,Sunday,NH,H,HHW
Big Street ATM,31-01-2011,23,13,10,1515.12,537.14,977.9799999999999,Monday,NH,W,HWW
Mount Road ATM,31-01-2011,142,82,60,11023.14,5623.92,5399.219999999999,Monday,NH,W,HWW
Airport ATM,31-01-2011,96,74,22,11256.4,9345.38,1911.02,Monday,NH,W,HWW
KK Nagar ATM,31-01-2011,302,244,58,28040.42,22249.579999999998,5790.84,Monday,NH,W,HWW
Christ College ATM,31-01-2011,91,39,52,7898.74,3830.6,4068.14,Monday,NH,W,HWW
Big Street ATM,1/2/2011,36,17,19,3460.3799999999997,2595.8199999999997,864.56,Tuesday,NH,W,WWW
Mount Road ATM,1/2/2011,164,106,58,13520.519999999999,10199.24,3321.2799999999997,Tuesday,NH,W,WWW
Airport ATM,1/2/2011,105,78,27,12371.34,9388.18,2983.16,Tuesday,NH,W,WWW
KK Nagar ATM,1/2/2011,221,183,38,20507.62,16497.26,4010.3599999999997,Tuesday,NH,W,WWW
Christ College ATM,1/2/2011,97,31,66,9244.8,3389.7599999999998,5855.04,Tuesday,NH,W,WWW
Big Street ATM,2/2/2011,19,13,6,1694.8799999999999,1508.6999999999998,186.17999999999998,Wednesday,NH,W,WWW
Mount Road ATM,2/2/2011,164,93,71,15298.859999999999,10593.0,4705.86,Wednesday,NH,W,WWW
Airport ATM,2/2/2011,104,72,32,10100.8,7383.0,2717.7999999999997,Wednesday,NH,W,WWW
KK Nagar ATM,2/2/2011,271,196,75,24821.859999999997,17845.46,6976.4,Wednesday,NH,W,WWW
Christ College ATM,2/2/2011,133,55,78,15292.439999999999,7049.16,8243.279999999999,Wednesday,NH,W,WWW
Big Street ATM,3/2/2011,40,26,14,3590.9199999999996,2608.66,982.26,Thursday,NH,W,WWW
Mount Road ATM,3/2/2011,170,82,88,12690.199999999999,9118.539999999999,3571.66,Thursday,NH,W,WWW
Airport ATM,3/2/2011,114,95,19,10010.92,8641.32,1369.6,Thursday,NH,W,WWW
KK Nagar ATM,3/2/2011,198,164,34,17620.76,15658.38,1962.3799999999999,Thursday,NH,W,WWW
Christ College ATM,3/2/2011,80,36,44,7699.719999999999,3689.3599999999997,4010.3599999999997,Thursday,NH,W,WWW
Big Street ATM,4/2/2011,28,18,10,2411.7799999999997,1769.78,642.0,Friday,NH,W,WWH
Mount Road ATM,4/2/2011,185,91,94,13175.98,7389.419999999999,5786.5599999999995,Friday,NH,W,WWH
Airport ATM,4/2/2011,114,93,21,11444.72,9595.76,1848.9599999999998,Friday,NH,W,WWH
KK Nagar ATM,4/2/2011,221,181,40,19668.739999999998,16987.32,2681.42,Friday,NH,W,WWH
Christ College ATM,4/2/2011,78,38,40,8185.5,4714.42,3471.08,Friday,NH,W,WWH
Big Street ATM,5/2/2011,23,13,10,3081.6,1962.3799999999999,1119.22,Saturday,NH,H,WHH
Mount Road ATM,5/2/2011,249,112,137,21551.94,13636.08,7915.86,Saturday,NH,H,WHH
Airport ATM,5/2/2011,110,75,35,11132.279999999999,7864.5,3267.7799999999997,Saturday,NH,H,WHH
KK Nagar ATM,5/2/2011,203,165,38,16424.5,14526.32,1898.1799999999998,Saturday,NH,H,WHH
Christ College ATM,5/2/2011,100,46,54,9197.72,4936.98,4260.74,Saturday,NH,H,WHH
Big Street ATM,6/2/2011,32,14,18,2362.56,1262.6,1099.96,Sunday,NH,H,HHW
Mount Road ATM,6/2/2011,175,63,112,10697.859999999999,5138.139999999999,5559.719999999999,Sunday,NH,H,HHW
Airport ATM,6/2/2011,128,64,64,10248.46,6049.78,4198.679999999999,Sunday,NH,H,HHW
KK Nagar ATM,6/2/2011,159,106,53,8290.359999999999,5568.28,2722.08,Sunday,NH,H,HHW
Christ College ATM,6/2/2011,92,28,64,6255.219999999999,1686.32,4568.9,Sunday,NH,H,HHW
Big Street ATM,7/2/2011,28,13,15,1718.4199999999998,826.04,892.38,Monday,NH,W,HWW
Mount Road ATM,7/2/2011,176,95,81,13327.92,8324.6,5003.32,Monday,NH,W,HWW
Airport ATM,7/2/2011,110,63,47,9424.56,6595.48,2829.08,Monday,NH,W,HWW
KK Nagar ATM,7/2/2011,223,162,61,18181.44,13454.179999999998,4727.259999999999,Monday,NH,W,HWW
Christ College ATM,7/2/2011,110,48,62,9202.0,4078.8399999999997,5123.16,Monday,NH,W,HWW
Big Street ATM,8/2/2011,42,20,22,3751.4199999999996,1921.7199999999998,1829.6999999999998,Tuesday,NH,W,WWW
Mount Road ATM,8/2/2011,198,94,104,13272.279999999999,7594.86,5677.42,Tuesday,NH,W,WWW
Airport ATM,8/2/2011,121,92,29,13036.88,11307.76,1729.12,Tuesday,NH,W,WWW
KK Nagar ATM,8/2/2011,209,175,34,17077.2,14633.32,2443.8799999999997,Tuesday,NH,W,WWW
Christ College ATM,8/2/2011,93,45,48,7340.2,3755.7,3584.5,Tuesday,NH,W,WWW
Big Street ATM,9/2/2011,32,14,18,2024.4399999999998,918.06,1106.3799999999999,Wednesday,NH,W,WWW
Mount Road ATM,9/2/2011,176,102,74,13890.74,9266.199999999999,4624.54,Wednesday,NH,W,WWW
Airport ATM,9/2/2011,108,71,37,10866.92,8198.34,2668.58,Wednesday,NH,W,WWW
KK Nagar ATM,9/2/2011,225,162,63,21483.46,16341.039999999999,5142.42,Wednesday,NH,W,WWW
Christ College ATM,9/2/2011,81,33,48,8166.24,3293.46,4872.78,Wednesday,NH,W,WWW
Big Street ATM,10/2/2011,31,15,16,1671.34,851.7199999999999,819.62,Thursday,NH,W,WWW
Mount Road ATM,10/2/2011,175,98,77,10881.9,6865.12,4016.7799999999997,Thursday,NH,W,WWW
Airport ATM,10/2/2011,107,85,22,9775.519999999999,8448.72,1326.8,Thursday,NH,W,WWW
KK Nagar ATM,10/2/2011,198,156,42,16413.8,13201.66,3212.14,Thursday,NH,W,WWW
Christ College ATM,10/2/2011,91,44,47,7453.62,5069.66,2383.96,Thursday,NH,W,WWW
Big Street ATM,11/2/2011,31,16,15,2298.3599999999997,1733.3999999999999,564.9599999999999,Friday,NH,W,WWW
Mount Road ATM,11/2/2011,168,79,89,9897.5,6931.46,2966.04,Friday,NH,W,WWW
Airport ATM,11/2/2011,80,59,21,8690.539999999999,7402.259999999999,1288.28,Friday,NH,W,WWW
KK Nagar ATM,11/2/2011,177,158,19,13171.699999999999,12469.779999999999,701.92,Friday,NH,W,WWW
Christ College ATM,11/2/2011,78,30,48,8844.619999999999,3287.04,5557.58,Friday,NH,W,WWW
Big Street ATM,12/2/2011,45,17,28,3064.48,1429.52,1634.9599999999998,Saturday,NH,H,WHH
Mount Road ATM,12/2/2011,172,81,91,7641.94,3058.06,4583.88,Saturday,NH,H,WHH
Airport ATM,12/2/2011,116,86,30,9184.88,7633.379999999999,1551.5,Saturday,NH,H,WHH
KK Nagar ATM,12/2/2011,227,197,30,17173.5,14676.119999999999,2497.3799999999997,Saturday,NH,H,WHH
Christ College ATM,12/2/2011,99,49,50,9692.06,5559.719999999999,4132.34,Saturday,NH,H,WHH
Big Street ATM,13-02-2011,28,16,12,1602.86,1162.02,440.84,Sunday,NH,H,HHW
Mount Road ATM,13-02-2011,145,50,95,7691.16,4859.94,2831.22,Sunday,NH,H,HHW
Airport ATM,13-02-2011,91,63,28,6165.339999999999,5457.0,708.3399999999999,Sunday,NH,H,HHW
KK Nagar ATM,13-02-2011,137,108,29,7932.98,5846.48,2086.5,Sunday,NH,H,HHW
Christ College ATM,13-02-2011,40,19,21,2546.6,1209.1,1337.5,Sunday,NH,H,HHW
Big Street ATM,14-02-2011,33,17,16,2503.7999999999997,1797.6,706.1999999999999,Monday,NH,W,HWW
Mount Road ATM,14-02-2011,153,78,75,8840.34,5780.139999999999,3060.2,Monday,NH,W,HWW
Airport ATM,14-02-2011,86,69,17,7828.12,6563.38,1264.74,Monday,NH,W,HWW
KK Nagar ATM,14-02-2011,207,162,45,16933.82,13148.16,3785.66,Monday,NH,W,HWW
Christ College ATM,14-02-2011,38,17,21,3704.3399999999997,2000.8999999999999,1703.4399999999998,Monday,NH,W,HWW
Big Street ATM,15-02-2011,34,17,17,2647.18,1654.22,992.9599999999999,Tuesday,NH,W,WWH
Mount Road ATM,15-02-2011,154,97,57,10697.859999999999,8414.48,2283.3799999999997,Tuesday,NH,W,WWH
Airport ATM,15-02-2011,98,78,20,7746.799999999999,6912.2,834.5999999999999,Tuesday,NH,W,WWH
KK Nagar ATM,15-02-2011,208,167,41,19048.14,15003.539999999999,4044.6,Tuesday,NH,W,WWH
Christ College ATM,15-02-2011,93,59,34,7654.78,5305.0599999999995,2349.72,Tuesday,NH,W,WWH
Big Street ATM,16-02-2011,14,6,8,507.17999999999995,119.83999999999999,387.34,Wednesday,M,H,WHW
Mount Road ATM,16-02-2011,131,58,73,6790.219999999999,4038.18,2752.04,Wednesday,M,H,WHW
Airport ATM,16-02-2011,65,51,14,5947.0599999999995,5311.48,635.5799999999999,Wednesday,M,H,WHW
KK Nagar ATM,16-02-2011,162,125,37,10319.08,8553.58,1765.5,Wednesday,M,H,WHW
Christ College ATM,16-02-2011,55,22,33,3147.94,1369.6,1778.34,Wednesday,M,H,WHW
Big Street ATM,17-02-2011,26,15,11,2133.58,1423.1,710.48,Thursday,NH,W,HWW
Mount Road ATM,17-02-2011,160,83,77,11767.859999999999,6689.639999999999,5078.219999999999,Thursday,NH,W,HWW
Airport ATM,17-02-2011,77,62,15,6255.219999999999,5825.08,430.14,Thursday,NH,W,HWW
KK Nagar ATM,17-02-2011,230,203,27,21363.62,18802.039999999997,2561.58,Thursday,NH,W,HWW
Christ College ATM,17-02-2011,77,26,51,6261.639999999999,2433.18,3828.4599999999996,Thursday,NH,W,HWW
Big Street ATM,18-02-2011,35,24,11,3034.52,2711.3799999999997,323.14,Friday,NH,W,WWH
Mount Road ATM,18-02-2011,167,74,93,10361.88,5647.46,4714.42,Friday,NH,W,WWH
Airport ATM,18-02-2011,64,52,12,5183.08,4971.219999999999,211.85999999999999,Friday,NH,W,WWH
KK Nagar ATM,18-02-2011,159,139,20,11620.199999999999,10605.84,1014.3599999999999,Friday,NH,W,WWH
Christ College ATM,18-02-2011,66,24,42,4292.84,1279.72,3013.12,Friday,NH,W,WWH
Big Street ATM,19-02-2011,15,8,7,1162.02,928.76,233.26,Saturday,NH,H,WHH
Mount Road ATM,19-02-2011,185,78,107,9445.96,5427.04,4018.9199999999996,Saturday,NH,H,WHH
Airport ATM,19-02-2011,113,81,32,9719.88,7654.78,2065.1,Saturday,NH,H,WHH
KK Nagar ATM,19-02-2011,198,164,34,18367.62,16195.519999999999,2172.1,Saturday,NH,H,WHH
Christ College ATM,19-02-2011,74,41,33,8555.72,4834.259999999999,3721.4599999999996,Saturday,NH,H,WHH
Big Street ATM,20-02-2011,20,6,14,1198.3999999999999,280.34,918.06,Sunday,NH,H,HHW
Mount Road ATM,20-02-2011,165,40,125,8716.22,2568.0,6148.219999999999,Sunday,NH,H,HHW
Airport ATM,20-02-2011,101,82,19,7442.919999999999,6717.46,725.4599999999999,Sunday,NH,H,HHW
KK Nagar ATM,20-02-2011,132,108,24,6464.94,4752.94,1712.0,Sunday,NH,H,HHW
Christ College ATM,20-02-2011,62,16,46,3625.16,1318.24,2306.92,Sunday,NH,H,HHW
Big Street ATM,21-02-2011,23,12,11,1373.8799999999999,1031.48,342.4,Monday,NH,W,HWW
Mount Road ATM,21-02-2011,158,52,106,9766.96,3246.3799999999997,6520.58,Monday,NH,W,HWW
Airport ATM,21-02-2011,72,54,18,6111.839999999999,4763.639999999999,1348.1999999999998,Monday,NH,W,HWW
KK Nagar ATM,21-02-2011,176,147,29,14106.88,12369.199999999999,1737.6799999999998,Monday,NH,W,HWW
Christ College ATM,21-02-2011,61,32,29,3064.48,2204.2,860.28,Monday,NH,W,HWW
Big Street ATM,22-02-2011,35,17,18,3049.5,2007.32,1042.1799999999998,Tuesday,NH,W,WWW
Mount Road ATM,22-02-2011,145,79,66,10254.88,7541.36,2713.52,Tuesday,NH,W,WWW
Airport ATM,22-02-2011,81,67,14,7498.5599999999995,6777.379999999999,721.18,Tuesday,NH,W,WWW
KK Nagar ATM,22-02-2011,170,139,31,13360.019999999999,11500.359999999999,1859.6599999999999,Tuesday,NH,W,WWW
Christ College ATM,22-02-2011,100,47,53,7935.12,4284.28,3650.8399999999997,Tuesday,NH,W,WWW
Big Street ATM,23-02-2011,31,19,12,1966.6599999999999,1221.9399999999998,744.7199999999999,Wednesday,NH,W,WWW
Mount Road ATM,23-02-2011,142,72,70,8125.58,5082.5,3043.08,Wednesday,NH,W,WWW
Airport ATM,23-02-2011,84,66,18,9289.74,7545.639999999999,1744.1,Wednesday,NH,W,WWW
KK Nagar ATM,23-02-2011,179,151,28,15076.3,13974.199999999999,1102.1,Wednesday,NH,W,WWW
Christ College ATM,23-02-2011,63,31,32,5685.98,3537.4199999999996,2148.56,Wednesday,NH,W,WWW
Big Street ATM,24-02-2011,30,12,18,1598.58,719.04,879.54,Thursday,NH,W,WWW
Mount Road ATM,24-02-2011,127,65,62,8380.24,5204.48,3175.7599999999998,Thursday,NH,W,WWW
Airport ATM,24-02-2011,67,47,20,4401.98,3471.08,930.9,Thursday,NH,W,WWW
KK Nagar ATM,24-02-2011,173,156,17,13854.359999999999,12895.64,958.7199999999999,Thursday,NH,W,WWW
Christ College ATM,24-02-2011,76,33,43,5469.84,2426.7599999999998,3043.08,Thursday,NH,W,WWW
Big Street ATM,25-02-2011,22,15,7,721.18,554.26,166.92,Friday,NH,W,WWH
Mount Road ATM,25-02-2011,132,63,69,7261.0199999999995,4119.5,3141.52,Friday,NH,W,WWH
Airport ATM,25-02-2011,85,65,20,6233.82,4894.179999999999,1339.6399999999999,Friday,NH,W,WWH
KK Nagar ATM,25-02-2011,178,149,29,11827.779999999999,9906.06,1921.7199999999998,Friday,NH,W,WWH
Christ College ATM,25-02-2011,70,31,39,4290.7,2148.56,2142.14,Friday,NH,W,WWH
Big Street ATM,26-02-2011,23,7,16,2559.44,1114.94,1444.5,Saturday,NH,H,WHH
Mount Road ATM,26-02-2011,169,102,67,10070.84,7308.099999999999,2762.74,Saturday,NH,H,WHH
Airport ATM,26-02-2011,132,90,42,13017.619999999999,9728.439999999999,3289.18,Saturday,NH,H,WHH
KK Nagar ATM,26-02-2011,206,174,32,16694.14,14733.9,1960.24,Saturday,NH,H,WHH
Christ College ATM,26-02-2011,91,37,54,8042.12,4222.219999999999,3819.8999999999996,Saturday,NH,H,WHH
Big Street ATM,27-02-2011,15,9,6,385.2,241.82,143.38,Sunday,NH,H,HHW
Mount Road ATM,27-02-2011,7,2,5,173.34,32.1,141.23999999999998,Sunday,NH,H,HHW
Airport ATM,27-02-2011,91,55,36,6420.0,3685.08,2734.92,Sunday,NH,H,HHW
KK Nagar ATM,27-02-2011,76,66,10,4102.38,3588.7799999999997,513.6,Sunday,NH,H,HHW
Christ College ATM,27-02-2011,67,26,41,6071.179999999999,2786.2799999999997,3284.8999999999996,Sunday,NH,H,HHW
Big Street ATM,28-02-2011,39,22,17,3188.6,1493.72,1694.8799999999999,Monday,NH,W,HWW
Mount Road ATM,28-02-2011,157,96,61,12257.92,8241.14,4016.7799999999997,Monday,NH,W,HWW
Airport ATM,28-02-2011,105,92,13,7579.879999999999,6993.5199999999995,586.36,Monday,NH,W,HWW
KK Nagar ATM,28-02-2011,229,197,32,20563.26,17398.2,3165.06,Monday,NH,W,HWW
Christ College ATM,28-02-2011,112,54,58,8536.46,3961.14,4575.32,Monday,NH,W,HWW
Big Street ATM,1/3/2011,29,14,15,2264.12,1399.56,864.56,Tuesday,NH,W,WWW
Mount Road ATM,1/3/2011,197,107,90,15622.0,10809.14,4812.86,Tuesday,NH,W,WWW
Airport ATM,1/3/2011,119,101,18,11108.74,9955.279999999999,1153.46,Tuesday,NH,W,WWW
KK Nagar ATM,1/3/2011,223,186,37,22296.66,19013.899999999998,3282.7599999999998,Tuesday,NH,W,WWW
Christ College ATM,1/3/2011,92,39,53,10267.72,4894.179999999999,5373.54,Tuesday,NH,W,WWW
Big Street ATM,2/3/2011,37,15,22,3066.62,1427.3799999999999,1639.24,Wednesday,NH,W,WWW
Mount Road ATM,2/3/2011,153,118,35,13071.119999999999,10839.099999999999,2232.02,Wednesday,NH,W,WWW
Airport ATM,2/3/2011,116,94,22,13199.519999999999,11746.46,1453.06,Wednesday,NH,W,WWW
KK Nagar ATM,2/3/2011,243,197,46,22324.48,18371.899999999998,3952.58,Wednesday,NH,W,WWW
Christ College ATM,2/3/2011,118,41,77,13657.48,5825.08,7832.4,Wednesday,NH,W,WWW
Big Street ATM,3/3/2011,29,9,20,2334.74,885.9599999999999,1448.78,Thursday,H,W,WWW
Mount Road ATM,3/3/2011,212,116,96,16409.52,10145.74,6263.78,Thursday,H,W,WWW
Airport ATM,3/3/2011,66,52,14,7335.919999999999,6285.179999999999,1050.74,Thursday,H,W,WWW
KK Nagar ATM,3/3/2011,242,193,49,22330.899999999998,18053.04,4277.86,Thursday,H,W,WWW
Christ College ATM,3/3/2011,94,49,45,8669.14,4500.42,4168.719999999999,Thursday,H,W,WWW
Big Street ATM,4/3/2011,41,25,16,3575.9399999999996,2073.66,1502.28,Friday,NH,W,WWH
Mount Road ATM,4/3/2011,203,101,102,15812.46,10533.08,5279.38,Friday,NH,W,WWH
Airport ATM,4/3/2011,108,80,28,9266.199999999999,7299.54,1966.6599999999999,Friday,NH,W,WWH
KK Nagar ATM,4/3/2011,203,174,29,15378.039999999999,13250.88,2127.16,Friday,NH,W,WWH
Christ College ATM,4/3/2011,88,49,39,9071.46,5512.639999999999,3558.8199999999997,Friday,NH,W,WWH
Big Street ATM,5/3/2011,39,24,15,2482.4,1928.1399999999999,554.26,Saturday,NH,H,WHH
Mount Road ATM,5/3/2011,254,122,132,21519.84,14652.58,6867.259999999999,Saturday,NH,H,WHH
Airport ATM,5/3/2011,118,96,22,12536.119999999999,10498.84,2037.28,Saturday,NH,H,WHH
KK Nagar ATM,5/3/2011,254,209,45,16084.24,13595.42,2488.8199999999997,Saturday,NH,H,WHH
Christ College ATM,5/3/2011,117,57,60,12461.22,7021.339999999999,5439.88,Saturday,NH,H,WHH
Big Street ATM,6/3/2011,42,16,26,2358.2799999999997,1232.6399999999999,1125.6399999999999,Sunday,NH,H,HHW
Mount Road ATM,6/3/2011,213,62,151,14308.039999999999,7892.32,6415.719999999999,Sunday,NH,H,HHW
Airport ATM,6/3/2011,107,77,30,9172.039999999999,7609.839999999999,1562.1999999999998,Sunday,NH,H,HHW
KK Nagar ATM,6/3/2011,172,119,53,13648.92,10340.48,3308.44,Sunday,NH,H,HHW
Christ College ATM,6/3/2011,76,21,55,7134.759999999999,2454.58,4680.179999999999,Sunday,NH,H,HHW
Big Street ATM,7/3/2011,28,18,10,2381.8199999999997,1581.4599999999998,800.36,Monday,NH,W,HWW
Mount Road ATM,7/3/2011,194,111,83,13800.859999999999,10306.24,3494.62,Monday,NH,W,HWW
Airport ATM,7/3/2011,104,84,20,8769.72,6636.139999999999,2133.58,Monday,NH,W,HWW
KK Nagar ATM,7/3/2011,229,177,52,14275.939999999999,10817.699999999999,3458.24,Monday,NH,W,HWW
Christ College ATM,7/3/2011,74,34,40,4960.5199999999995,2876.16,2084.3599999999997,Monday,NH,W,HWW
Big Street ATM,8/3/2011,45,27,18,2876.16,1746.24,1129.9199999999998,Tuesday,NH,W,WWW
Mount Road ATM,8/3/2011,218,133,85,20338.559999999998,16976.62,3361.9399999999996,Tuesday,NH,W,WWW
Airport ATM,8/3/2011,160,107,53,14352.98,10060.14,4292.84,Tuesday,NH,W,WWW
KK Nagar ATM,8/3/2011,220,169,51,17400.34,13214.5,4185.84,Tuesday,NH,W,WWW
Christ College ATM,8/3/2011,91,38,53,6912.2,3096.58,3815.62,Tuesday,NH,W,WWW
Big Street ATM,9/3/2011,32,22,10,3704.3399999999997,3051.64,652.6999999999999,Wednesday,NH,W,WWW
Mount Road ATM,9/3/2011,197,106,91,13287.259999999998,8970.88,4316.38,Wednesday,NH,W,WWW
Airport ATM,9/3/2011,127,97,30,13736.66,11943.34,1793.32,Wednesday,NH,W,WWW
KK Nagar ATM,9/3/2011,286,231,55,29442.12,24541.52,4900.599999999999,Wednesday,NH,W,WWW
Christ College ATM,9/3/2011,109,65,44,9644.98,6163.2,3481.7799999999997,Wednesday,NH,W,WWW
Big Street ATM,10/3/2011,25,17,8,2730.64,2161.4,569.24,Thursday,NH,W,WWW
Mount Road ATM,10/3/2011,132,76,56,11339.859999999999,7475.0199999999995,3864.8399999999997,Thursday,NH,W,WWW
Airport ATM,10/3/2011,113,89,24,7973.639999999999,6411.44,1562.1999999999998,Thursday,NH,W,WWW
KK Nagar ATM,10/3/2011,205,153,52,16261.859999999999,11453.279999999999,4808.58,Thursday,NH,W,WWW
Christ College ATM,10/3/2011,93,40,53,8241.14,3103.0,5138.139999999999,Thursday,NH,W,WWW
Big Street ATM,11/3/2011,27,13,14,2358.2799999999997,1072.1399999999999,1286.1399999999999,Friday,NH,W,WWW
Mount Road ATM,11/3/2011,146,72,74,9439.539999999999,5634.62,3804.9199999999996,Friday,NH,W,WWW
Airport ATM,11/3/2011,75,56,19,6407.16,5099.62,1307.54,Friday,NH,W,WWW
KK Nagar ATM,11/3/2011,180,152,28,11008.16,9157.06,1851.1,Friday,NH,W,WWW
Christ College ATM,11/3/2011,77,37,40,6696.0599999999995,3597.3399999999997,3098.72,Friday,NH,W,WWW
Big Street ATM,12/3/2011,30,11,19,1763.36,1264.74,498.61999999999995,Saturday,NH,H,WHH
Mount Road ATM,12/3/2011,156,88,68,10762.06,6723.879999999999,4038.18,Saturday,NH,H,WHH
Airport ATM,12/3/2011,132,101,31,13567.599999999999,11222.16,2345.44,Saturday,NH,H,WHH
KK Nagar ATM,12/3/2011,196,169,27,12491.179999999998,10687.16,1804.02,Saturday,NH,H,WHH
Christ College ATM,12/3/2011,67,36,31,5613.219999999999,2099.3399999999997,3513.8799999999997,Saturday,NH,H,WHH
Big Street ATM,13-03-2011,41,22,19,2882.58,1628.54,1254.04,Sunday,NH,H,HHW
Mount Road ATM,13-03-2011,157,41,116,6458.5199999999995,2557.2999999999997,3901.22,Sunday,NH,H,HHW
Airport ATM,13-03-2011,93,67,26,7611.98,6522.719999999999,1089.26,Sunday,NH,H,HHW
KK Nagar ATM,13-03-2011,113,90,23,6034.799999999999,5078.219999999999,956.5799999999999,Sunday,NH,H,HHW
Christ College ATM,13-03-2011,52,19,33,3278.48,1172.72,2105.7599999999998,Sunday,NH,H,HHW
Big Street ATM,14-03-2011,25,16,9,1628.54,1074.28,554.26,Monday,NH,W,HWW
Mount Road ATM,14-03-2011,160,91,69,12129.519999999999,7342.339999999999,4787.179999999999,Monday,NH,W,HWW
Airport ATM,14-03-2011,100,72,28,10158.58,7607.7,2550.8799999999997,Monday,NH,W,HWW
KK Nagar ATM,14-03-2011,212,177,35,17212.02,15161.9,2050.12,Monday,NH,W,HWW
Christ College ATM,14-03-2011,77,38,39,6060.48,3295.6,2764.8799999999997,Monday,NH,W,HWW
Big Street ATM,15-03-2011,33,11,22,2379.68,905.2199999999999,1474.46,Tuesday,NH,W,WWW
Mount Road ATM,15-03-2011,145,75,70,10978.199999999999,7494.28,3483.9199999999996,Tuesday,NH,W,WWW
Airport ATM,15-03-2011,94,73,21,11010.3,9871.82,1138.48,Tuesday,NH,W,WWW
KK Nagar ATM,15-03-2011,185,165,20,16227.619999999999,14823.779999999999,1403.84,Tuesday,NH,W,WWW
Christ College ATM,15-03-2011,61,31,30,3935.4599999999996,1919.58,2015.8799999999999,Tuesday,NH,W,WWW
Big Street ATM,16-03-2011,38,17,21,2807.68,1450.9199999999998,1356.76,Wednesday,NH,W,WWW
Mount Road ATM,16-03-2011,152,86,66,11247.84,7201.099999999999,4046.74,Wednesday,NH,W,WWW
Airport ATM,16-03-2011,95,68,27,9358.22,6499.179999999999,2859.04,Wednesday,NH,W,WWW
KK Nagar ATM,16-03-2011,203,162,41,17886.12,14965.019999999999,2921.1,Wednesday,NH,W,WWW
Christ College ATM,16-03-2011,61,32,29,4712.28,2968.18,1744.1,Wednesday,NH,W,WWW
Big Street ATM,17-03-2011,23,15,8,1632.82,1354.62,278.2,Thursday,NH,W,WWW
Mount Road ATM,17-03-2011,124,82,42,8463.699999999999,6263.78,2199.92,Thursday,NH,W,WWW
Airport ATM,17-03-2011,92,71,21,8144.839999999999,6593.339999999999,1551.5,Thursday,NH,W,WWW
KK Nagar ATM,17-03-2011,171,140,31,12405.58,10060.14,2345.44,Thursday,NH,W,WWW
Christ College ATM,17-03-2011,55,29,26,5110.32,3096.58,2013.7399999999998,Thursday,NH,W,WWW
Big Street ATM,18-03-2011,27,17,10,2084.3599999999997,1429.52,654.8399999999999,Friday,NH,W,WWH
Mount Road ATM,18-03-2011,183,77,106,11419.039999999999,5974.88,5444.16,Friday,NH,W,WWH
Airport ATM,18-03-2011,83,59,24,7766.0599999999995,6126.82,1639.24,Friday,NH,W,WWH
KK Nagar ATM,18-03-2011,170,140,30,14338.0,11622.34,2715.66,Friday,NH,W,WWH
Christ College ATM,18-03-2011,74,48,26,6206.0,4113.08,2092.92,Friday,NH,W,WWH
Big Street ATM,19-03-2011,32,14,18,2018.02,920.1999999999999,1097.82,Saturday,NH,H,WHH
Mount Road ATM,19-03-2011,214,90,124,11641.599999999999,7213.94,4427.66,Saturday,NH,H,WHH
Airport ATM,19-03-2011,96,73,23,7605.5599999999995,6779.5199999999995,826.04,Saturday,NH,H,WHH
KK Nagar ATM,19-03-2011,187,155,32,12146.64,10237.76,1908.8799999999999,Saturday,NH,H,WHH
Christ College ATM,19-03-2011,92,50,42,7395.839999999999,5007.599999999999,2388.24,Saturday,NH,H,WHH
Big Street ATM,20-03-2011,6,3,3,196.88,70.61999999999999,126.25999999999999,Sunday,H,H,HHW
Mount Road ATM,20-03-2011,142,40,102,8457.279999999999,4714.42,3742.8599999999997,Sunday,H,H,HHW
Airport ATM,20-03-2011,92,65,27,6426.42,5129.58,1296.84,Sunday,H,H,HHW
KK Nagar ATM,20-03-2011,111,87,24,5949.2,3796.3599999999997,2152.8399999999997,Sunday,H,H,HHW
Christ College ATM,20-03-2011,48,27,21,3518.16,2572.2799999999997,945.88,Sunday,H,H,HHW
Big Street ATM,21-03-2011,27,19,8,2127.16,1420.96,706.1999999999999,Monday,NH,W,HWW
Mount Road ATM,21-03-2011,138,75,63,7190.4,5093.2,2097.2,Monday,NH,W,HWW
Airport ATM,21-03-2011,110,85,25,11080.92,9420.279999999999,1660.6399999999999,Monday,NH,W,HWW
KK Nagar ATM,21-03-2011,219,174,45,15525.699999999999,11725.06,3800.64,Monday,NH,W,HWW
Christ College ATM,21-03-2011,60,36,24,6156.78,4573.179999999999,1583.6,Monday,NH,W,HWW
Big Street ATM,22-03-2011,27,9,18,1018.64,269.64,749.0,Tuesday,NH,W,WWW
Mount Road ATM,22-03-2011,145,64,81,6173.9,3616.6,2557.2999999999997,Tuesday,NH,W,WWW
Airport ATM,22-03-2011,76,58,18,5551.16,4626.679999999999,924.4799999999999,Tuesday,NH,W,WWW
KK Nagar ATM,22-03-2011,205,167,38,15987.939999999999,12219.4,3768.54,Tuesday,NH,W,WWW
Christ College ATM,22-03-2011,69,38,31,5354.28,3708.62,1645.6599999999999,Tuesday,NH,W,WWW
Big Street ATM,23-03-2011,15,8,7,1129.9199999999998,973.6999999999999,156.22,Wednesday,NH,W,WWW
Mount Road ATM,23-03-2011,154,86,68,9957.42,7115.5,2841.92,Wednesday,NH,W,WWW
Airport ATM,23-03-2011,93,80,13,10278.42,9157.06,1121.36,Wednesday,NH,W,WWW
KK Nagar ATM,23-03-2011,210,177,33,17087.899999999998,14081.199999999999,3006.7,Wednesday,NH,W,WWW
Christ College ATM,23-03-2011,55,38,17,5076.08,4209.38,866.6999999999999,Wednesday,NH,W,WWW
Big Street ATM,24-03-2011,16,8,8,727.5999999999999,385.2,342.4,Thursday,NH,W,WWW
Mount Road ATM,24-03-2011,112,67,45,7830.259999999999,5131.719999999999,2698.54,Thursday,NH,W,WWW
Airport ATM,24-03-2011,75,61,14,7926.5599999999995,7308.099999999999,618.4599999999999,Thursday,NH,W,WWW
KK Nagar ATM,24-03-2011,161,141,20,12011.82,10712.84,1298.98,Thursday,NH,W,WWW
Christ College ATM,24-03-2011,61,35,26,6505.599999999999,3937.6,2568.0,Thursday,NH,W,WWW
Big Street ATM,25-03-2011,26,16,10,811.06,612.04,199.01999999999998,Friday,NH,W,WWH
Mount Road ATM,25-03-2011,137,86,51,8350.279999999999,6922.9,1427.3799999999999,Friday,NH,W,WWH
Airport ATM,25-03-2011,56,46,10,4958.38,4322.8,635.5799999999999,Friday,NH,W,WWH
KK Nagar ATM,25-03-2011,176,157,19,12688.06,11795.68,892.38,Friday,NH,W,WWH
Christ College ATM,25-03-2011,52,40,12,4419.099999999999,3971.8399999999997,447.26,Friday,NH,W,WWH
Big Street ATM,26-03-2011,17,9,8,883.8199999999999,413.02,470.79999999999995,Saturday,NH,H,WHH
Mount Road ATM,26-03-2011,120,70,50,6858.7,4896.32,1962.3799999999999,Saturday,NH,H,WHH
Airport ATM,26-03-2011,94,83,11,9606.46,8677.699999999999,928.76,Saturday,NH,H,WHH
KK Nagar ATM,26-03-2011,205,182,23,17393.92,15093.42,2300.5,Saturday,NH,H,WHH
Christ College ATM,26-03-2011,62,35,27,4603.139999999999,3434.7,1168.4399999999998,Saturday,NH,H,WHH
Big Street ATM,27-03-2011,41,27,14,1900.32,1373.8799999999999,526.4399999999999,Sunday,NH,H,HHW
Mount Road ATM,27-03-2011,108,49,59,7119.78,3734.2999999999997,3385.48,Sunday,NH,H,HHW
Airport ATM,27-03-2011,98,84,14,7710.419999999999,6777.379999999999,933.04,Sunday,NH,H,HHW
KK Nagar ATM,27-03-2011,117,90,27,7128.339999999999,5951.339999999999,1177.0,Sunday,NH,H,HHW
Christ College ATM,27-03-2011,58,34,24,6124.679999999999,3573.7999999999997,2550.8799999999997,Sunday,NH,H,HHW
Big Street ATM,28-03-2011,32,25,7,3085.8799999999997,2809.8199999999997,276.06,Monday,NH,W,HWW
Mount Road ATM,28-03-2011,128,74,54,8778.279999999999,6411.44,2366.8399999999997,Monday,NH,W,HWW
Airport ATM,28-03-2011,132,94,38,10558.76,7913.719999999999,2645.04,Monday,NH,W,HWW
KK Nagar ATM,28-03-2011,190,165,25,12371.34,11399.779999999999,971.56,Monday,NH,W,HWW
Christ College ATM,28-03-2011,72,48,24,5641.04,4855.66,785.38,Monday,NH,W,HWW
Big Street ATM,29-03-2011,30,13,17,2324.04,911.64,1412.3999999999999,Tuesday,NH,W,WWW
Mount Road ATM,29-03-2011,191,87,104,11530.32,7947.96,3582.3599999999997,Tuesday,NH,W,WWW
Airport ATM,29-03-2011,117,80,37,11198.619999999999,8132.0,3066.62,Tuesday,NH,W,WWW
KK Nagar ATM,29-03-2011,202,161,41,17809.079999999998,14393.64,3415.4399999999996,Tuesday,NH,W,WWW
Christ College ATM,29-03-2011,80,39,41,6377.2,4468.32,1908.8799999999999,Tuesday,NH,W,WWW
Big Street ATM,30-03-2011,32,19,13,2358.2799999999997,1367.46,990.8199999999999,Wednesday,NH,W,WWW
Mount Road ATM,30-03-2011,152,80,72,10167.14,6845.86,3321.2799999999997,Wednesday,NH,W,WWW
Airport ATM,30-03-2011,136,98,38,13430.64,10160.72,3269.9199999999996,Wednesday,NH,W,WWW
KK Nagar ATM,30-03-2011,200,164,36,18177.16,15615.58,2561.58,Wednesday,NH,W,WWW
Christ College ATM,30-03-2011,100,43,57,8551.439999999999,4658.78,3892.66,Wednesday,NH,W,WWW
Big Street ATM,31-03-2011,39,18,21,2820.52,1498.0,1322.52,Thursday,NH,W,WWW
Mount Road ATM,31-03-2011,159,86,73,9769.1,6302.299999999999,3466.7999999999997,Thursday,NH,W,WWW
Airport ATM,31-03-2011,127,103,24,13464.88,10965.359999999999,2499.52,Thursday,NH,W,WWW
KK Nagar ATM,31-03-2011,225,186,39,20593.219999999998,17100.739999999998,3492.48,Thursday,NH,W,WWW
Christ College ATM,31-03-2011,96,53,43,11003.88,8005.74,2998.14,Thursday,NH,W,WWW
Big Street ATM,1/4/2011,43,20,23,2882.58,1624.26,1258.32,Friday,NH,W,WWH
Mount Road ATM,1/4/2011,142,75,67,9946.72,6963.5599999999995,2983.16,Friday,NH,W,WWH
Airport ATM,1/4/2011,96,80,16,10286.98,9109.98,1177.0,Friday,NH,W,WWH
KK Nagar ATM,1/4/2011,184,157,27,11926.22,10871.199999999999,1055.02,Friday,NH,W,WWH
Christ College ATM,1/4/2011,75,29,46,7203.24,4177.28,3025.96,Friday,NH,W,WWH
Big Street ATM,2/4/2011,31,14,17,2792.7,1951.6799999999998,841.02,Saturday,NH,H,WHH
Mount Road ATM,2/4/2011,217,106,111,16614.96,10689.3,5925.66,Saturday,NH,H,WHH
Airport ATM,2/4/2011,126,102,24,11894.119999999999,9961.699999999999,1932.4199999999998,Saturday,NH,H,WHH
KK Nagar ATM,2/4/2011,193,155,38,15583.48,11814.939999999999,3768.54,Saturday,NH,H,WHH
Christ College ATM,2/4/2011,71,33,38,6101.139999999999,3145.7999999999997,2955.3399999999997,Saturday,NH,H,WHH
Big Street ATM,3/4/2011,56,21,35,5088.92,2056.54,3032.3799999999997,Sunday,NH,H,HHW
Mount Road ATM,3/4/2011,162,41,121,9533.699999999999,2942.5,6591.2,Sunday,NH,H,HHW
Airport ATM,3/4/2011,122,82,40,12412.0,8455.14,3956.8599999999997,Sunday,NH,H,HHW
KK Nagar ATM,3/4/2011,155,119,36,12223.679999999998,9953.14,2270.54,Sunday,NH,H,HHW
Christ College ATM,3/4/2011,82,23,59,7126.2,2345.44,4780.759999999999,Sunday,NH,H,HHW
Big Street ATM,4/4/2011,20,8,12,2161.4,1162.02,999.38,Monday,H,W,HWW
Mount Road ATM,4/4/2011,178,86,92,13021.9,7793.879999999999,5228.0199999999995,Monday,H,W,HWW
Airport ATM,4/4/2011,70,60,10,8836.06,7667.62,1168.4399999999998,Monday,H,W,HWW
KK Nagar ATM,4/4/2011,179,146,33,14776.699999999999,12570.359999999999,2206.3399999999997,Monday,H,W,HWW
Christ College ATM,4/4/2011,71,35,36,6325.839999999999,3117.98,3207.8599999999997,Monday,H,W,HWW
Big Street ATM,5/4/2011,39,22,17,4329.219999999999,3366.22,963.0,Tuesday,NH,W,WWW
Mount Road ATM,5/4/2011,189,102,87,15711.88,9824.74,5887.139999999999,Tuesday,NH,W,WWW
Airport ATM,5/4/2011,93,69,24,8688.4,7633.379999999999,1055.02,Tuesday,NH,W,WWW
KK Nagar ATM,5/4/2011,239,171,68,21691.039999999997,13871.48,7819.5599999999995,Tuesday,NH,W,WWW
Christ College ATM,5/4/2011,99,53,46,9062.9,5275.099999999999,3787.7999999999997,Tuesday,NH,W,WWW
Big Street ATM,6/4/2011,33,19,14,2469.56,1425.24,1044.32,Wednesday,NH,W,WWW
Mount Road ATM,6/4/2011,194,68,126,13663.9,5660.299999999999,8003.599999999999,Wednesday,NH,W,WWW
Airport ATM,6/4/2011,128,102,26,14894.4,12230.099999999999,2664.2999999999997,Wednesday,NH,W,WWW
KK Nagar ATM,6/4/2011,245,195,50,21551.94,17042.96,4508.98,Wednesday,NH,W,WWW
Christ College ATM,6/4/2011,106,40,66,8318.18,3445.3999999999996,4872.78,Wednesday,NH,W,WWW
Big Street ATM,7/4/2011,23,8,15,2349.72,725.4599999999999,1624.26,Thursday,NH,W,WWW
Mount Road ATM,7/4/2011,183,94,89,14723.199999999999,9116.4,5606.799999999999,Thursday,NH,W,WWW
Airport ATM,7/4/2011,125,101,24,13640.359999999999,11560.279999999999,2080.08,Thursday,NH,W,WWW
KK Nagar ATM,7/4/2011,217,164,53,21999.199999999997,16717.68,5281.5199999999995,Thursday,NH,W,WWW
Christ College ATM,7/4/2011,86,50,36,8316.039999999999,4519.679999999999,3796.3599999999997,Thursday,NH,W,WWW
Big Street ATM,8/4/2011,28,13,15,2621.5,1709.86,911.64,Friday,NH,W,WWH
Mount Road ATM,8/4/2011,193,118,75,16570.02,12016.099999999999,4553.92,Friday,NH,W,WWH
Airport ATM,8/4/2011,49,31,18,4481.16,2749.8999999999996,1731.26,Friday,NH,W,WWH
KK Nagar ATM,8/4/2011,202,148,54,19576.719999999998,13651.06,5925.66,Friday,NH,W,WWH
Christ College ATM,8/4/2011,95,48,47,7982.2,4014.64,3967.56,Friday,NH,W,WWH
Big Street ATM,9/4/2011,42,30,12,3329.8399999999997,2681.42,648.42,Saturday,NH,H,WHH
Mount Road ATM,9/4/2011,184,103,81,12887.08,8654.16,4232.92,Saturday,NH,H,WHH
Airport ATM,9/4/2011,120,104,16,11776.42,10933.26,843.16,Saturday,NH,H,WHH
KK Nagar ATM,9/4/2011,232,192,40,16244.74,14061.939999999999,2182.7999999999997,Saturday,NH,H,WHH
Christ College ATM,9/4/2011,91,57,34,10349.039999999999,7034.179999999999,3314.8599999999997,Saturday,NH,H,WHH
Big Street ATM,10/4/2011,42,20,22,2411.7799999999997,1575.04,836.74,Sunday,NH,H,HHW
Mount Road ATM,10/4/2011,169,34,135,9465.22,3302.02,6163.2,Sunday,NH,H,HHW
Airport ATM,10/4/2011,66,42,24,7494.28,6011.259999999999,1483.02,Sunday,NH,H,HHW
KK Nagar ATM,10/4/2011,143,96,47,7920.139999999999,5285.799999999999,2634.3399999999997,Sunday,NH,H,HHW
Christ College ATM,10/4/2011,58,15,43,4660.92,935.18,3725.74,Sunday,NH,H,HHW
Big Street ATM,11/4/2011,41,21,20,3023.8199999999997,2150.7,873.12,Monday,NH,W,HWH
Mount Road ATM,11/4/2011,227,109,118,14532.74,9465.22,5067.5199999999995,Monday,NH,W,HWH
Airport ATM,11/4/2011,116,81,35,9460.939999999999,5885.0,3575.9399999999996,Monday,NH,W,HWH
KK Nagar ATM,11/4/2011,266,177,89,19116.62,13077.539999999999,6039.08,Monday,NH,W,HWH
Christ College ATM,11/4/2011,78,45,33,6064.759999999999,4217.94,1846.82,Monday,NH,W,HWH
Big Street ATM,12/4/2011,31,14,17,2386.1,1386.72,999.38,Tuesday,H,H,WHW
Mount Road ATM,12/4/2011,180,100,80,11966.88,7830.259999999999,4136.62,Tuesday,H,H,WHW
Airport ATM,12/4/2011,107,82,25,10263.439999999999,8301.06,1962.3799999999999,Tuesday,H,H,WHW
KK Nagar ATM,12/4/2011,204,164,40,15825.3,13229.48,2595.8199999999997,Tuesday,H,H,WHW
Christ College ATM,12/4/2011,82,46,36,6907.92,4376.3,2531.62,Tuesday,H,H,WHW
Big Street ATM,13-04-2011,56,31,25,4461.9,2518.7799999999997,1943.12,Wednesday,NH,W,HWH
Mount Road ATM,13-04-2011,152,33,119,7755.36,2324.04,5431.32,Wednesday,NH,W,HWH
Airport ATM,13-04-2011,56,34,22,3817.7599999999998,2199.92,1617.84,Wednesday,NH,W,HWH
KK Nagar ATM,13-04-2011,141,89,52,8557.859999999999,4947.679999999999,3610.18,Wednesday,NH,W,HWH
Christ College ATM,13-04-2011,67,27,40,5750.179999999999,2555.16,3195.02,Wednesday,NH,W,HWH
Big Street ATM,14-04-2011,30,18,12,2259.8399999999997,1273.3,986.54,Thursday,N,H,WHW
Mount Road ATM,14-04-2011,92,27,65,6178.179999999999,2394.66,3783.52,Thursday,N,H,WHW
Airport ATM,14-04-2011,79,62,17,6672.5199999999995,6158.92,513.6,Thursday,N,H,WHW
KK Nagar ATM,14-04-2011,199,151,48,15574.92,11660.859999999999,3914.06,Thursday,N,H,WHW
Christ College ATM,14-04-2011,39,21,18,3359.7999999999997,1934.56,1425.24,Thursday,N,H,WHW
Big Street ATM,15-04-2011,29,20,9,1926.0,1384.58,541.42,Friday,NH,W,HWH
Mount Road ATM,15-04-2011,131,90,41,10877.619999999999,8029.28,2848.3399999999997,Friday,NH,W,HWH
Airport ATM,15-04-2011,110,95,15,11374.099999999999,10490.279999999999,883.8199999999999,Friday,NH,W,HWH
KK Nagar ATM,15-04-2011,149,105,44,9161.34,6233.82,2927.52,Friday,NH,W,HWH
Christ College ATM,15-04-2011,96,37,59,10025.9,4209.38,5816.5199999999995,Friday,NH,W,HWH
Big Street ATM,16-04-2011,25,5,20,1457.34,34.239999999999995,1423.1,Saturday,H,H,WHH
Mount Road ATM,16-04-2011,135,59,76,11029.56,5649.599999999999,5379.96,Saturday,H,H,WHH
Airport ATM,16-04-2011,89,56,33,9766.96,7136.9,2630.06,Saturday,H,H,WHH
KK Nagar ATM,16-04-2011,126,98,28,10015.199999999999,7995.04,2020.1599999999999,Saturday,H,H,WHH
Christ College ATM,16-04-2011,79,35,44,6375.0599999999995,2204.2,4170.86,Saturday,H,H,WHH
Big Street ATM,17-04-2011,38,23,15,2204.2,1797.6,406.59999999999997,Sunday,NH,H,HHW
Mount Road ATM,17-04-2011,196,35,161,11526.039999999999,2653.6,8872.439999999999,Sunday,NH,H,HHW
Airport ATM,17-04-2011,73,47,26,5735.2,4637.38,1097.82,Sunday,NH,H,HHW
KK Nagar ATM,17-04-2011,120,76,44,10301.96,6428.5599999999995,3873.3999999999996,Sunday,NH,H,HHW
Christ College ATM,17-04-2011,69,22,47,3734.2999999999997,592.78,3141.52,Sunday,NH,H,HHW
Big Street ATM,18-04-2011,32,19,13,3295.6,2649.3199999999997,646.28,Monday,NH,W,HWW
Mount Road ATM,18-04-2011,122,70,52,9212.699999999999,6698.2,2514.5,Monday,NH,W,HWW
Airport ATM,18-04-2011,96,74,22,10327.64,8581.4,1746.24,Monday,NH,W,HWW
KK Nagar ATM,18-04-2011,81,47,34,6743.139999999999,3419.72,3323.4199999999996,Monday,NH,W,HWW
Christ College ATM,18-04-2011,96,47,49,10038.74,5043.98,4994.759999999999,Monday,NH,W,HWW
Big Street ATM,19-04-2011,27,12,15,1970.9399999999998,1309.6799999999998,661.26,Tuesday,NH,W,WWW
Mount Road ATM,19-04-2011,197,82,115,14412.9,8313.9,6099.0,Tuesday,NH,W,WWW
Airport ATM,19-04-2011,64,48,16,4658.78,3804.9199999999996,853.8599999999999,Tuesday,NH,W,WWW
KK Nagar ATM,19-04-2011,100,87,13,9578.64,8664.859999999999,913.78,Tuesday,NH,W,WWW
Christ College ATM,19-04-2011,81,47,34,5842.2,4162.3,1679.8999999999999,Tuesday,NH,W,WWW
Big Street ATM,20-04-2011,40,21,19,3667.9599999999996,2463.14,1204.82,Wednesday,NH,W,WWW
Mount Road ATM,20-04-2011,157,82,75,11344.14,7380.86,3963.2799999999997,Wednesday,NH,W,WWW
Airport ATM,20-04-2011,82,62,20,7350.9,6084.0199999999995,1266.8799999999999,Wednesday,NH,W,WWW
KK Nagar ATM,20-04-2011,166,142,24,13666.039999999999,11951.9,1714.1399999999999,Wednesday,NH,W,WWW
Christ College ATM,20-04-2011,80,50,30,6541.98,4220.08,2321.9,Wednesday,NH,W,WWW
Big Street ATM,21-04-2011,34,15,19,2582.98,1577.1799999999998,1005.8,Thursday,NH,W,WWH
Mount Road ATM,21-04-2011,121,70,51,7738.24,5544.74,2193.5,Thursday,NH,W,WWH
Airport ATM,21-04-2011,53,47,6,5279.38,5101.759999999999,177.62,Thursday,NH,W,WWH
KK Nagar ATM,21-04-2011,164,139,25,15889.5,13377.14,2512.3599999999997,Thursday,NH,W,WWH
Christ College ATM,21-04-2011,62,40,22,3550.2599999999998,2912.54,637.7199999999999,Thursday,NH,W,WWH
Big Street ATM,22-04-2011,24,11,13,1581.4599999999998,1067.86,513.6,Friday,C,H,WHH
Mount Road ATM,22-04-2011,161,43,118,8512.92,3269.9199999999996,5243.0,Friday,C,H,WHH
Airport ATM,22-04-2011,74,49,25,5626.0599999999995,4339.92,1286.1399999999999,Friday,C,H,WHH
KK Nagar ATM,22-04-2011,143,104,39,11478.96,8442.3,3036.66,Friday,C,H,WHH
Christ College ATM,22-04-2011,51,11,40,3708.62,507.17999999999995,3201.44,Friday,C,H,WHH
Big Street ATM,23-04-2011,35,20,15,2403.22,1868.2199999999998,535.0,Saturday,NH,H,HHH
Mount Road ATM,23-04-2011,160,67,93,11819.22,6467.08,5352.139999999999,Saturday,NH,H,HHH
Airport ATM,23-04-2011,54,47,7,4549.639999999999,4042.4599999999996,507.17999999999995,Saturday,NH,H,HHH
KK Nagar ATM,23-04-2011,156,127,29,12157.34,9942.439999999999,2214.9,Saturday,NH,H,HHH
Christ College ATM,23-04-2011,75,31,44,8613.5,4701.58,3911.9199999999996,Saturday,NH,H,HHH
Big Street ATM,24-04-2011,36,21,15,1709.86,982.26,727.5999999999999,Sunday,NH,H,HHW
Mount Road ATM,24-04-2011,126,31,95,5955.62,1881.06,4074.56,Sunday,NH,H,HHW
Airport ATM,24-04-2011,76,60,16,6969.98,5934.219999999999,1035.76,Sunday,NH,H,HHW
KK Nagar ATM,24-04-2011,114,86,28,5932.08,4887.759999999999,1044.32,Sunday,NH,H,HHW
Christ College ATM,24-04-2011,52,19,33,3289.18,1264.74,2024.4399999999998,Sunday,NH,H,HHW
Big Street ATM,25-04-2011,27,11,16,1532.24,757.56,774.68,Monday,NH,W,HWW
Mount Road ATM,25-04-2011,100,52,48,5386.38,3220.7,2165.68,Monday,NH,W,HWW
Airport ATM,25-04-2011,26,20,6,1189.84,905.2199999999999,284.62,Monday,NH,W,HWW
KK Nagar ATM,25-04-2011,154,128,26,9903.92,8519.34,1384.58,Monday,NH,W,HWW
Christ College ATM,25-04-2011,44,26,18,5277.24,3819.8999999999996,1457.34,Monday,NH,W,HWW
Big Street ATM,26-04-2011,17,11,6,1328.9399999999998,847.4399999999999,481.5,Tuesday,NH,W,WWW
Mount Road ATM,26-04-2011,127,65,62,7209.66,3963.2799999999997,3246.3799999999997,Tuesday,NH,W,WWW
Airport ATM,26-04-2011,78,60,18,6212.42,5020.44,1191.98,Tuesday,NH,W,WWW
KK Nagar ATM,26-04-2011,144,125,19,11489.66,10077.26,1412.3999999999999,Tuesday,NH,W,WWW
Christ College ATM,26-04-2011,72,46,26,7186.12,4922.0,2264.12,Tuesday,NH,W,WWW
Big Street ATM,27-04-2011,30,22,8,1714.1399999999999,1600.72,113.41999999999999,Wednesday,NH,W,WWW
Mount Road ATM,27-04-2011,129,71,58,8607.08,5763.0199999999995,2844.06,Wednesday,NH,W,WWW
Airport ATM,27-04-2011,91,72,19,7699.719999999999,5983.44,1716.28,Wednesday,NH,W,WWW
KK Nagar ATM,27-04-2011,184,152,32,16392.399999999998,13250.88,3141.52,Wednesday,NH,W,WWW
Christ College ATM,27-04-2011,73,50,23,7926.5599999999995,6484.2,1442.36,Wednesday,NH,W,WWW
Big Street ATM,28-04-2011,32,19,13,1660.6399999999999,1286.1399999999999,374.5,Thursday,NH,W,WWW
Mount Road ATM,28-04-2011,107,55,52,7575.599999999999,3860.56,3715.04,Thursday,NH,W,WWW
Airport ATM,28-04-2011,95,78,17,8390.939999999999,7616.259999999999,774.68,Thursday,NH,W,WWW
KK Nagar ATM,28-04-2011,157,134,23,10976.06,9822.6,1153.46,Thursday,NH,W,WWW
Christ College ATM,28-04-2011,61,40,21,5788.7,4716.5599999999995,1072.1399999999999,Thursday,NH,W,WWW
Big Street ATM,29-04-2011,20,14,6,1855.3799999999999,1414.54,440.84,Friday,NH,W,WWH
Mount Road ATM,29-04-2011,145,82,63,8185.5,5508.36,2677.14,Friday,NH,W,WWH
Airport ATM,29-04-2011,86,71,15,7462.179999999999,6818.04,644.14,Friday,NH,W,WWH
KK Nagar ATM,29-04-2011,183,153,30,15840.279999999999,14641.88,1198.3999999999999,Friday,NH,W,WWH
Christ College ATM,29-04-2011,77,45,32,5792.98,3327.7,2465.2799999999997,Friday,NH,W,WWH
Big Street ATM,30-04-2011,14,9,5,479.35999999999996,383.06,96.3,Saturday,NH,H,WHH
Mount Road ATM,30-04-2011,200,107,93,17411.04,10961.08,6449.96,Saturday,NH,H,WHH
Airport ATM,30-04-2011,125,94,31,13158.859999999999,10267.72,2891.14,Saturday,NH,H,WHH
KK Nagar ATM,30-04-2011,235,168,67,24154.18,17470.96,6683.219999999999,Saturday,NH,H,WHH
Christ College ATM,30-04-2011,65,34,31,5882.86,3167.2,2715.66,Saturday,NH,H,WHH
Big Street ATM,1/5/2011,23,6,17,1288.28,406.59999999999997,881.68,Sunday,N,H,HHW
Mount Road ATM,1/5/2011,159,50,109,13610.4,6004.839999999999,7605.5599999999995,Sunday,N,H,HHW
Airport ATM,1/5/2011,131,63,68,10034.46,6567.66,3466.7999999999997,Sunday,N,H,HHW
KK Nagar ATM,1/5/2011,148,117,31,12349.939999999999,10334.06,2015.8799999999999,Sunday,N,H,HHW
Christ College ATM,1/5/2011,52,20,32,4286.42,1692.74,2593.68,Sunday,N,H,HHW
Big Street ATM,2/5/2011,23,15,8,2493.1,1731.26,761.8399999999999,Monday,NH,W,HWW
Mount Road ATM,2/5/2011,96,55,41,7738.24,5003.32,2734.92,Monday,NH,W,HWW
Airport ATM,2/5/2011,138,87,51,13220.92,9570.08,3650.8399999999997,Monday,NH,W,HWW
KK Nagar ATM,2/5/2011,244,166,78,26655.84,17100.739999999998,9555.1,Monday,NH,W,HWW
Christ College ATM,2/5/2011,93,42,51,9334.68,4896.32,4438.36,Monday,NH,W,HWW
Big Street ATM,3/5/2011,22,20,2,2080.08,1780.48,299.59999999999997,Tuesday,NH,W,WWW
Mount Road ATM,3/5/2011,204,101,103,19069.539999999997,11205.039999999999,7864.5,Tuesday,NH,W,WWW
Airport ATM,3/5/2011,95,75,20,11832.06,9722.019999999999,2110.04,Tuesday,NH,W,WWW
KK Nagar ATM,3/5/2011,199,166,33,18635.12,16103.5,2531.62,Tuesday,NH,W,WWW
Christ College ATM,3/5/2011,77,48,29,7817.419999999999,5369.259999999999,2448.16,Tuesday,NH,W,WWW
Big Street ATM,4/5/2011,18,11,7,1132.06,725.4599999999999,406.59999999999997,Wednesday,NH,W,WWW
Mount Road ATM,4/5/2011,160,81,79,11215.74,7496.419999999999,3719.3199999999997,Wednesday,NH,W,WWW
Airport ATM,4/5/2011,125,103,22,13567.599999999999,11774.279999999999,1793.32,Wednesday,NH,W,WWW
KK Nagar ATM,4/5/2011,212,169,43,21233.079999999998,18555.94,2677.14,Wednesday,NH,W,WWW
Christ College ATM,4/5/2011,64,45,19,5084.639999999999,3926.8999999999996,1157.74,Wednesday,NH,W,WWW
Big Street ATM,5/5/2011,32,13,19,2379.68,1215.52,1164.1599999999999,Thursday,NH,W,WWW
Mount Road ATM,5/5/2011,203,93,110,15632.699999999999,8136.28,7496.419999999999,Thursday,NH,W,WWW
Airport ATM,5/5/2011,106,97,9,12054.619999999999,11286.359999999999,768.26,Thursday,NH,W,WWW
KK Nagar ATM,5/5/2011,225,165,60,22536.34,16052.14,6484.2,Thursday,NH,W,WWW
Christ College ATM,5/5/2011,82,46,36,7190.4,4714.42,2475.98,Thursday,NH,W,WWW
Big Street ATM,6/5/2011,22,13,9,2510.22,1560.06,950.16,Friday,NH,W,WWH
Mount Road ATM,6/5/2011,175,88,87,13993.46,8039.98,5953.48,Friday,NH,W,WWH
Airport ATM,6/5/2011,113,87,26,14188.199999999999,11622.34,2565.8599999999997,Friday,NH,W,WWH
KK Nagar ATM,6/5/2011,214,162,52,20370.66,15202.56,5168.099999999999,Friday,NH,W,WWH
Christ College ATM,6/5/2011,106,45,61,8733.34,3490.3399999999997,5243.0,Friday,NH,W,WWH
Big Street ATM,7/5/2011,28,22,6,2966.04,2270.54,695.5,Saturday,NH,H,WHH
Mount Road ATM,7/5/2011,167,85,82,15181.16,9390.32,5790.84,Saturday,NH,H,WHH
Airport ATM,7/5/2011,116,95,21,13723.82,11303.48,2420.3399999999997,Saturday,NH,H,WHH
KK Nagar ATM,7/5/2011,203,144,59,22247.44,14834.48,7412.96,Saturday,NH,H,WHH
Christ College ATM,7/5/2011,59,34,25,6049.78,3513.8799999999997,2535.9,Saturday,NH,H,WHH
Big Street ATM,8/5/2011,31,17,14,2161.4,1598.58,562.8199999999999,Sunday,NH,H,HHW
Mount Road ATM,8/5/2011,127,49,78,11269.24,5367.12,5902.12,Sunday,NH,H,HHW
Airport ATM,8/5/2011,87,66,21,7117.639999999999,5429.179999999999,1688.4599999999998,Sunday,NH,H,HHW
KK Nagar ATM,8/5/2011,125,79,46,8399.5,4815.0,3584.5,Sunday,NH,H,HHW
Christ College ATM,8/5/2011,35,15,20,2801.2599999999998,1534.3799999999999,1266.8799999999999,Sunday,NH,H,HHW
Big Street ATM,9/5/2011,29,16,13,1403.84,922.3399999999999,481.5,Monday,NH,W,HWW
Mount Road ATM,9/5/2011,157,94,63,10610.119999999999,8581.4,2028.7199999999998,Monday,NH,W,HWW
Airport ATM,9/5/2011,92,74,18,8641.32,7614.12,1027.2,Monday,NH,W,HWW
KK Nagar ATM,9/5/2011,155,126,29,12653.82,9559.38,3094.44,Monday,NH,W,HWW
Christ College ATM,9/5/2011,57,35,22,5525.48,4018.9199999999996,1506.56,Monday,NH,W,HWW
Big Street ATM,10/5/2011,45,19,26,4369.88,1990.1999999999998,2379.68,Tuesday,NH,W,WWW
Mount Road ATM,10/5/2011,174,80,94,14136.84,8155.54,5981.299999999999,Tuesday,NH,W,WWW
Airport ATM,10/5/2011,88,68,20,7798.16,6235.96,1562.1999999999998,Tuesday,NH,W,WWW
KK Nagar ATM,10/5/2011,152,111,41,11986.14,9377.48,2608.66,Tuesday,NH,W,WWW
Christ College ATM,10/5/2011,52,36,16,5578.98,4149.46,1429.52,Tuesday,NH,W,WWW
Big Street ATM,11/5/2011,31,17,14,2458.8599999999997,1472.32,986.54,Wednesday,NH,W,WWW
Mount Road ATM,11/5/2011,200,81,119,16886.739999999998,8996.56,7890.179999999999,Wednesday,NH,W,WWW
Airport ATM,11/5/2011,103,83,20,10479.58,8707.66,1771.9199999999998,Wednesday,NH,W,WWW
KK Nagar ATM,11/5/2011,209,153,56,17918.219999999998,13897.16,4021.06,Wednesday,NH,W,WWW
Christ College ATM,11/5/2011,63,44,19,6156.78,4896.32,1260.46,Wednesday,NH,W,WWW
Big Street ATM,12/5/2011,23,16,7,2161.4,1540.8,620.6,Thursday,NH,W,WWW
Mount Road ATM,12/5/2011,168,80,88,11035.98,6599.759999999999,4436.219999999999,Thursday,NH,W,WWW
Airport ATM,12/5/2011,117,102,15,12807.9,11504.64,1303.26,Thursday,NH,W,WWW
KK Nagar ATM,12/5/2011,161,145,16,14526.32,13146.019999999999,1380.3,Thursday,NH,W,WWW
Christ College ATM,12/5/2011,57,25,32,4305.679999999999,1878.9199999999998,2426.7599999999998,Thursday,NH,W,WWW
Big Street ATM,13-05-2011,22,8,14,1140.62,535.0,605.62,Friday,NH,W,WWH
Mount Road ATM,13-05-2011,170,84,86,13026.179999999998,7680.46,5345.719999999999,Friday,NH,W,WWH
Airport ATM,13-05-2011,87,68,19,8176.94,6766.679999999999,1410.26,Friday,NH,W,WWH
KK Nagar ATM,13-05-2011,155,125,30,10854.08,8209.039999999999,2645.04,Friday,NH,W,WWH
Christ College ATM,13-05-2011,42,27,15,3036.66,1361.04,1675.62,Friday,NH,W,WWH
Big Street ATM,14-05-2011,15,5,10,1391.0,541.42,849.5799999999999,Saturday,NH,H,WHH
Mount Road ATM,14-05-2011,180,94,86,14601.22,9559.38,5041.84,Saturday,NH,H,WHH
Airport ATM,14-05-2011,95,75,20,7751.08,6283.04,1468.04,Saturday,NH,H,WHH
KK Nagar ATM,14-05-2011,156,114,42,13541.92,8647.74,4894.179999999999,Saturday,NH,H,WHH
Christ College ATM,14-05-2011,79,49,30,6477.78,4076.7,2401.08,Saturday,NH,H,WHH
Big Street ATM,15-05-2011,18,11,7,1226.22,622.74,603.48,Sunday,NH,H,HHW
Mount Road ATM,15-05-2011,120,64,56,8429.46,5904.259999999999,2525.2,Sunday,NH,H,HHW
Airport ATM,15-05-2011,82,67,15,6563.38,6069.04,494.34,Sunday,NH,H,HHW
KK Nagar ATM,15-05-2011,104,76,28,7903.0199999999995,6191.0199999999995,1712.0,Sunday,NH,H,HHW
Christ College ATM,15-05-2011,51,29,22,3730.02,1716.28,2013.7399999999998,Sunday,NH,H,HHW
Big Street ATM,16-05-2011,31,11,20,1667.06,885.9599999999999,781.0999999999999,Monday,NH,W,HWH
Mount Road ATM,16-05-2011,138,81,57,8022.86,5084.639999999999,2938.22,Monday,NH,W,HWH
Airport ATM,16-05-2011,95,70,25,7650.5,5908.54,1741.9599999999998,Monday,NH,W,HWH
KK Nagar ATM,16-05-2011,198,143,55,19745.78,14040.539999999999,5705.24,Monday,NH,W,HWH
Christ College ATM,16-05-2011,57,35,22,3723.6,2666.44,1057.1599999999999,Monday,NH,W,HWH
Big Street ATM,17-05-2011,23,14,9,1427.3799999999999,826.04,601.3399999999999,Tuesday,H,H,WHW
Mount Road ATM,17-05-2011,200,50,150,11757.16,3569.52,8187.639999999999,Tuesday,H,H,WHW
Airport ATM,17-05-2011,90,66,24,7087.679999999999,5043.98,2043.6999999999998,Tuesday,H,H,WHW
KK Nagar ATM,17-05-2011,174,114,60,13203.8,9017.96,4185.84,Tuesday,H,H,WHW
Christ College ATM,17-05-2011,68,43,25,5724.5,4408.4,1316.1,Tuesday,H,H,WHW
Big Street ATM,18-05-2011,28,16,12,2811.96,1658.5,1153.46,Wednesday,NH,W,HWW
Mount Road ATM,18-05-2011,202,96,106,11686.539999999999,7059.86,4626.679999999999,Wednesday,NH,W,HWW
Airport ATM,18-05-2011,115,78,37,11434.019999999999,8549.3,2884.72,Wednesday,NH,W,HWW
KK Nagar ATM,18-05-2011,190,136,54,16876.04,11333.439999999999,5542.599999999999,Wednesday,NH,W,HWW
Christ College ATM,18-05-2011,46,32,14,3214.2799999999997,2497.3799999999997,716.9,Wednesday,NH,W,HWW
Big Street ATM,19-05-2011,39,15,24,3481.7799999999997,1365.32,2116.46,Thursday,NH,W,WWW
Mount Road ATM,19-05-2011,244,68,176,14121.859999999999,4780.759999999999,9341.1,Thursday,NH,W,WWW
Airport ATM,19-05-2011,99,83,16,9906.06,9030.8,875.26,Thursday,NH,W,WWW
KK Nagar ATM,19-05-2011,170,124,46,14579.82,11534.599999999999,3045.22,Thursday,NH,W,WWW
Christ College ATM,19-05-2011,53,22,31,4802.16,2484.54,2317.62,Thursday,NH,W,WWW
Big Street ATM,20-05-2011,29,19,10,4166.58,3154.3599999999997,1012.2199999999999,Friday,NH,W,WWH
Mount Road ATM,20-05-2011,182,102,80,10819.84,6837.299999999999,3982.54,Friday,NH,W,WWH
Airport ATM,20-05-2011,102,82,20,10528.8,8476.539999999999,2052.2599999999998,Friday,NH,W,WWH
KK Nagar ATM,20-05-2011,197,137,60,18279.879999999997,12566.08,5713.799999999999,Friday,NH,W,WWH
Christ College ATM,20-05-2011,88,42,46,8059.24,4686.599999999999,3372.64,Friday,NH,W,WWH
Big Street ATM,21-05-2011,36,14,22,2103.62,1213.3799999999999,890.24,Saturday,NH,H,WHH
Mount Road ATM,21-05-2011,190,90,100,12598.179999999998,8305.34,4292.84,Saturday,NH,H,WHH
Airport ATM,21-05-2011,105,78,27,10008.779999999999,8251.84,1756.9399999999998,Saturday,NH,H,WHH
KK Nagar ATM,21-05-2011,178,141,37,14547.72,12317.84,2229.88,Saturday,NH,H,WHH
Christ College ATM,21-05-2011,59,31,28,3424.0,1819.0,1605.0,Saturday,NH,H,WHH
Big Street ATM,22-05-2011,35,18,17,1859.6599999999999,1061.44,798.2199999999999,Sunday,NH,H,HHW
Mount Road ATM,22-05-2011,127,22,105,7434.36,879.54,6554.82,Sunday,NH,H,HHW
Airport ATM,22-05-2011,86,59,27,6490.62,4483.3,2007.32,Sunday,NH,H,HHW
KK Nagar ATM,22-05-2011,119,85,34,8585.68,5758.74,2826.94,Sunday,NH,H,HHW
Christ College ATM,22-05-2011,65,23,42,4729.4,933.04,3796.3599999999997,Sunday,NH,H,HHW
Big Street ATM,23-05-2011,33,17,16,2289.7999999999997,973.6999999999999,1316.1,Monday,NH,W,HWW
Mount Road ATM,23-05-2011,263,77,186,18846.98,6813.759999999999,12033.22,Monday,NH,W,HWW
Airport ATM,23-05-2011,96,76,20,8611.359999999999,7528.5199999999995,1082.84,Monday,NH,W,HWW
KK Nagar ATM,23-05-2011,176,138,38,14305.9,11093.76,3212.14,Monday,NH,W,HWW
Christ College ATM,23-05-2011,57,35,22,4305.679999999999,3068.7599999999998,1236.9199999999998,Monday,NH,W,HWW
Big Street ATM,24-05-2011,34,18,16,2585.12,1900.32,684.8,Tuesday,NH,W,WWW
Mount Road ATM,24-05-2011,241,84,157,11303.48,5850.759999999999,5452.719999999999,Tuesday,NH,W,WWW
Airport ATM,24-05-2011,83,54,29,8172.66,6604.04,1568.62,Tuesday,NH,W,WWW
KK Nagar ATM,24-05-2011,148,120,28,12976.96,11440.439999999999,1536.52,Tuesday,NH,W,WWW
Christ College ATM,24-05-2011,70,38,32,5876.44,3569.52,2306.92,Tuesday,NH,W,WWW
Big Street ATM,25-05-2011,55,21,34,5358.5599999999995,1951.6799999999998,3406.8799999999997,Wednesday,NH,W,WWW
Mount Road ATM,25-05-2011,166,68,98,11725.06,6430.7,5294.36,Wednesday,NH,W,WWW
Airport ATM,25-05-2011,91,70,21,5827.219999999999,4964.8,862.42,Wednesday,NH,W,WWW
KK Nagar ATM,25-05-2011,162,134,28,13263.72,11254.26,2009.4599999999998,Wednesday,NH,W,WWW
Christ College ATM,25-05-2011,74,38,36,6616.88,3126.54,3490.3399999999997,Wednesday,NH,W,WWW
Big Street ATM,26-05-2011,65,26,39,5722.36,2377.54,3344.8199999999997,Thursday,NH,W,WWW
Mount Road ATM,26-05-2011,303,71,232,16144.16,4782.9,11361.26,Thursday,NH,W,WWW
Airport ATM,26-05-2011,125,71,54,11134.42,6663.96,4470.46,Thursday,NH,W,WWW
KK Nagar ATM,26-05-2011,216,133,83,16403.1,11504.64,4898.46,Thursday,NH,W,WWW
Christ College ATM,26-05-2011,113,37,76,11401.92,3032.3799999999997,8369.539999999999,Thursday,NH,W,WWW
Big Street ATM,27-05-2011,39,17,22,3449.68,2144.2799999999997,1305.3999999999999,Friday,NH,W,WWH
Mount Road ATM,27-05-2011,246,72,174,15788.92,5452.719999999999,10336.199999999999,Friday,NH,W,WWH
Airport ATM,27-05-2011,98,66,32,6049.78,4057.4399999999996,1992.34,Friday,NH,W,WWH
KK Nagar ATM,27-05-2011,211,137,74,14579.82,9570.08,5009.74,Friday,NH,W,WWH
Christ College ATM,27-05-2011,105,41,64,9516.58,2957.48,6559.099999999999,Friday,NH,W,WWH
Big Street ATM,28-05-2011,29,22,7,3165.06,2634.3399999999997,530.72,Saturday,NH,H,WHH
Mount Road ATM,28-05-2011,167,76,91,11162.24,6099.0,5063.24,Saturday,NH,H,WHH
Airport ATM,28-05-2011,115,92,23,8696.96,7201.099999999999,1495.86,Saturday,NH,H,WHH
KK Nagar ATM,28-05-2011,139,97,42,10766.34,5895.7,4870.639999999999,Saturday,NH,H,WHH
Christ College ATM,28-05-2011,64,35,29,6428.5599999999995,3918.3399999999997,2510.22,Saturday,NH,H,WHH
Big Street ATM,29-05-2011,32,19,13,1470.1799999999998,763.9799999999999,706.1999999999999,Sunday,NH,H,HHW
Mount Road ATM,29-05-2011,117,37,80,8241.14,3569.52,4671.62,Sunday,NH,H,HHW
Airport ATM,29-05-2011,101,74,27,7742.5199999999995,5165.96,2576.56,Sunday,NH,H,HHW
KK Nagar ATM,29-05-2011,93,71,22,6706.759999999999,4864.219999999999,1842.54,Sunday,NH,H,HHW
Christ College ATM,29-05-2011,37,19,18,3638.0,2450.2999999999997,1187.7,Sunday,NH,H,HHW
Big Street ATM,30-05-2011,33,21,12,2927.52,1881.06,1046.46,Monday,NH,W,HWW
Mount Road ATM,30-05-2011,141,76,65,11384.8,6285.179999999999,5099.62,Monday,NH,W,HWW
Airport ATM,30-05-2011,119,81,38,10344.76,7999.32,2345.44,Monday,NH,W,HWW
KK Nagar ATM,30-05-2011,166,124,42,11431.88,9482.34,1949.54,Monday,NH,W,HWW
Christ College ATM,30-05-2011,71,44,27,7599.139999999999,4669.48,2929.66,Monday,NH,W,HWW
Big Street ATM,31-05-2011,34,16,18,2863.3199999999997,1628.54,1234.78,Tuesday,NH,W,WWW
Mount Road ATM,31-05-2011,132,65,67,9454.519999999999,5818.66,3635.8599999999997,Tuesday,NH,W,WWW
Airport ATM,31-05-2011,128,94,34,10717.119999999999,8365.26,2351.8599999999997,Tuesday,NH,W,WWW
KK Nagar ATM,31-05-2011,192,151,41,17241.98,13278.699999999999,3963.2799999999997,Tuesday,NH,W,WWW
Christ College ATM,31-05-2011,68,37,31,7417.24,4286.42,3130.8199999999997,Tuesday,NH,W,WWW
Big Street ATM,1/6/2011,34,17,17,2921.1,1750.52,1170.58,Wednesday,NH,W,WWW
Mount Road ATM,1/6/2011,213,90,123,17787.68,9921.039999999999,7866.639999999999,Wednesday,NH,W,WWW
Airport ATM,1/6/2011,149,101,48,15609.16,11408.34,4200.82,Wednesday,NH,W,WWW
KK Nagar ATM,1/6/2011,252,192,60,26966.14,20935.62,6030.5199999999995,Wednesday,NH,W,WWW
Christ College ATM,1/6/2011,78,40,38,5598.24,2005.1799999999998,3593.06,Wednesday,NH,W,WWW
Big Street ATM,2/6/2011,30,13,17,2345.44,1204.82,1140.62,Thursday,NH,W,WWW
Mount Road ATM,2/6/2011,246,91,155,15363.06,6569.799999999999,8793.26,Thursday,NH,W,WWW
Airport ATM,2/6/2011,141,110,31,12416.279999999999,9610.74,2805.54,Thursday,NH,W,WWW
KK Nagar ATM,2/6/2011,245,167,78,24661.359999999997,17888.26,6773.099999999999,Thursday,NH,W,WWW
Christ College ATM,2/6/2011,96,23,73,10156.439999999999,3272.06,6884.379999999999,Thursday,NH,W,WWW
Big Street ATM,3/6/2011,25,12,13,2668.58,1408.12,1260.46,Friday,NH,W,WWH
Mount Road ATM,3/6/2011,222,86,136,15895.92,7751.08,8144.839999999999,Friday,NH,W,WWH
Airport ATM,3/6/2011,96,64,32,7962.94,5756.599999999999,2206.3399999999997,Friday,NH,W,WWH
KK Nagar ATM,3/6/2011,198,147,51,17601.5,11868.439999999999,5733.0599999999995,Friday,NH,W,WWH
Christ College ATM,3/6/2011,84,29,55,9065.039999999999,3732.16,5332.88,Friday,NH,W,WWH
Big Street ATM,4/6/2011,34,17,17,4479.0199999999995,2368.98,2110.04,Saturday,NH,H,WHH
Mount Road ATM,4/6/2011,234,84,150,16246.88,6882.24,9364.64,Saturday,NH,H,WHH
Airport ATM,4/6/2011,120,91,29,14605.5,11684.4,2921.1,Saturday,NH,H,WHH
KK Nagar ATM,4/6/2011,203,163,40,18735.7,14402.199999999999,4333.5,Saturday,NH,H,WHH
Christ College ATM,4/6/2011,127,52,75,11857.74,3986.8199999999997,7870.919999999999,Saturday,NH,H,WHH
Big Street ATM,5/6/2011,29,13,16,1759.08,1067.86,691.2199999999999,Sunday,NH,H,HHW
Mount Road ATM,5/6/2011,60,10,50,3605.8999999999996,731.88,2874.02,Sunday,NH,H,HHW
Airport ATM,5/6/2011,116,68,48,9349.66,7019.2,2330.46,Sunday,NH,H,HHW
KK Nagar ATM,5/6/2011,132,98,34,9747.699999999999,6942.16,2805.54,Sunday,NH,H,HHW
Christ College ATM,5/6/2011,90,23,67,8388.8,1926.0,6462.799999999999,Sunday,NH,H,HHW
Big Street ATM,6/6/2011,33,14,19,2732.7799999999997,1356.76,1376.02,Monday,NH,W,HWW
Mount Road ATM,6/6/2011,129,64,65,8684.119999999999,5076.08,3608.04,Monday,NH,W,HWW
Airport ATM,6/6/2011,111,74,37,11053.099999999999,8553.58,2499.52,Monday,NH,W,HWW
KK Nagar ATM,6/6/2011,172,134,38,13873.619999999999,10049.439999999999,3824.18,Monday,NH,W,HWW
Christ College ATM,6/6/2011,71,35,36,5653.88,3274.2,2379.68,Monday,NH,W,HWW
Big Street ATM,7/6/2011,27,12,15,2268.4,937.3199999999999,1331.08,Tuesday,NH,W,WWW
Mount Road ATM,7/6/2011,179,83,96,15829.58,9416.0,6413.58,Tuesday,NH,W,WWW
Airport ATM,7/6/2011,129,96,33,10633.66,8172.66,2461.0,Tuesday,NH,W,WWW
KK Nagar ATM,7/6/2011,200,151,49,18992.5,15127.66,3864.8399999999997,Tuesday,NH,W,WWW
Christ College ATM,7/6/2011,86,48,38,8168.379999999999,4267.16,3901.22,Tuesday,NH,W,WWW
Big Street ATM,8/6/2011,32,12,20,2334.74,778.9599999999999,1555.78,Wednesday,NH,W,WWW
Mount Road ATM,8/6/2011,222,92,130,18592.32,10013.06,8579.26,Wednesday,NH,W,WWW
Airport ATM,8/6/2011,115,85,30,11108.74,8510.779999999999,2597.96,Wednesday,NH,W,WWW
KK Nagar ATM,8/6/2011,202,157,45,18921.879999999997,15219.679999999998,3702.2,Wednesday,NH,W,WWW
Christ College ATM,8/6/2011,92,40,52,8547.16,3518.16,5029.0,Wednesday,NH,W,WWW
Big Street ATM,9/6/2011,35,15,20,3674.3799999999997,1408.12,2266.2599999999998,Thursday,NH,W,WWW
Mount Road ATM,9/6/2011,231,97,134,14680.4,6287.32,8393.08,Thursday,NH,W,WWW
Airport ATM,9/6/2011,116,90,26,9204.14,7592.719999999999,1611.4199999999998,Thursday,NH,W,WWW
KK Nagar ATM,9/6/2011,194,132,62,16717.68,10914.0,5803.679999999999,Thursday,NH,W,WWW
Christ College ATM,9/6/2011,51,23,28,3909.7799999999997,1814.7199999999998,2095.06,Thursday,NH,W,WWW
Big Street ATM,10/6/2011,39,22,17,2600.1,1883.1999999999998,716.9,Friday,NH,W,WWH
Mount Road ATM,10/6/2011,199,91,108,13178.119999999999,8440.16,4737.96,Friday,NH,W,WWH
Airport ATM,10/6/2011,106,88,18,9848.279999999999,8973.02,875.26,Friday,NH,W,WWH
KK Nagar ATM,10/6/2011,182,137,45,13627.519999999999,10832.68,2794.8399999999997,Friday,NH,W,WWH
Christ College ATM,10/6/2011,98,39,59,9009.4,2985.2999999999997,6024.099999999999,Friday,NH,W,WWH
Big Street ATM,11/6/2011,14,8,6,1213.3799999999999,716.9,496.47999999999996,Saturday,NH,H,WHH
Mount Road ATM,11/6/2011,201,82,119,13593.279999999999,7143.32,6449.96,Saturday,NH,H,WHH
Airport ATM,11/6/2011,119,93,26,10250.6,8403.779999999999,1846.82,Saturday,NH,H,WHH
KK Nagar ATM,11/6/2011,187,151,36,15570.64,12630.279999999999,2940.3599999999997,Saturday,NH,H,WHH
Christ College ATM,11/6/2011,91,28,63,7308.099999999999,1673.48,5634.62,Saturday,NH,H,WHH
Big Street ATM,12/6/2011,29,14,15,2685.7,1333.22,1352.48,Sunday,NH,H,HHW
Mount Road ATM,12/6/2011,175,45,130,8943.06,2383.96,6559.099999999999,Sunday,NH,H,HHW
Airport ATM,12/6/2011,91,57,34,6869.4,5302.92,1566.48,Sunday,NH,H,HHW
KK Nagar ATM,12/6/2011,104,67,37,7770.339999999999,5091.0599999999995,2679.2799999999997,Sunday,NH,H,HHW
Christ College ATM,12/6/2011,80,22,58,5450.58,1572.8999999999999,3877.68,Sunday,NH,H,HHW
Big Street ATM,13-06-2011,42,25,17,3740.72,2217.04,1523.6799999999998,Monday,NH,W,HWW
Mount Road ATM,13-06-2011,165,96,69,12619.58,9069.32,3550.2599999999998,Monday,NH,W,HWW
Airport ATM,13-06-2011,88,71,17,7885.9,7010.639999999999,875.26,Monday,NH,W,HWW
KK Nagar ATM,13-06-2011,180,139,41,14635.46,11827.779999999999,2807.68,Monday,NH,W,HWW
Christ College ATM,13-06-2011,130,53,77,8688.4,3128.68,5559.719999999999,Monday,NH,W,HWW
Big Street ATM,14-06-2011,20,9,11,1555.78,614.18,941.5999999999999,Tuesday,NH,W,WWW
Mount Road ATM,14-06-2011,170,83,87,12681.64,7196.82,5484.82,Tuesday,NH,W,WWW
Airport ATM,14-06-2011,86,65,21,6178.179999999999,5011.88,1166.3,Tuesday,NH,W,WWW
KK Nagar ATM,14-06-2011,186,148,38,16717.68,14554.14,2163.54,Tuesday,NH,W,WWW
Christ College ATM,14-06-2011,144,41,103,14064.08,4389.139999999999,9674.939999999999,Tuesday,NH,W,WWW
Big Street ATM,15-06-2011,23,11,12,1906.74,1037.8999999999999,868.8399999999999,Wednesday,NH,W,WWW
Mount Road ATM,15-06-2011,167,82,85,11782.84,6865.12,4917.719999999999,Wednesday,NH,W,WWW
Airport ATM,15-06-2011,110,85,25,9781.939999999999,8063.5199999999995,1718.4199999999998,Wednesday,NH,W,WWW
KK Nagar ATM,15-06-2011,162,134,28,14076.92,12028.939999999999,2047.9799999999998,Wednesday,NH,W,WWW
Christ College ATM,15-06-2011,96,44,52,8102.04,3881.9599999999996,4220.08,Wednesday,NH,W,WWW
Big Street ATM,16-06-2011,34,20,14,3092.2999999999997,2289.7999999999997,802.5,Thursday,NH,W,WWW
Mount Road ATM,16-06-2011,199,83,116,10693.58,4988.34,5705.24,Thursday,NH,W,WWW
Airport ATM,16-06-2011,102,79,23,9422.42,8532.18,890.24,Thursday,NH,W,WWW
KK Nagar ATM,16-06-2011,181,145,36,18050.899999999998,15519.279999999999,2531.62,Thursday,NH,W,WWW
Christ College ATM,16-06-2011,60,38,22,6203.86,4543.219999999999,1660.6399999999999,Thursday,NH,W,WWW
Big Street ATM,17-06-2011,23,11,12,1887.4799999999998,1016.5,870.9799999999999,Friday,NH,W,WWH
Mount Road ATM,17-06-2011,128,72,56,10408.96,7194.679999999999,3214.2799999999997,Friday,NH,W,WWH
Airport ATM,17-06-2011,85,69,16,6507.74,5643.179999999999,864.56,Friday,NH,W,WWH
KK Nagar ATM,17-06-2011,137,109,28,9918.9,8358.84,1560.06,Friday,NH,W,WWH
Christ College ATM,17-06-2011,55,38,17,5549.0199999999995,3588.7799999999997,1960.24,Friday,NH,W,WWH
Big Street ATM,18-06-2011,43,17,26,2535.9,1099.96,1435.9399999999998,Saturday,NH,H,WHH
Mount Road ATM,18-06-2011,240,77,163,14055.519999999999,6586.92,7468.599999999999,Saturday,NH,H,WHH
Airport ATM,18-06-2011,108,79,29,8855.32,6681.08,2174.24,Saturday,NH,H,WHH
KK Nagar ATM,18-06-2011,165,135,30,13116.06,10500.98,2615.08,Saturday,NH,H,WHH
Christ College ATM,18-06-2011,81,51,30,5320.04,3723.6,1596.4399999999998,Saturday,NH,H,WHH
Big Street ATM,19-06-2011,45,18,27,2963.8999999999996,1254.04,1709.86,Sunday,NH,H,HHW
Mount Road ATM,19-06-2011,235,42,193,10152.16,2634.3399999999997,7517.82,Sunday,NH,H,HHW
Airport ATM,19-06-2011,89,64,25,5861.46,5255.84,605.62,Sunday,NH,H,HHW
KK Nagar ATM,19-06-2011,93,62,31,5435.599999999999,3995.3799999999997,1440.22,Sunday,NH,H,HHW
Christ College ATM,19-06-2011,81,34,47,6250.94,2195.64,4055.2999999999997,Sunday,NH,H,HHW
Big Street ATM,20-06-2011,34,21,13,3182.18,2499.52,682.66,Monday,NH,W,HWW
Mount Road ATM,20-06-2011,206,92,114,14434.3,8112.74,6321.5599999999995,Monday,NH,W,HWW
Airport ATM,20-06-2011,115,88,27,12120.96,9739.14,2381.8199999999997,Monday,NH,W,HWW
KK Nagar ATM,20-06-2011,154,123,31,13824.4,11633.039999999999,2191.3599999999997,Monday,NH,W,HWW
Christ College ATM,20-06-2011,79,49,30,7922.28,5544.74,2377.54,Monday,NH,W,HWW
Big Street ATM,21-06-2011,51,22,29,3680.7999999999997,1682.04,1998.76,Tuesday,NH,W,WWW
Mount Road ATM,21-06-2011,129,50,79,6488.48,3578.08,2910.3999999999996,Tuesday,NH,W,WWW
Airport ATM,21-06-2011,87,71,16,6781.66,5912.82,868.8399999999999,Tuesday,NH,W,WWW
KK Nagar ATM,21-06-2011,140,106,34,10926.84,8523.619999999999,2403.22,Tuesday,NH,W,WWW
Christ College ATM,21-06-2011,80,39,41,8583.539999999999,4461.9,4121.639999999999,Tuesday,NH,W,WWW
Big Street ATM,22-06-2011,28,17,11,2242.72,1649.9399999999998,592.78,Wednesday,NH,W,WWW
Mount Road ATM,22-06-2011,153,68,85,9724.16,5009.74,4714.42,Wednesday,NH,W,WWW
Airport ATM,22-06-2011,101,81,20,9552.96,8435.88,1117.08,Wednesday,NH,W,WWW
KK Nagar ATM,22-06-2011,179,144,35,15121.24,13248.74,1872.5,Wednesday,NH,W,WWW
Christ College ATM,22-06-2011,74,45,29,7515.679999999999,4429.8,3085.8799999999997,Wednesday,NH,W,WWW
Big Street ATM,23-06-2011,36,21,15,2835.5,1814.7199999999998,1020.78,Thursday,NH,W,WWW
Mount Road ATM,23-06-2011,150,73,77,8395.22,4384.86,4010.3599999999997,Thursday,NH,W,WWW
Airport ATM,23-06-2011,89,77,12,7098.379999999999,6488.48,609.9,Thursday,NH,W,WWW
KK Nagar ATM,23-06-2011,139,104,35,10387.56,7956.5199999999995,2431.04,Thursday,NH,W,WWW
Christ College ATM,23-06-2011,57,33,24,4269.3,2891.14,1378.1599999999999,Thursday,NH,W,WWW
Big Street ATM,24-06-2011,44,27,17,4217.94,2880.44,1337.5,Friday,NH,W,WWH
Mount Road ATM,24-06-2011,189,84,105,12283.599999999999,6227.4,6056.2,Friday,NH,W,WWH
Airport ATM,24-06-2011,92,77,15,10432.5,8589.96,1842.54,Friday,NH,W,WWH
KK Nagar ATM,24-06-2011,90,70,20,6848.0,5418.48,1429.52,Friday,NH,W,WWH
Christ College ATM,24-06-2011,84,49,35,6116.12,3073.04,3043.08,Friday,NH,W,WWH
Big Street ATM,25-06-2011,23,12,11,2655.74,1532.24,1123.5,Saturday,NH,H,WHH
Mount Road ATM,25-06-2011,142,71,71,10413.24,6987.099999999999,3426.14,Saturday,NH,H,WHH
Airport ATM,25-06-2011,123,95,28,9978.82,8694.82,1284.0,Saturday,NH,H,WHH
KK Nagar ATM,25-06-2011,201,153,48,13265.859999999999,11170.8,2095.06,Saturday,NH,H,WHH
Christ College ATM,25-06-2011,73,40,33,6413.58,3415.4399999999996,2998.14,Saturday,NH,H,WHH
Big Street ATM,26-06-2011,35,17,18,1174.86,674.0999999999999,500.76,Sunday,NH,H,HHW
Mount Road ATM,26-06-2011,191,46,145,11320.599999999999,3567.3799999999997,7753.219999999999,Sunday,NH,H,HHW
Airport ATM,26-06-2011,103,68,35,8292.5,5589.679999999999,2702.8199999999997,Sunday,NH,H,HHW
KK Nagar ATM,26-06-2011,68,47,21,3073.04,2103.62,969.42,Sunday,NH,H,HHW
Christ College ATM,26-06-2011,33,19,14,1868.2199999999998,1219.8,648.42,Sunday,NH,H,HHW
Big Street ATM,27-06-2011,20,13,7,1637.1,1097.82,539.28,Monday,NH,W,HWW
Mount Road ATM,27-06-2011,184,70,114,13745.22,6086.16,7659.0599999999995,Monday,NH,W,HWW
Airport ATM,27-06-2011,103,76,27,8061.379999999999,6191.0199999999995,1870.36,Monday,NH,W,HWW
KK Nagar ATM,27-06-2011,204,169,35,16223.339999999998,14164.66,2058.68,Monday,NH,W,HWW
Christ College ATM,27-06-2011,84,45,39,7263.16,3995.3799999999997,3267.7799999999997,Monday,NH,W,HWW
Big Street ATM,28-06-2011,35,12,23,4046.74,1040.04,3006.7,Tuesday,NH,W,WWW
Mount Road ATM,28-06-2011,169,81,88,8602.8,6126.82,2475.98,Tuesday,NH,W,WWW
Airport ATM,28-06-2011,88,75,13,6139.66,5703.099999999999,436.56,Tuesday,NH,W,WWW
KK Nagar ATM,28-06-2011,154,126,28,14087.619999999999,11894.119999999999,2193.5,Tuesday,NH,W,WWW
Christ College ATM,28-06-2011,73,40,33,5698.82,3040.94,2657.8799999999997,Tuesday,NH,W,WWW
Big Street ATM,29-06-2011,33,9,24,2782.0,430.14,2351.8599999999997,Wednesday,NH,W,WWW
Mount Road ATM,29-06-2011,143,54,89,10122.199999999999,4074.56,6047.639999999999,Wednesday,NH,W,WWW
Airport ATM,29-06-2011,116,87,29,12281.46,10323.359999999999,1958.1,Wednesday,NH,W,WWW
KK Nagar ATM,29-06-2011,156,135,21,12726.58,11205.039999999999,1521.54,Wednesday,NH,W,WWW
Christ College ATM,29-06-2011,74,51,23,5290.08,2953.2,2336.8799999999997,Wednesday,NH,W,WWW
Big Street ATM,30-06-2011,28,18,10,2163.54,1701.3,462.23999999999995,Thursday,NH,W,WWW
Mount Road ATM,30-06-2011,162,91,71,10342.619999999999,5799.4,4543.219999999999,Thursday,NH,W,WWW
Airport ATM,30-06-2011,119,91,28,12204.42,10588.72,1615.6999999999998,Thursday,NH,W,WWW
KK Nagar ATM,30-06-2011,178,158,20,15260.339999999998,14532.74,727.5999999999999,Thursday,NH,W,WWW
Christ College ATM,30-06-2011,69,45,24,7106.94,4870.639999999999,2236.2999999999997,Thursday,NH,W,WWW
Big Street ATM,1/7/2011,38,19,19,3398.3199999999997,1829.6999999999998,1568.62,Friday,NH,W,WWH
Mount Road ATM,1/7/2011,166,73,93,12947.0,6163.2,6783.799999999999,Friday,NH,W,WWH
Airport ATM,1/7/2011,115,93,22,10704.279999999999,9005.119999999999,1699.1599999999999,Friday,NH,W,WWH
KK Nagar ATM,1/7/2011,201,165,36,16995.879999999997,14900.82,2095.06,Friday,NH,W,WWH
Christ College ATM,1/7/2011,88,47,41,8628.48,3901.22,4727.259999999999,Friday,NH,W,WWH
Big Street ATM,2/7/2011,36,18,18,1455.1999999999998,888.0999999999999,567.1,Saturday,NH,H,WHH
Mount Road ATM,2/7/2011,197,105,92,18329.1,12069.599999999999,6259.5,Saturday,NH,H,WHH
Airport ATM,2/7/2011,139,117,22,15283.88,13713.119999999999,1570.76,Saturday,NH,H,WHH
KK Nagar ATM,2/7/2011,196,149,47,19193.66,13880.039999999999,5313.62,Saturday,NH,H,WHH
Christ College ATM,2/7/2011,87,37,50,9022.24,4523.96,4498.28,Saturday,NH,H,WHH
Big Street ATM,3/7/2011,40,26,14,2636.48,1793.32,843.16,Sunday,NH,H,HHW
Mount Road ATM,3/7/2011,177,55,122,14312.32,6726.0199999999995,7586.299999999999,Sunday,NH,H,HHW
Airport ATM,3/7/2011,107,67,40,10117.92,7310.24,2807.68,Sunday,NH,H,HHW
KK Nagar ATM,3/7/2011,133,99,34,10214.22,7314.5199999999995,2899.7,Sunday,NH,H,HHW
Christ College ATM,3/7/2011,85,24,61,6955.0,2321.9,4633.099999999999,Sunday,NH,H,HHW
Big Street ATM,4/7/2011,33,16,17,1998.76,980.12,1018.64,Monday,NH,W,HWW
Mount Road ATM,4/7/2011,301,98,203,22461.44,11059.519999999999,11401.92,Monday,NH,W,HWW
Airport ATM,4/7/2011,150,108,42,13173.84,10916.14,2257.7,Monday,NH,W,HWW
KK Nagar ATM,4/7/2011,186,163,23,16135.599999999999,13477.72,2657.8799999999997,Monday,NH,W,HWW
Christ College ATM,4/7/2011,96,43,53,9475.92,3873.3999999999996,5602.5199999999995,Monday,NH,W,HWW
Big Street ATM,5/7/2011,32,17,15,2439.6,1149.1799999999998,1290.4199999999998,Tuesday,NH,W,WWW
Mount Road ATM,5/7/2011,186,78,108,13888.599999999999,7877.339999999999,6011.259999999999,Tuesday,NH,W,WWW
Airport ATM,5/7/2011,96,79,17,9850.42,8626.34,1224.08,Tuesday,NH,W,WWW
KK Nagar ATM,5/7/2011,210,159,51,23017.84,18153.62,4864.219999999999,Tuesday,NH,W,WWW
Christ College ATM,5/7/2011,59,36,23,6336.54,4331.36,2005.1799999999998,Tuesday,NH,W,WWW
Big Street ATM,6/7/2011,34,23,11,2067.24,1348.1999999999998,719.04,Wednesday,NH,W,WWW
Mount Road ATM,6/7/2011,217,98,119,19418.36,10764.199999999999,8654.16,Wednesday,NH,W,WWW
Airport ATM,6/7/2011,107,90,17,12185.16,10404.68,1780.48,Wednesday,NH,W,WWW
KK Nagar ATM,6/7/2011,201,167,34,18695.039999999997,15936.58,2758.46,Wednesday,NH,W,WWW
Christ College ATM,6/7/2011,146,69,77,15476.48,7977.919999999999,7498.5599999999995,Wednesday,NH,W,WWW
Big Street ATM,7/7/2011,33,23,10,2713.52,1940.9799999999998,772.54,Thursday,NH,W,WWW
Mount Road ATM,7/7/2011,154,69,85,9313.279999999999,5570.42,3742.8599999999997,Thursday,NH,W,WWW
Airport ATM,7/7/2011,129,87,42,12739.42,8367.4,4372.0199999999995,Thursday,NH,W,WWW
KK Nagar ATM,7/7/2011,161,138,23,16315.359999999999,14168.939999999999,2146.42,Thursday,NH,W,WWW
Christ College ATM,7/7/2011,111,59,52,10257.019999999999,5039.7,5217.32,Thursday,NH,W,WWW
Big Street ATM,8/7/2011,31,13,18,2435.3199999999997,999.38,1435.9399999999998,Friday,NH,W,WWW
Mount Road ATM,8/7/2011,191,128,63,15729.0,12313.56,3415.4399999999996,Friday,NH,W,WWW
Airport ATM,8/7/2011,108,83,25,8744.039999999999,7400.12,1343.9199999999998,Friday,NH,W,WWW
KK Nagar ATM,8/7/2011,141,121,20,11513.199999999999,10218.5,1294.7,Friday,NH,W,WWW
Christ College ATM,8/7/2011,104,64,40,9854.699999999999,6188.88,3665.8199999999997,Friday,NH,W,WWW
Big Street ATM,9/7/2011,25,19,6,2101.48,1619.98,481.5,Saturday,NH,H,WHH
Mount Road ATM,9/7/2011,207,120,87,15803.9,12493.32,3310.58,Saturday,NH,H,WHH
Airport ATM,9/7/2011,146,124,22,14986.42,12844.279999999999,2142.14,Saturday,NH,H,WHH
KK Nagar ATM,9/7/2011,209,188,21,18301.28,16734.8,1566.48,Saturday,NH,H,WHH
Christ College ATM,9/7/2011,63,41,22,6678.94,4928.42,1750.52,Saturday,NH,H,WHH
Big Street ATM,10/7/2011,33,23,10,3498.8999999999996,2431.04,1067.86,Sunday,NH,H,HHW
Mount Road ATM,10/7/2011,119,40,79,7470.74,3203.58,4267.16,Sunday,NH,H,HHW
Airport ATM,10/7/2011,103,79,24,9888.939999999999,8348.14,1540.8,Sunday,NH,H,HHW
KK Nagar ATM,10/7/2011,125,93,32,8720.5,6807.339999999999,1913.1599999999999,Sunday,NH,H,HHW
Christ College ATM,10/7/2011,53,30,23,4808.58,2302.64,2505.94,Sunday,NH,H,HHW
Big Street ATM,11/7/2011,27,16,11,2105.7599999999998,1341.78,763.9799999999999,Monday,NH,W,HWW
Mount Road ATM,11/7/2011,204,98,106,13105.359999999999,7866.639999999999,5238.719999999999,Monday,NH,W,HWW
Airport ATM,11/7/2011,134,114,20,15114.82,12959.84,2154.98,Monday,NH,W,HWW
KK Nagar ATM,11/7/2011,206,163,43,20359.96,15947.279999999999,4412.679999999999,Monday,NH,W,HWW
Christ College ATM,11/7/2011,85,46,39,6642.5599999999995,3199.2999999999997,3443.2599999999998,Monday,NH,W,HWW
Big Street ATM,12/7/2011,23,18,5,1855.3799999999999,1799.74,55.64,Tuesday,NH,W,WWW
Mount Road ATM,12/7/2011,184,102,82,11954.039999999999,8542.88,3411.16,Tuesday,NH,W,WWW
Airport ATM,12/7/2011,134,111,23,11262.82,10002.359999999999,1260.46,Tuesday,NH,W,WWW
KK Nagar ATM,12/7/2011,185,154,31,16306.8,14094.039999999999,2212.7599999999998,Tuesday,NH,W,WWW
Christ College ATM,12/7/2011,67,48,19,4733.679999999999,3879.8199999999997,853.8599999999999,Tuesday,NH,W,WWW
Big Street ATM,13-07-2011,28,12,16,2261.98,1052.8799999999999,1209.1,Wednesday,NH,W,WWW
Mount Road ATM,13-07-2011,239,105,134,14648.3,9326.119999999999,5322.179999999999,Wednesday,NH,W,WWW
Airport ATM,13-07-2011,147,117,30,13116.06,11733.619999999999,1382.4399999999998,Wednesday,NH,W,WWW
KK Nagar ATM,13-07-2011,175,150,25,15735.42,14031.98,1703.4399999999998,Wednesday,NH,W,WWW
Christ College ATM,13-07-2011,60,45,15,4697.3,4070.2799999999997,627.02,Wednesday,NH,W,WWW
Big Street ATM,14-07-2011,14,0,14,1040.04,0.0,1040.04,Thursday,NH,W,WWW
Mount Road ATM,14-07-2011,147,71,76,8397.359999999999,4969.08,3428.2799999999997,Thursday,NH,W,WWW
Airport ATM,14-07-2011,120,95,25,12080.3,9796.92,2283.3799999999997,Thursday,NH,W,WWW
KK Nagar ATM,14-07-2011,182,132,50,15761.099999999999,11277.8,4483.3,Thursday,NH,W,WWW
Christ College ATM,14-07-2011,68,44,24,5414.2,3582.3599999999997,1831.84,Thursday,NH,W,WWW
Big Street ATM,15-07-2011,19,4,15,2086.5,342.4,1744.1,Friday,NH,W,WWH
Mount Road ATM,15-07-2011,142,84,58,9465.22,6439.259999999999,3025.96,Friday,NH,W,WWH
Airport ATM,15-07-2011,100,79,21,8500.08,7383.0,1117.08,Friday,NH,W,WWH
KK Nagar ATM,15-07-2011,147,116,31,10158.58,7990.759999999999,2167.8199999999997,Friday,NH,W,WWH
Christ College ATM,15-07-2011,54,39,15,4894.179999999999,3468.9399999999996,1425.24,Friday,NH,W,WWH
Big Street ATM,16-07-2011,27,16,11,2617.22,1495.86,1121.36,Saturday,NH,H,WHH
Mount Road ATM,16-07-2011,150,76,74,9630.0,5401.36,4228.639999999999,Saturday,NH,H,WHH
Airport ATM,16-07-2011,96,81,15,9300.439999999999,8684.119999999999,616.3199999999999,Saturday,NH,H,WHH
KK Nagar ATM,16-07-2011,172,152,20,14286.64,12859.26,1427.3799999999999,Saturday,NH,H,WHH
Christ College ATM,16-07-2011,64,38,26,6546.259999999999,4624.54,1921.7199999999998,Saturday,NH,H,WHH
Big Street ATM,17-07-2011,20,14,6,1142.76,885.9599999999999,256.8,Sunday,NH,H,HHW
Mount Road ATM,17-07-2011,109,49,60,6595.48,2531.62,4063.8599999999997,Sunday,NH,H,HHW
Airport ATM,17-07-2011,99,79,20,9077.88,6837.299999999999,2240.58,Sunday,NH,H,HHW
KK Nagar ATM,17-07-2011,87,63,24,6208.139999999999,4053.16,2154.98,Sunday,NH,H,HHW
Christ College ATM,17-07-2011,78,49,29,6531.28,4596.719999999999,1934.56,Sunday,NH,H,HHW
Big Street ATM,18-07-2011,15,15,0,2152.8399999999997,2152.8399999999997,0.0,Monday,NH,W,HWW
Mount Road ATM,18-07-2011,142,93,49,9349.66,6783.799999999999,2565.8599999999997,Monday,NH,W,HWW
Airport ATM,18-07-2011,100,72,28,8934.5,7329.5,1605.0,Monday,NH,W,HWW
KK Nagar ATM,18-07-2011,182,154,28,16636.36,14171.08,2465.2799999999997,Monday,NH,W,HWW
Christ College ATM,18-07-2011,59,31,28,4761.5,3060.2,1701.3,Monday,NH,W,HWW
Big Street ATM,19-07-2011,20,16,4,1123.5,1070.0,53.5,Tuesday,NH,W,WWW
Mount Road ATM,19-07-2011,129,71,58,8365.26,6069.04,2296.22,Tuesday,NH,W,WWW
Airport ATM,19-07-2011,86,64,22,7671.9,6360.08,1311.82,Tuesday,NH,W,WWW
KK Nagar ATM,19-07-2011,157,120,37,10550.199999999999,7733.96,2816.24,Tuesday,NH,W,WWW
Christ College ATM,19-07-2011,55,38,17,4693.0199999999995,3398.3199999999997,1294.7,Tuesday,NH,W,WWW
Big Street ATM,20-07-2011,38,17,21,3389.7599999999998,2020.1599999999999,1369.6,Wednesday,NH,W,WWW
Mount Road ATM,20-07-2011,177,70,107,10150.019999999999,4827.84,5322.179999999999,Wednesday,NH,W,WWW
Airport ATM,20-07-2011,110,86,24,11046.68,9379.619999999999,1667.06,Wednesday,NH,W,WWW
KK Nagar ATM,20-07-2011,168,123,45,12613.16,10312.66,2300.5,Wednesday,NH,W,WWW
Christ College ATM,20-07-2011,58,36,22,4823.5599999999995,3417.58,1405.98,Wednesday,NH,W,WWW
Big Street ATM,21-07-2011,38,15,23,2007.32,926.62,1080.7,Thursday,NH,W,WWW
Mount Road ATM,21-07-2011,234,81,153,12204.42,6813.759999999999,5390.66,Thursday,NH,W,WWW
Airport ATM,21-07-2011,122,89,33,9884.66,7945.82,1938.84,Thursday,NH,W,WWW
KK Nagar ATM,21-07-2011,186,132,54,13445.619999999999,9880.38,3565.24,Thursday,NH,W,WWW
Christ College ATM,21-07-2011,96,52,44,8465.84,4519.679999999999,3946.16,Thursday,NH,W,WWW
Big Street ATM,22-07-2011,39,13,26,2608.66,971.56,1637.1,Friday,NH,W,WWH
Mount Road ATM,22-07-2011,258,69,189,16591.42,6041.219999999999,10550.199999999999,Friday,NH,W,WWH
Airport ATM,22-07-2011,111,84,27,10524.519999999999,8401.64,2122.88,Friday,NH,W,WWH
KK Nagar ATM,22-07-2011,156,117,39,12504.019999999999,9189.16,3314.8599999999997,Friday,NH,W,WWH
Christ College ATM,22-07-2011,71,40,31,7091.96,4851.38,2240.58,Friday,NH,W,WWH
Big Street ATM,23-07-2011,33,16,17,2253.42,1198.3999999999999,1055.02,Saturday,NH,H,WHH
Mount Road ATM,23-07-2011,244,65,179,11879.14,3629.4399999999996,8249.699999999999,Saturday,NH,H,WHH
Airport ATM,23-07-2011,106,70,36,7813.139999999999,5602.5199999999995,2210.62,Saturday,NH,H,WHH
KK Nagar ATM,23-07-2011,231,158,73,19343.46,14631.179999999998,4712.28,Saturday,NH,H,WHH
Christ College ATM,23-07-2011,92,56,36,7134.759999999999,5257.98,1876.78,Saturday,NH,H,WHH
Big Street ATM,24-07-2011,47,10,37,3124.3999999999996,890.24,2234.16,Sunday,NH,H,HHW
Mount Road ATM,24-07-2011,293,44,249,13058.279999999999,2846.2,10212.08,Sunday,NH,H,HHW
Airport ATM,24-07-2011,127,69,58,9056.48,5572.5599999999995,3483.9199999999996,Sunday,NH,H,HHW
KK Nagar ATM,24-07-2011,155,83,72,9047.92,4280.0,4767.92,Sunday,NH,H,HHW
Christ College ATM,24-07-2011,73,16,57,4558.2,1153.46,3404.74,Sunday,NH,H,HHW
Big Street ATM,25-07-2011,34,12,22,2030.86,1142.76,888.0999999999999,Monday,NH,W,HWW
Mount Road ATM,25-07-2011,264,84,180,15534.259999999998,6805.2,8729.06,Monday,NH,W,HWW
Airport ATM,25-07-2011,135,99,36,9364.64,7853.799999999999,1510.84,Monday,NH,W,HWW
KK Nagar ATM,25-07-2011,174,132,42,14988.56,12255.779999999999,2732.7799999999997,Monday,NH,W,HWW
Christ College ATM,25-07-2011,61,31,30,5106.04,2597.96,2508.08,Monday,NH,W,HWW
Big Street ATM,26-07-2011,36,21,15,2891.14,1771.9199999999998,1119.22,Tuesday,NH,W,WWW
Mount Road ATM,26-07-2011,126,67,59,6925.04,4414.82,2510.22,Tuesday,NH,W,WWW
Airport ATM,26-07-2011,85,73,12,5756.599999999999,4922.0,834.5999999999999,Tuesday,NH,W,WWW
KK Nagar ATM,26-07-2011,157,136,21,12944.859999999999,11821.359999999999,1123.5,Tuesday,NH,W,WWW
Christ College ATM,26-07-2011,30,21,9,2493.1,1917.4399999999998,575.66,Tuesday,NH,W,WWW
Big Street ATM,27-07-2011,24,17,7,1870.36,1326.8,543.56,Wednesday,NH,W,WWW
Mount Road ATM,27-07-2011,164,75,89,11187.92,6171.759999999999,5016.16,Wednesday,NH,W,WWW
Airport ATM,27-07-2011,96,76,20,8587.82,7635.5199999999995,952.3,Wednesday,NH,W,WWW
KK Nagar ATM,27-07-2011,153,131,22,13670.32,12613.16,1057.1599999999999,Wednesday,NH,W,WWW
Christ College ATM,27-07-2011,62,42,20,3706.48,2826.94,879.54,Wednesday,NH,W,WWW
Big Street ATM,28-07-2011,32,18,14,2336.8799999999997,1746.24,590.64,Thursday,NH,W,WWW
Mount Road ATM,28-07-2011,109,52,57,6674.66,3676.52,2998.14,Thursday,NH,W,WWW
Airport ATM,28-07-2011,94,72,22,7898.74,7070.5599999999995,828.18,Thursday,NH,W,WWW
KK Nagar ATM,28-07-2011,152,127,25,11098.039999999999,9544.4,1553.6399999999999,Thursday,NH,W,WWW
Christ College ATM,28-07-2011,66,34,32,4740.099999999999,2966.04,1774.06,Thursday,NH,W,WWW
Big Street ATM,29-07-2011,40,13,27,2788.42,1082.84,1705.58,Friday,NH,W,WWH
Mount Road ATM,29-07-2011,173,84,89,10117.92,5750.179999999999,4367.74,Friday,NH,W,WWH
Airport ATM,29-07-2011,78,55,23,5829.36,4532.5199999999995,1296.84,Friday,NH,W,WWH
KK Nagar ATM,29-07-2011,98,74,24,7209.66,5133.86,2075.7999999999997,Friday,NH,W,WWH
Christ College ATM,29-07-2011,80,50,30,7301.679999999999,4560.34,2741.3399999999997,Friday,NH,W,WWH
Big Street ATM,30-07-2011,42,17,25,3501.04,1915.3,1585.74,Saturday,NH,H,WHH
Mount Road ATM,30-07-2011,281,103,178,13068.98,4494.0,8574.98,Saturday,NH,H,WHH
Airport ATM,30-07-2011,126,95,31,14205.32,11566.699999999999,2638.62,Saturday,NH,H,WHH
KK Nagar ATM,30-07-2011,219,155,64,22262.42,15970.82,6291.599999999999,Saturday,NH,H,WHH
Christ College ATM,30-07-2011,109,51,58,9092.859999999999,4275.719999999999,4817.139999999999,Saturday,NH,H,WHH
Big Street ATM,31-07-2011,68,21,47,3494.62,1296.84,2197.7799999999997,Sunday,NH,H,HHW
Mount Road ATM,31-07-2011,230,57,173,12591.76,3678.66,8913.1,Sunday,NH,H,HHW
Airport ATM,31-07-2011,85,56,29,7432.219999999999,5645.32,1786.8999999999999,Sunday,NH,H,HHW
KK Nagar ATM,31-07-2011,93,81,12,7838.82,7387.28,451.53999999999996,Sunday,NH,H,HHW
Christ College ATM,31-07-2011,58,27,31,4885.62,2193.5,2692.12,Sunday,NH,H,HHW
Big Street ATM,1/8/2011,57,21,36,6263.78,2692.12,3571.66,Monday,NH,W,HWW
Mount Road ATM,1/8/2011,293,111,182,22429.34,8538.6,13890.74,Monday,NH,W,HWW
Airport ATM,1/8/2011,124,90,34,14076.92,11643.74,2433.18,Monday,NH,W,HWW
KK Nagar ATM,1/8/2011,226,170,56,22776.02,16736.94,6039.08,Monday,NH,W,HWW
Christ College ATM,1/8/2011,74,39,35,6762.4,3687.22,3075.18,Monday,NH,W,HWW
Big Street ATM,2/8/2011,67,17,50,5221.599999999999,1450.9199999999998,3770.68,Tuesday,NH,W,WWW
Mount Road ATM,2/8/2011,221,102,119,14412.9,8241.14,6171.759999999999,Tuesday,NH,W,WWW
Airport ATM,2/8/2011,121,98,23,14370.099999999999,12352.08,2018.02,Tuesday,NH,W,WWW
KK Nagar ATM,2/8/2011,223,164,59,20036.82,15206.839999999998,4829.98,Tuesday,NH,W,WWW
Christ College ATM,2/8/2011,88,40,48,7686.879999999999,2989.58,4697.3,Tuesday,NH,W,WWW
Big Street ATM,3/8/2011,72,23,49,6648.98,2195.64,4453.34,Wednesday,NH,W,WWW
Mount Road ATM,3/8/2011,207,90,117,16161.279999999999,7278.139999999999,8883.14,Wednesday,NH,W,WWW
Airport ATM,3/8/2011,105,75,30,11862.019999999999,9702.76,2159.2599999999998,Wednesday,NH,W,WWW
KK Nagar ATM,3/8/2011,209,160,49,19367.0,14768.14,4598.86,Wednesday,NH,W,WWW
Christ College ATM,3/8/2011,53,23,30,3956.8599999999997,1851.1,2105.7599999999998,Wednesday,NH,W,WWW
Big Street ATM,4/8/2011,57,14,43,5914.96,1660.6399999999999,4254.32,Thursday,NH,W,WWW
Mount Road ATM,4/8/2011,178,75,103,12232.24,5977.0199999999995,6255.219999999999,Thursday,NH,W,WWW
Airport ATM,4/8/2011,129,98,31,12315.699999999999,10901.16,1414.54,Thursday,NH,W,WWW
KK Nagar ATM,4/8/2011,178,124,54,16771.18,12155.199999999999,4615.98,Thursday,NH,W,WWW
Christ College ATM,4/8/2011,87,57,30,8938.779999999999,6231.679999999999,2707.1,Thursday,NH,W,WWW
Big Street ATM,5/8/2011,57,16,41,4080.9799999999996,1483.02,2597.96,Friday,NH,W,WWH
Mount Road ATM,5/8/2011,209,91,118,12897.779999999999,6571.94,6325.839999999999,Friday,NH,W,WWH
Airport ATM,5/8/2011,94,74,20,9651.4,8560.0,1091.3999999999999,Friday,NH,W,WWH
KK Nagar ATM,5/8/2011,175,132,43,15540.679999999998,12467.64,3073.04,Friday,NH,W,WWH
Christ College ATM,5/8/2011,76,51,25,7025.62,5101.759999999999,1923.86,Friday,NH,W,WWH
Big Street ATM,6/8/2011,85,27,58,7344.48,2131.44,5213.04,Saturday,NH,H,WHH
Mount Road ATM,6/8/2011,249,89,160,18044.48,7975.78,10068.699999999999,Saturday,NH,H,WHH
Airport ATM,6/8/2011,154,105,49,15335.24,12043.92,3291.3199999999997,Saturday,NH,H,WHH
KK Nagar ATM,6/8/2011,204,142,62,16516.52,11044.539999999999,5471.98,Saturday,NH,H,WHH
Christ College ATM,6/8/2011,130,71,59,12080.3,7736.099999999999,4344.2,Saturday,NH,H,WHH
Big Street ATM,7/8/2011,70,16,54,4866.36,1622.12,3244.24,Sunday,NH,H,HHW
Mount Road ATM,7/8/2011,332,53,279,16127.039999999999,3353.3799999999997,12773.66,Sunday,NH,H,HHW
Airport ATM,7/8/2011,140,83,57,11252.119999999999,8191.919999999999,3060.2,Sunday,NH,H,HHW
KK Nagar ATM,7/8/2011,97,78,19,6357.94,5287.94,1070.0,Sunday,NH,H,HHW
Christ College ATM,7/8/2011,71,45,26,6653.259999999999,4767.92,1885.34,Sunday,NH,H,HHW
Big Street ATM,8/8/2011,67,15,52,7224.639999999999,2159.2599999999998,5065.38,Monday,NH,W,HWW
Mount Road ATM,8/8/2011,255,117,138,17712.78,10090.1,7622.679999999999,Monday,NH,W,HWW
Airport ATM,8/8/2011,137,100,37,12957.699999999999,10879.76,2077.94,Monday,NH,W,HWW
KK Nagar ATM,8/8/2011,180,138,42,15604.88,12578.92,3025.96,Monday,NH,W,HWW
Christ College ATM,8/8/2011,73,40,33,5523.34,2955.3399999999997,2568.0,Monday,NH,W,HWW
Big Street ATM,9/8/2011,71,28,43,5771.58,2929.66,2841.92,Tuesday,NH,W,WWW
Mount Road ATM,9/8/2011,184,95,89,13798.72,7755.36,6043.36,Tuesday,NH,W,WWW
Airport ATM,9/8/2011,119,87,32,12940.58,10890.46,2050.12,Tuesday,NH,W,WWW
KK Nagar ATM,9/8/2011,172,134,38,14305.9,10886.18,3419.72,Tuesday,NH,W,WWW
Christ College ATM,9/8/2011,69,29,40,4607.42,2110.04,2497.3799999999997,Tuesday,NH,W,WWW
Big Street ATM,10/8/2011,37,22,15,4416.96,3477.5,939.4599999999999,Wednesday,NH,W,WWW
Mount Road ATM,10/8/2011,164,84,80,12217.26,6601.9,5615.36,Wednesday,NH,W,WWW
Airport ATM,10/8/2011,120,87,33,12379.9,9777.66,2602.24,Wednesday,NH,W,WWW
KK Nagar ATM,10/8/2011,160,129,31,14855.88,11951.9,2903.98,Wednesday,NH,W,WWW
Christ College ATM,10/8/2011,92,62,30,9216.98,6124.679999999999,3092.2999999999997,Wednesday,NH,W,WWW
Big Street ATM,11/8/2011,47,36,11,4489.719999999999,4209.38,280.34,Thursday,NH,W,WWW
Mount Road ATM,11/8/2011,212,115,97,11889.84,7560.62,4329.219999999999,Thursday,NH,W,WWW
Airport ATM,11/8/2011,120,87,33,10903.3,9116.4,1786.8999999999999,Thursday,NH,W,WWW
KK Nagar ATM,11/8/2011,173,130,43,14937.199999999999,11898.4,3038.7999999999997,Thursday,NH,W,WWW
Christ College ATM,11/8/2011,75,46,29,9086.439999999999,6128.96,2957.48,Thursday,NH,W,WWW
Big Street ATM,12/8/2011,29,17,12,2769.16,1906.74,862.42,Friday,NH,W,WWH
Mount Road ATM,12/8/2011,173,74,99,11641.599999999999,6700.339999999999,4941.259999999999,Friday,NH,W,WWH
Airport ATM,12/8/2011,103,78,25,6984.96,6514.16,470.79999999999995,Friday,NH,W,WWH
KK Nagar ATM,12/8/2011,186,149,37,16719.82,13141.74,3578.08,Friday,NH,W,WWH
Christ College ATM,12/8/2011,84,46,38,7915.86,4924.139999999999,2991.72,Friday,NH,W,WWH
Big Street ATM,13-08-2011,26,11,15,1581.4599999999998,975.8399999999999,605.62,Saturday,NH,H,WHH
Mount Road ATM,13-08-2011,211,92,119,15234.66,9880.38,5354.28,Saturday,NH,H,WHH
Airport ATM,13-08-2011,112,83,29,11025.279999999999,8831.779999999999,2193.5,Saturday,NH,H,WHH
KK Nagar ATM,13-08-2011,173,132,41,13445.619999999999,10441.06,3004.56,Saturday,NH,H,WHH
Christ College ATM,13-08-2011,66,32,34,5850.759999999999,3614.46,2236.2999999999997,Saturday,NH,H,WHH
Big Street ATM,14-08-2011,34,14,20,2103.62,1164.1599999999999,939.4599999999999,Sunday,NH,H,HHH
Mount Road ATM,14-08-2011,179,46,133,10383.279999999999,4365.599999999999,6017.679999999999,Sunday,NH,H,HHH
Airport ATM,14-08-2011,94,70,24,6942.16,6028.38,913.78,Sunday,NH,H,HHH
KK Nagar ATM,14-08-2011,119,91,28,9208.42,7736.099999999999,1472.32,Sunday,NH,H,HHH
Christ College ATM,14-08-2011,55,31,24,4658.78,2685.7,1973.08,Sunday,NH,H,HHH
Big Street ATM,15-08-2011,4,4,0,620.6,620.6,0.0,Monday,N,H,HHW
Mount Road ATM,15-08-2011,141,33,108,7965.08,3852.0,4113.08,Monday,N,H,HHW
Airport ATM,15-08-2011,49,32,17,2655.74,1804.02,851.7199999999999,Monday,N,H,HHW
KK Nagar ATM,15-08-2011,95,67,28,9105.699999999999,7051.299999999999,2054.4,Monday,N,H,HHW
Christ College ATM,15-08-2011,28,16,12,2037.28,1136.34,900.9399999999999,Monday,N,H,HHW
Big Street ATM,16-08-2011,14,10,4,659.12,413.02,246.1,Tuesday,NH,W,HWW
Mount Road ATM,16-08-2011,242,111,131,16030.74,9756.26,6274.48,Tuesday,NH,W,HWW
Airport ATM,16-08-2011,105,83,22,8752.6,8018.58,734.02,Tuesday,NH,W,HWW
KK Nagar ATM,16-08-2011,205,150,55,14481.38,9970.26,4511.12,Tuesday,NH,W,HWW
Christ College ATM,16-08-2011,79,54,25,6306.58,4641.66,1664.9199999999998,Tuesday,NH,W,HWW
Big Street ATM,17-08-2011,24,16,8,1831.84,1630.6799999999998,201.16,Wednesday,NH,W,WWW
Mount Road ATM,17-08-2011,170,69,101,13875.759999999998,6837.299999999999,7038.46,Wednesday,NH,W,WWW
Airport ATM,17-08-2011,105,82,23,11136.56,9208.42,1928.1399999999999,Wednesday,NH,W,WWW
KK Nagar ATM,17-08-2011,214,163,51,20473.379999999997,16084.24,4389.139999999999,Wednesday,NH,W,WWW
Christ College ATM,17-08-2011,55,31,24,5384.24,3053.7799999999997,2330.46,Wednesday,NH,W,WWW
Big Street ATM,18-08-2011,25,12,13,2214.9,1309.6799999999998,905.2199999999999,Thursday,NH,W,WWW
Mount Road ATM,18-08-2011,191,73,118,11284.22,5140.28,6143.94,Thursday,NH,W,WWW
Airport ATM,18-08-2011,92,73,19,8838.199999999999,8059.24,778.9599999999999,Thursday,NH,W,WWW
KK Nagar ATM,18-08-2011,170,119,51,13017.619999999999,9518.72,3498.8999999999996,Thursday,NH,W,WWW
Christ College ATM,18-08-2011,60,40,20,5469.84,4521.82,948.02,Thursday,NH,W,WWW
Big Street ATM,19-08-2011,22,9,13,1031.48,558.54,472.94,Friday,NH,W,WWH
Mount Road ATM,19-08-2011,184,76,108,12461.22,6255.219999999999,6206.0,Friday,NH,W,WWH
Airport ATM,19-08-2011,87,72,15,7288.839999999999,6640.42,648.42,Friday,NH,W,WWH
KK Nagar ATM,19-08-2011,151,124,27,14124.0,11855.599999999999,2268.4,Friday,NH,W,WWH
Christ College ATM,19-08-2011,59,33,26,4613.84,3265.64,1348.1999999999998,Friday,NH,W,WWH
Big Street ATM,20-08-2011,36,23,13,2167.8199999999997,1639.24,528.5799999999999,Saturday,NH,H,WHH
Mount Road ATM,20-08-2011,236,84,152,16079.96,8146.98,7932.98,Saturday,NH,H,WHH
Airport ATM,20-08-2011,55,37,18,5103.9,4464.04,639.86,Saturday,NH,H,WHH
KK Nagar ATM,20-08-2011,188,150,38,15482.9,12754.4,2728.5,Saturday,NH,H,WHH
Christ College ATM,20-08-2011,70,41,29,6833.0199999999995,4699.44,2133.58,Saturday,NH,H,WHH
Big Street ATM,21-08-2011,35,9,26,2762.74,721.18,2041.56,Sunday,H,H,HHW
Mount Road ATM,21-08-2011,143,27,116,6768.82,1784.76,4984.0599999999995,Sunday,H,H,HHW
Airport ATM,21-08-2011,99,60,39,8117.0199999999995,6128.96,1988.06,Sunday,H,H,HHW
KK Nagar ATM,21-08-2011,98,85,13,6651.12,5208.759999999999,1442.36,Sunday,H,H,HHW
Christ College ATM,21-08-2011,60,34,26,4722.98,3047.3599999999997,1675.62,Sunday,H,H,HHW
Big Street ATM,22-08-2011,31,15,16,1872.5,1187.7,684.8,Monday,NH,W,HWW
Mount Road ATM,22-08-2011,171,68,103,8752.6,4305.679999999999,4446.92,Monday,NH,W,HWW
Airport ATM,22-08-2011,106,86,20,6777.379999999999,5895.7,881.68,Monday,NH,W,HWW
KK Nagar ATM,22-08-2011,201,152,49,18254.2,12433.4,5820.799999999999,Monday,NH,W,HWW
Christ College ATM,22-08-2011,75,47,28,8333.16,5326.46,3006.7,Monday,NH,W,HWW
Big Street ATM,23-08-2011,42,21,21,2891.14,1431.6599999999999,1459.48,Tuesday,NH,W,WWW
Mount Road ATM,23-08-2011,162,76,86,9480.199999999999,4526.099999999999,4954.099999999999,Tuesday,NH,W,WWW
Airport ATM,23-08-2011,89,68,21,8057.099999999999,6862.98,1194.12,Tuesday,NH,W,WWW
KK Nagar ATM,23-08-2011,159,127,32,13995.599999999999,10792.019999999999,3203.58,Tuesday,NH,W,WWW
Christ College ATM,23-08-2011,70,48,22,4164.44,3573.7999999999997,590.64,Tuesday,NH,W,WWW
Big Street ATM,24-08-2011,32,18,14,2088.64,1288.28,800.36,Wednesday,NH,W,WWW
Mount Road ATM,24-08-2011,152,79,73,9458.8,5919.24,3539.56,Wednesday,NH,W,WWW
Airport ATM,24-08-2011,70,52,18,7124.0599999999995,6411.44,712.62,Wednesday,NH,W,WWW
KK Nagar ATM,24-08-2011,202,158,44,17684.96,12801.48,4883.48,Wednesday,NH,W,WWW
Christ College ATM,24-08-2011,61,39,22,4376.3,3060.2,1316.1,Wednesday,NH,W,WWW
Big Street ATM,25-08-2011,29,17,12,2683.56,2099.3399999999997,584.2199999999999,Thursday,NH,W,WWW
Mount Road ATM,25-08-2011,142,73,69,10954.66,6852.28,4102.38,Thursday,NH,W,WWW
Airport ATM,25-08-2011,83,65,18,8022.86,5972.74,2050.12,Thursday,NH,W,WWW
KK Nagar ATM,25-08-2011,173,150,23,17862.579999999998,16450.18,1412.3999999999999,Thursday,NH,W,WWW
Christ College ATM,25-08-2011,75,34,41,4992.62,2854.7599999999998,2137.8599999999997,Thursday,NH,W,WWW
Big Street ATM,26-08-2011,34,24,10,2321.9,1808.3,513.6,Friday,NH,W,WWH
Mount Road ATM,26-08-2011,181,83,98,11806.38,7457.9,4348.48,Friday,NH,W,WWH
Airport ATM,26-08-2011,113,98,15,9942.439999999999,9617.16,325.28,Friday,NH,W,WWH
KK Nagar ATM,26-08-2011,153,122,31,13387.84,10770.619999999999,2617.22,Friday,NH,W,WWH
Christ College ATM,26-08-2011,74,42,32,6128.96,4305.679999999999,1823.28,Friday,NH,W,WWH
Big Street ATM,27-08-2011,31,5,26,1358.8999999999999,391.62,967.28,Saturday,NH,H,WHH
Mount Road ATM,27-08-2011,249,106,143,15607.019999999999,9107.84,6499.179999999999,Saturday,NH,H,WHH
Airport ATM,27-08-2011,111,81,30,13458.46,11399.779999999999,2058.68,Saturday,NH,H,WHH
KK Nagar ATM,27-08-2011,177,142,35,13002.64,10488.14,2514.5,Saturday,NH,H,WHH
Christ College ATM,27-08-2011,103,39,64,7297.4,3715.04,3582.3599999999997,Saturday,NH,H,WHH
Big Street ATM,28-08-2011,14,10,4,1423.1,1230.5,192.6,Sunday,NH,H,HHW
Mount Road ATM,28-08-2011,198,43,155,11712.22,4237.2,7475.0199999999995,Sunday,NH,H,HHW
Airport ATM,28-08-2011,90,67,23,6265.92,5420.62,845.3,Sunday,NH,H,HHW
KK Nagar ATM,28-08-2011,78,56,22,4782.9,3488.2,1294.7,Sunday,NH,H,HHW
Christ College ATM,28-08-2011,79,31,48,5555.44,2296.22,3259.22,Sunday,NH,H,HHW
Big Street ATM,29-08-2011,38,17,21,2206.3399999999997,1258.32,948.02,Monday,NH,W,HWW
Mount Road ATM,29-08-2011,159,83,76,9510.16,5352.139999999999,4158.0199999999995,Monday,NH,W,HWW
Airport ATM,29-08-2011,73,55,18,6803.0599999999995,5347.86,1455.1999999999998,Monday,NH,W,HWW
KK Nagar ATM,29-08-2011,200,145,55,16629.94,12097.42,4532.5199999999995,Monday,NH,W,HWW
Christ College ATM,29-08-2011,127,49,78,9501.6,3165.06,6336.54,Monday,NH,W,HWW
Big Street ATM,30-08-2011,42,25,17,3098.72,2311.2,787.52,Tuesday,NH,W,WHH
Mount Road ATM,30-08-2011,167,96,71,10862.64,6390.04,4472.599999999999,Tuesday,NH,W,WHH
Airport ATM,30-08-2011,110,82,28,11772.14,9908.199999999999,1863.9399999999998,Tuesday,NH,W,WHH
KK Nagar ATM,30-08-2011,216,174,42,16983.04,13721.679999999998,3261.3599999999997,Tuesday,NH,W,WHH
Christ College ATM,30-08-2011,132,49,83,9338.96,4331.36,5007.599999999999,Tuesday,NH,W,WHH
Big Street ATM,31-08-2011,36,14,22,2826.94,1795.4599999999998,1031.48,Wednesday,M,H,WHH
Mount Road ATM,31-08-2011,164,54,110,9959.56,3428.2799999999997,6531.28,Wednesday,M,H,WHH
Airport ATM,31-08-2011,79,53,26,8234.72,7220.36,1014.3599999999999,Wednesday,M,H,WHH
KK Nagar ATM,31-08-2011,193,133,60,14759.58,9728.439999999999,5031.139999999999,Wednesday,M,H,WHH
Christ College ATM,31-08-2011,125,38,87,12005.4,4464.04,7541.36,Wednesday,M,H,WHH
Big Street ATM,1/9/2011,35,16,19,2653.6,1731.26,922.3399999999999,Thursday,H,H,HHW
Mount Road ATM,1/9/2011,114,25,89,6753.839999999999,2249.14,4504.7,Thursday,H,H,HHW
Airport ATM,1/9/2011,80,46,34,8202.619999999999,5863.599999999999,2339.02,Thursday,H,H,HHW
KK Nagar ATM,1/9/2011,187,106,81,17586.52,9580.779999999999,8005.74,Thursday,H,H,HHW
Christ College ATM,1/9/2011,40,23,17,3650.8399999999997,1851.1,1799.74,Thursday,H,H,HHW
Big Street ATM,2/9/2011,34,22,12,4314.24,3329.8399999999997,984.4,Friday,NH,W,HWH
Mount Road ATM,2/9/2011,176,107,69,14201.039999999999,10560.9,3640.14,Friday,NH,W,HWH
Airport ATM,2/9/2011,129,81,48,12852.84,9257.64,3595.2,Friday,NH,W,HWH
KK Nagar ATM,2/9/2011,197,136,61,18549.52,11998.98,6550.54,Friday,NH,W,HWH
Christ College ATM,2/9/2011,71,50,21,5994.139999999999,3708.62,2285.52,Friday,NH,W,HWH
Big Street ATM,3/9/2011,29,14,15,3143.66,1821.1399999999999,1322.52,Saturday,NH,H,WHH
Mount Road ATM,3/9/2011,220,105,115,15703.32,8767.58,6935.74,Saturday,NH,H,WHH
Airport ATM,3/9/2011,156,109,47,15990.08,12264.34,3725.74,Saturday,NH,H,WHH
KK Nagar ATM,3/9/2011,218,158,60,19238.6,13736.66,5501.94,Saturday,NH,H,WHH
Christ College ATM,3/9/2011,96,53,43,9995.939999999999,6873.679999999999,3122.2599999999998,Saturday,NH,H,WHH
Big Street ATM,4/9/2011,67,23,44,4964.8,2527.3399999999997,2437.46,Sunday,NH,H,HHW
Mount Road ATM,4/9/2011,157,52,105,8497.939999999999,4357.04,4140.9,Sunday,NH,H,HHW
Airport ATM,4/9/2011,141,89,52,12328.539999999999,9450.24,2878.2999999999997,Sunday,NH,H,HHW
KK Nagar ATM,4/9/2011,109,75,34,10899.019999999999,8035.7,2863.3199999999997,Sunday,NH,H,HHW
Christ College ATM,4/9/2011,65,34,31,7034.179999999999,4342.0599999999995,2692.12,Sunday,NH,H,HHW
Big Street ATM,5/9/2011,36,18,18,4346.34,2745.62,1600.72,Monday,NH,W,HWW
Mount Road ATM,5/9/2011,206,92,114,17721.34,9642.84,8078.5,Monday,NH,W,HWW
Airport ATM,5/9/2011,134,107,27,13785.88,11701.519999999999,2084.3599999999997,Monday,NH,W,HWW
KK Nagar ATM,5/9/2011,193,146,47,18097.98,13578.3,4519.679999999999,Monday,NH,W,HWW
Christ College ATM,5/9/2011,106,71,35,11609.5,7958.66,3650.8399999999997,Monday,NH,W,HWW
Big Street ATM,6/9/2011,27,17,10,2332.6,1660.6399999999999,671.9599999999999,Tuesday,NH,W,WWW
Mount Road ATM,6/9/2011,229,99,130,15893.779999999999,7898.74,7995.04,Tuesday,NH,W,WWW
Airport ATM,6/9/2011,140,106,34,13503.4,11093.76,2409.64,Tuesday,NH,W,WWW
KK Nagar ATM,6/9/2011,202,155,47,20548.28,15189.72,5358.5599999999995,Tuesday,NH,W,WWW
Christ College ATM,6/9/2011,116,67,49,10190.68,5232.3,4958.38,Tuesday,NH,W,WWW
Big Street ATM,7/9/2011,38,19,19,2386.1,1258.32,1127.78,Wednesday,NH,W,WWW
Mount Road ATM,7/9/2011,221,118,103,17013.0,11342.0,5671.0,Wednesday,NH,W,WWW
Airport ATM,7/9/2011,150,110,40,15622.0,13282.98,2339.02,Wednesday,NH,W,WWW
KK Nagar ATM,7/9/2011,216,171,45,18915.46,14671.839999999998,4243.62,Wednesday,NH,W,WWW
Christ College ATM,7/9/2011,72,45,27,7697.58,5797.259999999999,1900.32,Wednesday,NH,W,WWW
Big Street ATM,8/9/2011,38,17,21,2865.46,1534.3799999999999,1331.08,Thursday,NH,W,WWW
Mount Road ATM,8/9/2011,180,89,91,13698.14,9362.5,4335.639999999999,Thursday,NH,W,WWW
Airport ATM,8/9/2011,142,107,35,14633.32,11881.279999999999,2752.04,Thursday,NH,W,WWW
KK Nagar ATM,8/9/2011,173,121,52,14425.74,10554.48,3871.2599999999998,Thursday,NH,W,WWW
Christ College ATM,8/9/2011,79,44,35,7387.28,4530.38,2856.8999999999996,Thursday,NH,W,WWW
Big Street ATM,9/9/2011,23,18,5,2261.98,1765.5,496.47999999999996,Friday,NH,W,WWW
Mount Road ATM,9/9/2011,125,52,73,7930.839999999999,3680.7999999999997,4250.04,Friday,NH,W,WWW
Airport ATM,9/9/2011,116,82,34,10376.859999999999,8264.68,2112.18,Friday,NH,W,WWW
KK Nagar ATM,9/9/2011,106,85,21,8881.0,6696.0599999999995,2184.94,Friday,NH,W,WWW
Christ College ATM,9/9/2011,112,39,73,7905.16,3346.96,4558.2,Friday,NH,W,WWW
Big Street ATM,10/9/2011,32,12,20,1446.6399999999999,620.6,826.04,Saturday,NH,H,WHH
Mount Road ATM,10/9/2011,133,77,56,9508.019999999999,6747.42,2760.6,Saturday,NH,H,WHH
Airport ATM,10/9/2011,142,94,48,14194.619999999999,11207.18,2987.44,Saturday,NH,H,WHH
KK Nagar ATM,10/9/2011,179,142,37,18500.3,15788.92,2711.3799999999997,Saturday,NH,H,WHH
Christ College ATM,10/9/2011,87,49,38,8423.039999999999,5257.98,3165.06,Saturday,NH,H,WHH
Big Street ATM,11/9/2011,39,12,27,2719.94,847.4399999999999,1872.5,Sunday,NH,H,HHW
Mount Road ATM,11/9/2011,152,42,110,6696.0599999999995,2604.3799999999997,4091.68,Sunday,NH,H,HHW
Airport ATM,11/9/2011,85,52,33,6681.08,4693.0199999999995,1988.06,Sunday,NH,H,HHW
KK Nagar ATM,11/9/2011,84,55,29,5583.259999999999,3804.9199999999996,1778.34,Sunday,NH,H,HHW
Christ College ATM,11/9/2011,49,25,24,3019.54,1771.9199999999998,1247.62,Sunday,NH,H,HHW
Big Street ATM,12/9/2011,20,14,6,1994.4799999999998,1654.22,340.26,Monday,NH,W,HWW
Mount Road ATM,12/9/2011,132,86,46,10032.32,7460.04,2572.2799999999997,Monday,NH,W,HWW
Airport ATM,12/9/2011,82,66,16,8836.06,7693.299999999999,1142.76,Monday,NH,W,HWW
KK Nagar ATM,12/9/2011,192,165,27,20340.7,17667.84,2672.8599999999997,Monday,NH,W,HWW
Christ College ATM,12/9/2011,50,31,19,3304.16,2229.88,1074.28,Monday,NH,W,HWW
Big Street ATM,13-09-2011,44,26,18,4335.639999999999,3483.9199999999996,851.7199999999999,Tuesday,NH,W,WWW
Mount Road ATM,13-09-2011,140,82,58,9182.74,5974.88,3207.8599999999997,Tuesday,NH,W,WWW
Airport ATM,13-09-2011,113,89,24,9608.6,7671.9,1936.6999999999998,Tuesday,NH,W,WWW
KK Nagar ATM,13-09-2011,156,137,19,13505.539999999999,12208.699999999999,1296.84,Tuesday,NH,W,WWW
Christ College ATM,13-09-2011,63,49,14,5302.92,4250.04,1052.8799999999999,Tuesday,NH,W,WWW
Big Street ATM,14-09-2011,31,18,13,2544.46,1797.6,746.86,Wednesday,NH,W,WWW
Mount Road ATM,14-09-2011,147,80,67,6417.86,4376.3,2041.56,Wednesday,NH,W,WWW
Airport ATM,14-09-2011,83,68,15,9360.359999999999,8262.539999999999,1097.82,Wednesday,NH,W,WWW
KK Nagar ATM,14-09-2011,150,126,24,11767.859999999999,10111.5,1656.36,Wednesday,NH,W,WWW
Christ College ATM,14-09-2011,65,46,19,6338.679999999999,4688.74,1649.9399999999998,Wednesday,NH,W,WWW
Big Street ATM,15-09-2011,27,13,14,2463.14,1500.1399999999999,963.0,Thursday,NH,W,WWW
Mount Road ATM,15-09-2011,160,75,85,11478.96,5467.7,6011.259999999999,Thursday,NH,W,WWW
Airport ATM,15-09-2011,94,67,27,8020.719999999999,6952.86,1067.86,Thursday,NH,W,WWW
KK Nagar ATM,15-09-2011,165,113,52,16052.14,11256.4,4795.74,Thursday,NH,W,WWW
Christ College ATM,15-09-2011,82,38,44,6995.66,3672.24,3323.4199999999996,Thursday,NH,W,WWW
Big Street ATM,16-09-2011,43,14,29,4181.5599999999995,2154.98,2026.58,Friday,NH,W,WWH
Mount Road ATM,16-09-2011,172,72,100,8562.14,4436.219999999999,4125.92,Friday,NH,W,WWH
Airport ATM,16-09-2011,99,69,30,7592.719999999999,6567.66,1025.06,Friday,NH,W,WWH
KK Nagar ATM,16-09-2011,190,131,59,17115.719999999998,13357.88,3757.8399999999997,Friday,NH,W,WWH
Christ College ATM,16-09-2011,74,40,34,7920.139999999999,4990.48,2929.66,Friday,NH,W,WWH
Big Street ATM,17-09-2011,41,17,24,2589.4,1224.08,1365.32,Saturday,NH,H,WHH
Mount Road ATM,17-09-2011,118,54,64,7186.12,5061.099999999999,2125.02,Saturday,NH,H,WHH
Airport ATM,17-09-2011,120,91,29,13355.74,11701.519999999999,1654.22,Saturday,NH,H,WHH
KK Nagar ATM,17-09-2011,199,146,53,13952.8,10659.34,3293.46,Saturday,NH,H,WHH
Christ College ATM,17-09-2011,75,42,33,5510.5,3115.8399999999997,2394.66,Saturday,NH,H,WHH
Big Street ATM,18-09-2011,36,17,19,2428.9,1519.3999999999999,909.5,Sunday,NH,H,HHW
Mount Road ATM,18-09-2011,117,36,81,6340.82,2664.2999999999997,3676.52,Sunday,NH,H,HHW
Airport ATM,18-09-2011,98,68,30,5957.759999999999,5020.44,937.3199999999999,Sunday,NH,H,HHW
KK Nagar ATM,18-09-2011,100,79,21,6146.08,4951.96,1194.12,Sunday,NH,H,HHW
Christ College ATM,18-09-2011,51,32,19,4205.099999999999,2349.72,1855.3799999999999,Sunday,NH,H,HHW
Big Street ATM,19-09-2011,35,15,20,2850.48,1746.24,1104.24,Monday,NH,W,HWW
Mount Road ATM,19-09-2011,210,103,107,13186.679999999998,7806.719999999999,5379.96,Monday,NH,W,HWW
Airport ATM,19-09-2011,113,89,24,10563.039999999999,9002.98,1560.06,Monday,NH,W,HWW
KK Nagar ATM,19-09-2011,160,135,25,11802.099999999999,10336.199999999999,1465.8999999999999,Monday,NH,W,HWW
Christ College ATM,19-09-2011,53,36,17,4586.0199999999995,3413.2999999999997,1172.72,Monday,NH,W,HWW
Big Street ATM,20-09-2011,33,19,14,2510.22,1778.34,731.88,Tuesday,NH,W,WWW
Mount Road ATM,20-09-2011,162,63,99,8538.6,4200.82,4337.78,Tuesday,NH,W,WWW
Airport ATM,20-09-2011,87,61,26,8097.759999999999,6443.54,1654.22,Tuesday,NH,W,WWW
KK Nagar ATM,20-09-2011,125,95,30,9471.64,7641.94,1829.6999999999998,Tuesday,NH,W,WWW
Christ College ATM,20-09-2011,70,39,31,6274.48,3877.68,2396.7999999999997,Tuesday,NH,W,WWW
Big Street ATM,21-09-2011,25,17,8,1831.84,1579.32,252.51999999999998,Wednesday,NH,W,WWW
Mount Road ATM,21-09-2011,167,81,86,12367.06,7785.32,4581.74,Wednesday,NH,W,WWW
Airport ATM,21-09-2011,95,66,29,7365.879999999999,5330.74,2035.1399999999999,Wednesday,NH,W,WWW
KK Nagar ATM,21-09-2011,169,142,27,12082.439999999999,10023.76,2058.68,Wednesday,NH,W,WWW
Christ College ATM,21-09-2011,84,44,40,6039.08,3368.3599999999997,2670.72,Wednesday,NH,W,WWW
Big Street ATM,22-09-2011,23,13,10,1110.6599999999999,768.26,342.4,Thursday,NH,W,WWW
Mount Road ATM,22-09-2011,147,72,75,7646.219999999999,3939.74,3706.48,Thursday,NH,W,WWW
Airport ATM,22-09-2011,83,69,14,6128.96,5812.24,316.71999999999997,Thursday,NH,W,WWW
KK Nagar ATM,22-09-2011,140,120,20,13167.42,11416.9,1750.52,Thursday,NH,W,WWW
Christ College ATM,22-09-2011,66,42,24,5514.78,4008.22,1506.56,Thursday,NH,W,WWW
Big Street ATM,23-09-2011,34,22,12,2268.4,1859.6599999999999,408.73999999999995,Friday,NH,W,WWH
Mount Road ATM,23-09-2011,153,82,71,7149.74,4282.139999999999,2867.6,Friday,NH,W,WWH
Airport ATM,23-09-2011,92,60,32,6512.0199999999995,5185.219999999999,1326.8,Friday,NH,W,WWH
KK Nagar ATM,23-09-2011,154,118,36,12816.46,10248.46,2568.0,Friday,NH,W,WWH
Christ College ATM,23-09-2011,74,44,30,6918.62,4720.84,2197.7799999999997,Friday,NH,W,WWH
Big Street ATM,24-09-2011,28,13,15,1487.3,755.42,731.88,Saturday,NH,H,WHH
Mount Road ATM,24-09-2011,180,82,98,13101.08,8054.959999999999,5046.12,Saturday,NH,H,WHH
Airport ATM,24-09-2011,121,91,30,10524.519999999999,8998.699999999999,1525.82,Saturday,NH,H,WHH
KK Nagar ATM,24-09-2011,158,122,36,14138.98,11059.519999999999,3079.46,Saturday,NH,H,WHH
Christ College ATM,24-09-2011,84,54,30,6524.86,4885.62,1639.24,Saturday,NH,H,WHH
Big Street ATM,25-09-2011,40,24,16,3120.12,2191.3599999999997,928.76,Sunday,NH,H,HHW
Mount Road ATM,25-09-2011,145,36,109,8224.02,3124.3999999999996,5099.62,Sunday,NH,H,HHW
Airport ATM,25-09-2011,97,75,22,10167.14,9321.84,845.3,Sunday,NH,H,HHW
KK Nagar ATM,25-09-2011,102,79,23,7017.0599999999995,5499.799999999999,1517.26,Sunday,NH,H,HHW
Christ College ATM,25-09-2011,45,21,24,3612.3199999999997,1919.58,1692.74,Sunday,NH,H,HHW
Big Street ATM,26-09-2011,18,10,8,684.8,417.29999999999995,267.5,Monday,NH,W,HWW
Mount Road ATM,26-09-2011,149,75,74,8219.74,4776.48,3443.2599999999998,Monday,NH,W,HWW
Airport ATM,26-09-2011,107,96,11,9279.039999999999,8973.02,306.02,Monday,NH,W,HWW
KK Nagar ATM,26-09-2011,185,149,36,15827.439999999999,13599.699999999999,2227.74,Monday,NH,W,HWW
Christ College ATM,26-09-2011,58,28,30,3993.24,1480.8799999999999,2512.3599999999997,Monday,NH,W,HWW
Big Street ATM,27-09-2011,44,25,19,3432.56,1823.28,1609.28,Tuesday,NH,W,WWW
Mount Road ATM,27-09-2011,160,90,70,10988.9,7218.219999999999,3770.68,Tuesday,NH,W,WWW
Airport ATM,27-09-2011,86,70,16,7128.339999999999,6188.88,939.4599999999999,Tuesday,NH,W,WWW
KK Nagar ATM,27-09-2011,185,154,31,17652.86,14772.42,2880.44,Tuesday,NH,W,WWW
Christ College ATM,27-09-2011,52,31,21,3734.2999999999997,2433.18,1301.12,Tuesday,NH,W,WWW
Big Street ATM,28-09-2011,42,16,26,3195.02,821.76,2373.2599999999998,Wednesday,NH,W,WWW
Mount Road ATM,28-09-2011,154,75,79,9848.279999999999,5476.259999999999,4372.0199999999995,Wednesday,NH,W,WWW
Airport ATM,28-09-2011,88,72,16,8943.06,7997.179999999999,945.88,Wednesday,NH,W,WWW
KK Nagar ATM,28-09-2011,184,152,32,18055.18,14554.14,3501.04,Wednesday,NH,W,WWW
Christ College ATM,28-09-2011,72,37,35,4999.04,2796.98,2202.06,Wednesday,NH,W,WWW
Big Street ATM,29-09-2011,28,13,15,1487.3,900.9399999999999,586.36,Thursday,NH,W,WWW
Mount Road ATM,29-09-2011,151,79,72,10580.16,6732.44,3847.72,Thursday,NH,W,WWW
Airport ATM,29-09-2011,105,77,28,8583.539999999999,6779.5199999999995,1804.02,Thursday,NH,W,WWW
KK Nagar ATM,29-09-2011,206,142,64,21275.879999999997,15737.56,5538.32,Thursday,NH,W,WWW
Christ College ATM,29-09-2011,96,42,54,9381.76,4387.0,4994.759999999999,Thursday,NH,W,WWW
Big Street ATM,30-09-2011,35,19,16,3802.7799999999997,3094.44,708.3399999999999,Friday,NH,W,WWH
Mount Road ATM,30-09-2011,161,89,72,10066.56,5705.24,4361.32,Friday,NH,W,WWH
Airport ATM,30-09-2011,79,65,14,7246.04,6150.36,1095.6799999999998,Friday,NH,W,WWH
KK Nagar ATM,30-09-2011,166,125,41,13736.66,9730.58,4006.08,Friday,NH,W,WWH
Christ College ATM,30-09-2011,65,38,27,5887.139999999999,4419.099999999999,1468.04,Friday,NH,W,WWH
Big Street ATM,1/10/2011,53,38,15,5125.3,4121.639999999999,1003.66,Saturday,NH,H,WHH
Mount Road ATM,1/10/2011,246,99,147,16873.899999999998,8808.24,8065.66,Saturday,NH,H,WHH
Airport ATM,1/10/2011,143,107,36,15448.66,12257.92,3190.74,Saturday,NH,H,WHH
KK Nagar ATM,1/10/2011,189,131,58,17607.92,11243.56,6364.36,Saturday,NH,H,WHH
Christ College ATM,1/10/2011,100,34,66,8048.54,2702.8199999999997,5345.719999999999,Saturday,NH,H,WHH
Big Street ATM,2/10/2011,43,18,25,3188.6,1358.8999999999999,1829.6999999999998,Sunday,N,H,HHW
Mount Road ATM,2/10/2011,215,40,175,16246.88,5279.38,10967.5,Sunday,N,H,HHW
Airport ATM,2/10/2011,97,62,35,8510.779999999999,6276.62,2234.16,Sunday,N,H,HHW
KK Nagar ATM,2/10/2011,133,94,39,10066.56,6655.4,3411.16,Sunday,N,H,HHW
Christ College ATM,2/10/2011,80,20,60,5628.2,1752.6599999999999,3875.54,Sunday,N,H,HHW
Big Street ATM,3/10/2011,22,17,5,2422.48,2056.54,365.94,Monday,NH,W,HWW
Mount Road ATM,3/10/2011,96,57,39,7269.58,4729.4,2540.18,Monday,NH,W,HWW
Airport ATM,3/10/2011,71,59,12,7246.04,6548.4,697.64,Monday,NH,W,HWW
KK Nagar ATM,3/10/2011,119,96,23,9940.3,8322.46,1617.84,Monday,NH,W,HWW
Christ College ATM,3/10/2011,37,22,15,3811.3399999999997,2287.66,1523.6799999999998,Monday,NH,W,HWW
Big Street ATM,4/10/2011,23,13,10,1474.46,999.38,475.08,Tuesday,NH,W,WWH
Mount Road ATM,4/10/2011,194,82,112,13747.359999999999,7594.86,6152.5,Tuesday,NH,W,WWH
Airport ATM,4/10/2011,114,85,29,15072.019999999999,13009.06,2062.96,Tuesday,NH,W,WWH
KK Nagar ATM,4/10/2011,193,163,30,17301.899999999998,14958.599999999999,2343.2999999999997,Tuesday,NH,W,WWH
Christ College ATM,4/10/2011,67,40,27,5681.7,3257.08,2424.62,Tuesday,NH,W,WWH
Big Street ATM,5/10/2011,39,23,16,3244.24,2446.02,798.2199999999999,Wednesday,H,H,WHH
Mount Road ATM,5/10/2011,296,63,233,17973.86,6006.98,11966.88,Wednesday,H,H,WHH
Airport ATM,5/10/2011,93,64,29,8132.0,5998.42,2133.58,Wednesday,H,H,WHH
KK Nagar ATM,5/10/2011,171,132,39,14004.16,11363.4,2640.7599999999998,Wednesday,H,H,WHH
Christ College ATM,5/10/2011,36,17,19,2645.04,1478.74,1166.3,Wednesday,H,H,WHH
Mount Road ATM,6/10/2011,240,65,175,17980.28,6428.5599999999995,11551.72,Thursday,H,H,HHW
Airport ATM,6/10/2011,95,58,37,8808.24,5471.98,3336.2599999999998,Thursday,H,H,HHW
KK Nagar ATM,6/10/2011,272,174,98,25587.98,16433.059999999998,9154.92,Thursday,H,H,HHW
Christ College ATM,6/10/2011,74,46,28,7620.54,5153.12,2467.42,Thursday,H,H,HHW
Big Street ATM,7/10/2011,14,9,5,781.0999999999999,599.1999999999999,181.89999999999998,Friday,NH,W,WWH
Mount Road ATM,7/10/2011,113,52,61,8397.359999999999,5407.78,2989.58,Friday,NH,W,WWH
Airport ATM,7/10/2011,107,73,34,10387.56,7684.74,2702.8199999999997,Friday,NH,W,WWH
KK Nagar ATM,7/10/2011,157,118,39,12591.76,8863.88,3727.8799999999997,Friday,NH,W,WWH
Christ College ATM,7/10/2011,86,54,32,7704.0,4892.04,2811.96,Friday,NH,W,WWH
Big Street ATM,8/10/2011,44,19,25,4504.7,2963.8999999999996,1540.8,Saturday,NH,H,WHH
Mount Road ATM,8/10/2011,236,93,143,15613.439999999999,7286.7,8326.74,Saturday,NH,H,WHH
Airport ATM,8/10/2011,118,94,24,13175.98,11275.66,1900.32,Saturday,NH,H,WHH
KK Nagar ATM,8/10/2011,204,158,46,20379.219999999998,15872.38,4506.84,Saturday,NH,H,WHH
Christ College ATM,8/10/2011,110,80,30,12461.22,9737.0,2724.22,Saturday,NH,H,WHH
Big Street ATM,9/10/2011,45,24,21,3879.8199999999997,3085.8799999999997,793.9399999999999,Sunday,NH,H,HHW
Mount Road ATM,9/10/2011,166,44,122,10408.96,3107.2799999999997,7301.679999999999,Sunday,NH,H,HHW
Airport ATM,9/10/2011,107,73,34,10622.96,8390.939999999999,2232.02,Sunday,NH,H,HHW
KK Nagar ATM,9/10/2011,152,108,44,11943.34,7796.0199999999995,4147.32,Sunday,NH,H,HHW
Christ College ATM,9/10/2011,54,24,30,4104.5199999999995,1904.6,2199.92,Sunday,NH,H,HHW
Big Street ATM,10/10/2011,41,21,20,4387.0,3257.08,1129.9199999999998,Monday,NH,W,HWW
Mount Road ATM,10/10/2011,212,110,102,14171.08,8249.699999999999,5921.38,Monday,NH,W,HWW
Airport ATM,10/10/2011,117,104,13,16090.66,14706.08,1384.58,Monday,NH,W,HWW
KK Nagar ATM,10/10/2011,207,160,47,24323.239999999998,19138.02,5185.219999999999,Monday,NH,W,HWW
Christ College ATM,10/10/2011,131,74,57,12636.699999999999,7684.74,4951.96,Monday,NH,W,HWW
Big Street ATM,11/10/2011,30,11,19,2272.68,1380.3,892.38,Tuesday,NH,W,WWW
Mount Road ATM,11/10/2011,189,83,106,11220.019999999999,6355.799999999999,4864.219999999999,Tuesday,NH,W,WWW
Airport ATM,11/10/2011,108,83,25,11061.66,8517.199999999999,2544.46,Tuesday,NH,W,WWW
KK Nagar ATM,11/10/2011,192,157,35,16388.12,14147.539999999999,2240.58,Tuesday,NH,W,WWW
Christ College ATM,11/10/2011,83,57,26,9067.18,6717.46,2349.72,Tuesday,NH,W,WWW
Big Street ATM,12/10/2011,39,22,17,4962.66,2615.08,2347.58,Wednesday,NH,W,WWW
Mount Road ATM,12/10/2011,174,80,94,10113.64,5585.4,4528.24,Wednesday,NH,W,WWW
Airport ATM,12/10/2011,98,70,28,10670.039999999999,7808.86,2861.18,Wednesday,NH,W,WWW
KK Nagar ATM,12/10/2011,150,120,30,11677.98,9176.32,2501.66,Wednesday,NH,W,WWW
Christ College ATM,12/10/2011,86,63,23,10154.3,8448.72,1705.58,Wednesday,NH,W,WWW
Big Street ATM,13-10-2011,36,20,16,3329.8399999999997,2557.2999999999997,772.54,Thursday,NH,W,WWW
Mount Road ATM,13-10-2011,147,91,56,9824.74,7380.86,2443.8799999999997,Thursday,NH,W,WWW
Airport ATM,13-10-2011,131,113,18,12902.06,11731.48,1170.58,Thursday,NH,W,WWW
KK Nagar ATM,13-10-2011,195,147,48,17353.26,12200.14,5153.12,Thursday,NH,W,WWW
Christ College ATM,13-10-2011,75,45,30,6360.08,3965.4199999999996,2394.66,Thursday,NH,W,WWW
Big Street ATM,14-10-2011,44,19,25,3931.18,2176.38,1754.8,Friday,NH,W,WWH
Mount Road ATM,14-10-2011,201,100,101,12906.34,8228.3,4678.04,Friday,NH,W,WWH
Airport ATM,14-10-2011,70,56,14,8463.699999999999,7813.139999999999,650.56,Friday,NH,W,WWH
KK Nagar ATM,14-10-2011,171,134,37,15251.779999999999,11663.0,3588.7799999999997,Friday,NH,W,WWH
Christ College ATM,14-10-2011,55,35,20,5020.44,3409.02,1611.4199999999998,Friday,NH,W,WWH
Big Street ATM,15-10-2011,52,22,30,3715.04,1985.9199999999998,1729.12,Saturday,NH,H,WHH
Mount Road ATM,15-10-2011,219,91,128,12651.679999999998,6443.54,6208.139999999999,Saturday,NH,H,WHH
Airport ATM,15-10-2011,112,89,23,13533.359999999999,12123.099999999999,1410.26,Saturday,NH,H,WHH
KK Nagar ATM,15-10-2011,182,149,33,13822.259999999998,10856.22,2966.04,Saturday,NH,H,WHH
Christ College ATM,15-10-2011,98,46,52,9343.24,4951.96,4391.28,Saturday,NH,H,WHH
Big Street ATM,16-10-2011,41,15,26,3070.8999999999996,1446.6399999999999,1624.26,Sunday,NH,H,HHW
Mount Road ATM,16-10-2011,248,60,188,11297.06,4716.5599999999995,6580.5,Sunday,NH,H,HHW
Airport ATM,16-10-2011,102,75,27,8549.3,7498.5599999999995,1050.74,Sunday,NH,H,HHW
KK Nagar ATM,16-10-2011,154,102,52,11906.96,8196.199999999999,3710.7599999999998,Sunday,NH,H,HHW
Christ College ATM,16-10-2011,59,24,35,4421.24,1842.54,2578.7,Sunday,NH,H,HHW
Big Street ATM,17-10-2011,24,13,11,2182.7999999999997,1557.9199999999998,624.88,Monday,NH,W,HWW
Mount Road ATM,17-10-2011,214,64,150,9985.24,4252.179999999999,5733.0599999999995,Monday,NH,W,HWW
Airport ATM,17-10-2011,54,43,11,5394.94,4889.9,505.03999999999996,Monday,NH,W,HWW
KK Nagar ATM,17-10-2011,162,123,39,12016.099999999999,9542.26,2473.8399999999997,Monday,NH,W,HWW
Christ College ATM,17-10-2011,41,20,21,2788.42,1335.36,1453.06,Monday,NH,W,HWW
Big Street ATM,18-10-2011,35,22,13,2914.68,2467.42,447.26,Tuesday,NH,W,WWW
Mount Road ATM,18-10-2011,228,88,140,12735.14,5994.139999999999,6741.0,Tuesday,NH,W,WWW
Airport ATM,18-10-2011,88,71,17,10620.82,9863.26,757.56,Tuesday,NH,W,WWW
KK Nagar ATM,18-10-2011,184,143,41,17162.8,13877.9,3284.8999999999996,Tuesday,NH,W,WWW
Christ College ATM,18-10-2011,112,44,68,10141.46,5129.58,5011.88,Tuesday,NH,W,WWW
Big Street ATM,19-10-2011,49,20,29,3834.8799999999997,1386.72,2448.16,Wednesday,NH,W,WWW
Mount Road ATM,19-10-2011,232,91,141,13297.96,6400.74,6897.219999999999,Wednesday,NH,W,WWW
Airport ATM,19-10-2011,99,74,25,7834.54,6445.679999999999,1388.86,Wednesday,NH,W,WWW
KK Nagar ATM,19-10-2011,173,129,44,17607.92,14111.16,3496.7599999999998,Wednesday,NH,W,WWW
Christ College ATM,19-10-2011,90,51,39,6394.32,3946.16,2448.16,Wednesday,NH,W,WWW
Big Street ATM,20-10-2011,16,4,12,1271.1599999999999,644.14,627.02,Thursday,NH,W,WWW
Mount Road ATM,20-10-2011,261,91,170,16362.439999999999,5855.04,10507.4,Thursday,NH,W,WWW
Airport ATM,20-10-2011,93,77,16,8164.099999999999,7436.5,727.5999999999999,Thursday,NH,W,WWW
KK Nagar ATM,20-10-2011,198,163,35,17543.719999999998,14248.119999999999,3295.6,Thursday,NH,W,WWW
Christ College ATM,20-10-2011,132,56,76,14584.099999999999,8099.9,6484.2,Thursday,NH,W,WWW
Big Street ATM,21-10-2011,36,18,18,2332.6,1331.08,1001.52,Friday,NH,W,WWH
Mount Road ATM,21-10-2011,289,111,178,20424.16,9058.619999999999,11365.539999999999,Friday,NH,W,WWH
Airport ATM,21-10-2011,97,77,20,8581.4,7828.12,753.28,Friday,NH,W,WWH
KK Nagar ATM,21-10-2011,227,188,39,19531.78,16291.82,3239.96,Friday,NH,W,WWH
Christ College ATM,21-10-2011,104,36,68,9283.32,4333.5,4949.82,Friday,NH,W,WWH
Big Street ATM,22-10-2011,29,10,19,1945.26,945.88,999.38,Saturday,NH,H,WHH
Mount Road ATM,22-10-2011,311,114,197,20287.2,8887.42,11399.779999999999,Saturday,NH,H,WHH
Airport ATM,22-10-2011,132,104,28,10466.74,8964.46,1502.28,Saturday,NH,H,WHH
KK Nagar ATM,22-10-2011,215,149,66,21530.539999999997,15219.679999999998,6310.86,Saturday,NH,H,WHH
Christ College ATM,22-10-2011,204,61,143,16724.1,5938.5,10785.599999999999,Saturday,NH,H,WHH
Big Street ATM,23-10-2011,34,17,17,3216.4199999999996,1703.4399999999998,1512.98,Sunday,NH,H,HHW
Mount Road ATM,23-10-2011,293,55,238,13449.9,4350.62,9099.279999999999,Sunday,NH,H,HHW
Airport ATM,23-10-2011,94,74,20,7012.78,5968.46,1044.32,Sunday,NH,H,HHW
KK Nagar ATM,23-10-2011,195,124,71,13987.039999999999,8955.9,5031.139999999999,Sunday,NH,H,HHW
Christ College ATM,23-10-2011,99,36,63,8146.98,3875.54,4271.44,Sunday,NH,H,HHW
Big Street ATM,24-10-2011,37,28,9,3563.1,2878.2999999999997,684.8,Monday,NH,W,HWW
Mount Road ATM,24-10-2011,207,105,102,14248.119999999999,7635.5199999999995,6612.599999999999,Monday,NH,W,HWW
Airport ATM,24-10-2011,116,90,26,8831.779999999999,7695.44,1136.34,Monday,NH,W,HWW
KK Nagar ATM,24-10-2011,244,183,61,21855.82,16015.759999999998,5840.0599999999995,Monday,NH,W,HWW
Christ College ATM,24-10-2011,134,50,84,10494.56,5459.139999999999,5035.42,Monday,NH,W,HWW
Big Street ATM,25-10-2011,53,23,30,4470.46,1970.9399999999998,2499.52,Tuesday,NH,W,WWH
Mount Road ATM,25-10-2011,172,64,108,10188.539999999999,4036.04,6152.5,Tuesday,NH,W,WWH
Airport ATM,25-10-2011,98,73,25,6268.0599999999995,4376.3,1891.76,Tuesday,NH,W,WWH
KK Nagar ATM,25-10-2011,270,201,69,19833.52,16396.68,3436.8399999999997,Tuesday,NH,W,WWH
Christ College ATM,25-10-2011,100,56,44,9086.439999999999,6257.36,2829.08,Tuesday,NH,W,WWH
Big Street ATM,26-10-2011,24,8,16,1433.8,975.8399999999999,457.96,Wednesday,H,H,WHW
Mount Road ATM,26-10-2011,93,20,73,4314.24,1808.3,2505.94,Wednesday,H,H,WHW
Airport ATM,26-10-2011,43,26,17,3231.3999999999996,2257.7,973.6999999999999,Wednesday,H,H,WHW
KK Nagar ATM,26-10-2011,94,43,51,4842.82,2349.72,2493.1,Wednesday,H,H,WHW
Christ College ATM,26-10-2011,24,14,10,1281.86,652.6999999999999,629.16,Wednesday,H,H,WHW
Big Street ATM,27-10-2011,16,7,9,1179.1399999999999,537.14,642.0,Thursday,NH,W,HWW
Mount Road ATM,27-10-2011,143,78,65,9796.92,6788.08,3008.8399999999997,Thursday,NH,W,HWW
Airport ATM,27-10-2011,95,73,22,11006.019999999999,9180.6,1825.4199999999998,Thursday,NH,W,HWW
KK Nagar ATM,27-10-2011,136,94,42,12356.359999999999,8037.839999999999,4318.5199999999995,Thursday,NH,W,HWW
Christ College ATM,27-10-2011,55,40,15,4630.96,3792.08,838.88,Thursday,NH,W,HWW
Big Street ATM,28-10-2011,28,10,18,2328.3199999999997,826.04,1502.28,Friday,NH,W,WWH
Mount Road ATM,28-10-2011,163,79,84,10993.18,6201.719999999999,4791.46,Friday,NH,W,WWH
Airport ATM,28-10-2011,88,68,20,8626.34,7575.599999999999,1050.74,Friday,NH,W,WWH
KK Nagar ATM,28-10-2011,132,104,28,12638.84,9903.92,2734.92,Friday,NH,W,WWH
Christ College ATM,28-10-2011,54,34,20,4044.6,2497.3799999999997,1547.22,Friday,NH,W,WWH
Big Street ATM,29-10-2011,33,15,18,1842.54,1012.2199999999999,830.3199999999999,Saturday,NH,H,WHH
Mount Road ATM,29-10-2011,129,68,61,9336.82,7036.32,2300.5,Saturday,NH,H,WHH
Airport ATM,29-10-2011,66,55,11,6011.259999999999,5544.74,466.52,Saturday,NH,H,WHH
KK Nagar ATM,29-10-2011,152,109,43,16863.2,12762.96,4100.24,Saturday,NH,H,WHH
Christ College ATM,29-10-2011,56,38,18,5091.0599999999995,3593.06,1498.0,Saturday,NH,H,WHH
Big Street ATM,30-10-2011,37,22,15,1876.78,1271.1599999999999,605.62,Sunday,NH,H,HHW
Mount Road ATM,30-10-2011,120,32,88,5810.099999999999,2407.5,3402.6,Sunday,NH,H,HHW
Airport ATM,30-10-2011,85,63,22,7256.74,5885.0,1371.74,Sunday,NH,H,HHW
KK Nagar ATM,30-10-2011,82,53,29,5962.04,3956.8599999999997,2005.1799999999998,Sunday,NH,H,HHW
Christ College ATM,30-10-2011,42,18,24,2257.7,785.38,1472.32,Sunday,NH,H,HHW
Big Street ATM,31-10-2011,23,12,11,1889.62,888.0999999999999,1001.52,Monday,NH,W,HWW
Mount Road ATM,31-10-2011,153,82,71,10028.039999999999,6191.0199999999995,3837.02,Monday,NH,W,HWW
Airport ATM,31-10-2011,100,64,36,10843.38,7404.4,3438.98,Monday,NH,W,HWW
KK Nagar ATM,31-10-2011,185,139,46,17134.98,13441.34,3693.64,Monday,NH,W,HWW
Christ College ATM,31-10-2011,58,37,21,5647.46,3918.3399999999997,1729.12,Monday,NH,W,HWW
Big Street ATM,1/11/2011,38,19,19,3920.48,2606.52,1313.96,Tuesday,NH,W,WWW
Mount Road ATM,1/11/2011,139,75,64,10738.519999999999,6948.58,3789.9399999999996,Tuesday,NH,W,WWW
Airport ATM,1/11/2011,98,71,27,9199.859999999999,7012.78,2187.08,Tuesday,NH,W,WWW
KK Nagar ATM,1/11/2011,171,122,49,18444.66,12382.039999999999,6062.62,Tuesday,NH,W,WWW
Christ College ATM,1/11/2011,90,62,28,8495.8,5966.32,2529.48,Tuesday,NH,W,WWW
Big Street ATM,2/11/2011,41,23,18,4776.48,3588.7799999999997,1187.7,Wednesday,NH,W,WWW
Mount Road ATM,2/11/2011,216,110,106,19260.0,10537.359999999999,8722.64,Wednesday,NH,W,WWW
Airport ATM,2/11/2011,100,76,24,10184.26,8194.06,1990.1999999999998,Wednesday,NH,W,WWW
KK Nagar ATM,2/11/2011,223,150,73,23976.559999999998,16270.419999999998,7706.139999999999,Wednesday,NH,W,WWW
Christ College ATM,2/11/2011,97,39,58,8932.359999999999,2779.8599999999997,6152.5,Wednesday,NH,W,WWW
Big Street ATM,3/11/2011,38,19,19,2816.24,2015.8799999999999,800.36,Thursday,NH,W,WWW
Mount Road ATM,3/11/2011,157,83,74,11001.74,6122.54,4879.2,Thursday,NH,W,WWW
Airport ATM,3/11/2011,87,57,30,8919.52,7198.96,1720.56,Thursday,NH,W,WWW
KK Nagar ATM,3/11/2011,181,124,57,15437.96,9454.519999999999,5983.44,Thursday,NH,W,WWW
Christ College ATM,3/11/2011,110,49,61,10122.199999999999,3712.8999999999996,6409.299999999999,Thursday,NH,W,WWW
Big Street ATM,4/11/2011,44,24,20,3826.3199999999997,2743.48,1082.84,Friday,NH,W,WWH
Mount Road ATM,4/11/2011,125,63,62,9347.519999999999,5020.44,4327.08,Friday,NH,W,WWH
Airport ATM,4/11/2011,67,55,12,7757.5,7385.139999999999,372.35999999999996,Friday,NH,W,WWH
KK Nagar ATM,4/11/2011,158,116,42,15091.279999999999,11656.58,3434.7,Friday,NH,W,WWH
Christ College ATM,4/11/2011,93,70,23,9916.76,7053.44,2863.3199999999997,Friday,NH,W,WWH
Big Street ATM,5/11/2011,41,13,28,2518.7799999999997,841.02,1677.76,Saturday,NH,H,WHH
Mount Road ATM,5/11/2011,216,99,117,19326.34,10593.0,8733.34,Saturday,NH,H,WHH
Airport ATM,5/11/2011,98,74,24,10856.22,8945.199999999999,1911.02,Saturday,NH,H,WHH
KK Nagar ATM,5/11/2011,232,172,60,20665.98,14455.699999999999,6210.28,Saturday,NH,H,WHH
Christ College ATM,5/11/2011,122,79,43,10368.3,6122.54,4245.76,Saturday,NH,H,WHH
Big Street ATM,6/11/2011,30,11,19,2589.4,1168.4399999999998,1420.96,Sunday,NH,H,HHH
Mount Road ATM,6/11/2011,194,37,157,11318.46,3006.7,8311.76,Sunday,NH,H,HHH
Airport ATM,6/11/2011,100,62,38,7721.12,5525.48,2195.64,Sunday,NH,H,HHH
KK Nagar ATM,6/11/2011,116,73,43,10712.84,6914.339999999999,3798.5,Sunday,NH,H,HHH
Christ College ATM,6/11/2011,83,32,51,6978.54,3464.66,3513.8799999999997,Sunday,NH,H,HHH
Big Street ATM,7/11/2011,12,5,7,845.3,614.18,231.11999999999998,Monday,M,H,HHW
Mount Road ATM,7/11/2011,148,61,87,8542.88,4949.82,3593.06,Monday,M,H,HHW
Airport ATM,7/11/2011,98,79,19,8902.4,7490.0,1412.3999999999999,Monday,M,H,HHW
KK Nagar ATM,7/11/2011,161,100,61,12450.519999999999,7890.179999999999,4560.34,Monday,M,H,HHW
Christ College ATM,7/11/2011,56,33,23,3453.96,1979.5,1474.46,Monday,M,H,HHW
Big Street ATM,8/11/2011,28,17,11,2403.22,2026.58,376.64,Tuesday,NH,W,HWW
Mount Road ATM,8/11/2011,174,95,79,12523.279999999999,8256.119999999999,4267.16,Tuesday,NH,W,HWW
Airport ATM,8/11/2011,110,78,32,10032.32,8741.9,1290.4199999999998,Tuesday,NH,W,HWW
KK Nagar ATM,8/11/2011,182,124,58,17017.28,12024.66,4992.62,Tuesday,NH,W,HWW
Christ College ATM,8/11/2011,97,43,54,9469.5,3648.7,5820.799999999999,Tuesday,NH,W,HWW
Big Street ATM,9/11/2011,32,18,14,3023.8199999999997,2039.4199999999998,984.4,Wednesday,NH,W,WWW
Mount Road ATM,9/11/2011,199,108,91,13805.14,8360.98,5444.16,Wednesday,NH,W,WWW
Airport ATM,9/11/2011,133,95,38,11663.0,9274.76,2388.24,Wednesday,NH,W,WWW
KK Nagar ATM,9/11/2011,193,136,57,18478.899999999998,13524.8,4954.099999999999,Wednesday,NH,W,WWW
Christ College ATM,9/11/2011,101,41,60,8831.779999999999,4303.54,4528.24,Wednesday,NH,W,WWW
Big Street ATM,10/11/2011,37,18,19,2608.66,1874.6399999999999,734.02,Thursday,NH,W,WWW
Mount Road ATM,10/11/2011,165,101,64,10879.76,7383.0,3496.7599999999998,Thursday,NH,W,WWW
Airport ATM,10/11/2011,94,69,25,8848.9,7064.139999999999,1784.76,Thursday,NH,W,WWW
KK Nagar ATM,10/11/2011,156,119,37,13255.16,10644.359999999999,2610.7999999999997,Thursday,NH,W,WWW
Christ College ATM,10/11/2011,81,46,35,6826.599999999999,4722.98,2103.62,Thursday,NH,W,WWW
Big Street ATM,11/11/2011,34,11,23,2187.08,719.04,1468.04,Friday,NH,W,WWH
Mount Road ATM,11/11/2011,154,80,74,11260.68,7659.0599999999995,3601.62,Friday,NH,W,WWH
Airport ATM,11/11/2011,111,73,38,12403.439999999999,8371.68,4031.7599999999998,Friday,NH,W,WWH
KK Nagar ATM,11/11/2011,141,103,38,10712.84,7667.62,3045.22,Friday,NH,W,WWH
Christ College ATM,11/11/2011,97,42,55,8823.22,4066.0,4757.219999999999,Friday,NH,W,WWH
Mount Road ATM,12/11/2011,160,83,77,7798.16,5191.639999999999,2606.52,Saturday,NH,H,WHH
Airport ATM,12/11/2011,113,82,31,9610.74,7753.219999999999,1857.52,Saturday,NH,H,WHH
KK Nagar ATM,12/11/2011,184,135,49,12726.58,9101.42,3625.16,Saturday,NH,H,WHH
Christ College ATM,12/11/2011,76,48,28,7513.54,4763.639999999999,2749.8999999999996,Saturday,NH,H,WHH
Big Street ATM,13-11-2011,15,8,7,965.14,768.26,196.88,Sunday,NH,H,HHW
Mount Road ATM,13-11-2011,155,44,111,6833.0199999999995,2595.8199999999997,4237.2,Sunday,NH,H,HHW
Airport ATM,13-11-2011,94,70,24,7246.04,6270.2,975.8399999999999,Sunday,NH,H,HHW
KK Nagar ATM,13-11-2011,118,85,33,7423.66,5448.44,1975.2199999999998,Sunday,NH,H,HHW
Christ College ATM,13-11-2011,71,38,33,4669.48,2689.98,1979.5,Sunday,NH,H,HHW
Big Street ATM,14-11-2011,16,8,8,776.8199999999999,134.82,642.0,Monday,NH,W,HWW
Mount Road ATM,14-11-2011,169,84,85,11348.42,6691.78,4656.639999999999,Monday,NH,W,HWW
Airport ATM,14-11-2011,97,74,23,7896.599999999999,6152.5,1744.1,Monday,NH,W,HWW
KK Nagar ATM,14-11-2011,175,132,43,18489.6,15200.42,3289.18,Monday,NH,W,HWW
Christ College ATM,14-11-2011,75,38,37,7701.86,4551.78,3150.08,Monday,NH,W,HWW
Big Street ATM,15-11-2011,36,16,20,2140.0,770.4,1369.6,Tuesday,NH,W,WWW
Mount Road ATM,15-11-2011,162,80,82,11254.26,7708.28,3545.98,Tuesday,NH,W,WWW
Airport ATM,15-11-2011,107,87,20,10353.32,8326.74,2026.58,Tuesday,NH,W,WWW
KK Nagar ATM,15-11-2011,162,137,25,15046.339999999998,13139.599999999999,1906.74,Tuesday,NH,W,WWW
Christ College ATM,15-11-2011,96,50,46,9015.82,5033.28,3982.54,Tuesday,NH,W,WWW
Big Street ATM,16-11-2011,25,14,11,1669.1999999999998,1303.26,365.94,Wednesday,NH,W,WWW
Mount Road ATM,16-11-2011,150,82,68,10079.4,6805.2,3274.2,Wednesday,NH,W,WWW
Airport ATM,16-11-2011,40,40,0,3445.3999999999996,3445.3999999999996,0.0,Wednesday,NH,W,WWW
KK Nagar ATM,16-11-2011,152,122,30,14556.279999999999,12720.16,1836.12,Wednesday,NH,W,WWW
Christ College ATM,16-11-2011,64,33,31,5215.179999999999,3584.5,1630.6799999999998,Wednesday,NH,W,WWW
Big Street ATM,17-11-2011,37,18,19,2689.98,1645.6599999999999,1044.32,Thursday,NH,W,WWW
Mount Road ATM,17-11-2011,131,66,65,7280.28,3676.52,3603.7599999999998,Thursday,NH,W,WWW
Airport ATM,17-11-2011,71,56,15,7701.86,6993.5199999999995,708.3399999999999,Thursday,NH,W,WWW
KK Nagar ATM,17-11-2011,168,131,37,14470.679999999998,11877.0,2593.68,Thursday,NH,W,WWW
Christ College ATM,17-11-2011,88,56,32,7614.12,5576.84,2037.28,Thursday,NH,W,WWW
Big Street ATM,18-11-2011,28,15,13,2884.72,2011.6,873.12,Friday,NH,W,WWH
Mount Road ATM,18-11-2011,112,65,47,4759.36,3513.8799999999997,1245.48,Friday,NH,W,WWH
Airport ATM,18-11-2011,80,59,21,6877.96,5604.66,1273.3,Friday,NH,W,WWH
KK Nagar ATM,18-11-2011,141,114,27,14539.16,11909.099999999999,2630.06,Friday,NH,W,WWH
Christ College ATM,18-11-2011,61,35,26,4380.58,2983.16,1397.4199999999998,Friday,NH,W,WWH
Big Street ATM,19-11-2011,24,11,13,1361.04,956.5799999999999,404.46,Saturday,NH,H,WHH
Mount Road ATM,19-11-2011,158,72,86,8268.96,4725.12,3543.8399999999997,Saturday,NH,H,WHH
Airport ATM,19-11-2011,104,75,29,9279.039999999999,7194.679999999999,2084.3599999999997,Saturday,NH,H,WHH
KK Nagar ATM,19-11-2011,224,177,47,17725.62,14335.859999999999,3389.7599999999998,Saturday,NH,H,WHH
Christ College ATM,19-11-2011,83,54,29,7423.66,5953.48,1470.1799999999998,Saturday,NH,H,WHH
Big Street ATM,20-11-2011,37,20,17,2499.52,1446.6399999999999,1052.8799999999999,Sunday,NH,H,HHW
Mount Road ATM,20-11-2011,169,41,128,8542.88,2754.18,5788.7,Sunday,NH,H,HHW
Airport ATM,20-11-2011,109,70,39,7357.32,5664.58,1692.74,Sunday,NH,H,HHW
KK Nagar ATM,20-11-2011,107,83,24,5660.299999999999,4134.48,1525.82,Sunday,NH,H,HHW
Christ College ATM,20-11-2011,54,29,25,3289.18,1510.84,1778.34,Sunday,NH,H,HHW
Big Street ATM,21-11-2011,32,17,15,2908.2599999999998,1831.84,1076.4199999999998,Monday,NH,W,HWW
Mount Road ATM,21-11-2011,210,73,137,13327.92,5457.0,7870.919999999999,Monday,NH,W,HWW
Airport ATM,21-11-2011,94,77,17,8384.52,7667.62,716.9,Monday,NH,W,HWW
KK Nagar ATM,21-11-2011,150,120,30,14359.4,11821.359999999999,2538.04,Monday,NH,W,HWW
Christ College ATM,21-11-2011,68,38,30,4825.7,2339.02,2486.68,Monday,NH,W,HWW
Big Street ATM,22-11-2011,36,19,17,1940.9799999999998,1298.98,642.0,Tuesday,NH,W,WWW
Mount Road ATM,22-11-2011,132,46,86,6672.5199999999995,3224.98,3447.54,Tuesday,NH,W,WWW
Airport ATM,22-11-2011,94,70,24,8119.16,6901.5,1217.6599999999999,Tuesday,NH,W,WWW
KK Nagar ATM,22-11-2011,150,122,28,12561.8,9794.779999999999,2767.02,Tuesday,NH,W,WWW
Christ College ATM,22-11-2011,81,46,35,7522.099999999999,4686.599999999999,2835.5,Tuesday,NH,W,WWW
Big Street ATM,23-11-2011,25,7,18,1876.78,438.7,1438.08,Wednesday,NH,W,WWW
Mount Road ATM,23-11-2011,164,69,95,11153.68,5080.36,6073.32,Wednesday,NH,W,WWW
Airport ATM,23-11-2011,97,84,13,7509.259999999999,6901.5,607.76,Wednesday,NH,W,WWW
KK Nagar ATM,23-11-2011,151,112,39,13180.26,10190.68,2989.58,Wednesday,NH,W,WWW
Christ College ATM,23-11-2011,71,42,29,5302.92,3346.96,1955.9599999999998,Wednesday,NH,W,WWW
Big Street ATM,24-11-2011,25,16,9,1615.6999999999998,943.7399999999999,671.9599999999999,Thursday,NH,W,WWW
Mount Road ATM,24-11-2011,119,50,69,7697.58,3404.74,4292.84,Thursday,NH,W,WWW
Airport ATM,24-11-2011,83,67,16,7774.62,7025.62,749.0,Thursday,NH,W,WWW
KK Nagar ATM,24-11-2011,125,109,16,11551.72,10109.359999999999,1442.36,Thursday,NH,W,WWW
Christ College ATM,24-11-2011,72,44,28,5737.34,3984.68,1752.6599999999999,Thursday,NH,W,WWW
Big Street ATM,25-11-2011,33,11,22,2341.16,821.76,1519.3999999999999,Friday,NH,W,WWH
Mount Road ATM,25-11-2011,95,52,43,5189.5,3719.3199999999997,1470.1799999999998,Friday,NH,W,WWH
Airport ATM,25-11-2011,87,72,15,6293.74,5540.46,753.28,Friday,NH,W,WWH
KK Nagar ATM,25-11-2011,116,95,21,9831.16,8517.199999999999,1313.96,Friday,NH,W,WWH
Christ College ATM,25-11-2011,62,36,26,5142.42,3753.56,1388.86,Friday,NH,W,WWH
Big Street ATM,26-11-2011,48,23,25,3762.12,2080.08,1682.04,Saturday,NH,H,WHH
Mount Road ATM,26-11-2011,138,63,75,9906.06,5692.4,4213.66,Saturday,NH,H,WHH
Airport ATM,26-11-2011,77,63,14,7288.839999999999,6659.679999999999,629.16,Saturday,NH,H,WHH
KK Nagar ATM,26-11-2011,176,128,48,15348.08,10980.34,4367.74,Saturday,NH,H,WHH
Christ College ATM,26-11-2011,60,39,21,6062.62,4590.3,1472.32,Saturday,NH,H,WHH
Big Street ATM,27-11-2011,27,8,19,977.9799999999999,603.48,374.5,Sunday,NH,H,HHW
Mount Road ATM,27-11-2011,94,29,65,5335.0199999999995,1435.9399999999998,3899.08,Sunday,NH,H,HHW
Airport ATM,27-11-2011,65,50,15,2963.8999999999996,2576.56,387.34,Sunday,NH,H,HHW
KK Nagar ATM,27-11-2011,89,67,22,7166.86,5219.46,1947.3999999999999,Sunday,NH,H,HHW
Christ College ATM,27-11-2011,42,27,15,2632.2,1833.9799999999998,798.2199999999999,Sunday,NH,H,HHW
Big Street ATM,28-11-2011,27,9,18,2062.96,656.98,1405.98,Monday,NH,W,HWW
Mount Road ATM,28-11-2011,130,74,56,9152.779999999999,5266.54,3886.24,Monday,NH,W,HWW
Airport ATM,28-11-2011,86,73,13,5833.639999999999,5566.139999999999,267.5,Monday,NH,W,HWW
KK Nagar ATM,28-11-2011,175,123,52,16540.059999999998,12292.16,4247.9,Monday,NH,W,HWW
Christ College ATM,28-11-2011,79,42,37,6383.62,3103.0,3280.62,Monday,NH,W,HWW
Big Street ATM,29-11-2011,35,17,18,2467.42,1382.4399999999998,1084.98,Tuesday,NH,W,WWW
Mount Road ATM,29-11-2011,144,75,69,9343.24,5474.12,3869.12,Tuesday,NH,W,WWW
Airport ATM,29-11-2011,88,71,17,7669.759999999999,6424.28,1245.48,Tuesday,NH,W,WWW
KK Nagar ATM,29-11-2011,157,123,34,14057.66,10569.46,3488.2,Tuesday,NH,W,WWW
Christ College ATM,29-11-2011,91,57,34,9820.46,6884.379999999999,2936.08,Tuesday,NH,W,WWW
Big Street ATM,30-11-2011,34,19,15,2550.8799999999997,2018.02,532.86,Wednesday,NH,W,WWW
Mount Road ATM,30-11-2011,144,67,77,9401.019999999999,4727.259999999999,4673.759999999999,Wednesday,NH,W,WWW
Airport ATM,30-11-2011,112,85,27,13809.42,11333.439999999999,2475.98,Wednesday,NH,W,WWW
KK Nagar ATM,30-11-2011,155,117,38,14224.58,10389.699999999999,3834.8799999999997,Wednesday,NH,W,WWW
Christ College ATM,30-11-2011,71,38,33,7284.5599999999995,4344.2,2940.3599999999997,Wednesday,NH,W,WWW
Big Street ATM,1/12/2011,28,16,12,2627.92,1658.5,969.42,Thursday,NH,W,WWW
Mount Road ATM,1/12/2011,137,72,65,11986.14,7656.919999999999,4329.219999999999,Thursday,NH,W,WWW
Airport ATM,1/12/2011,112,80,32,11083.06,8521.48,2561.58,Thursday,NH,W,WWW
KK Nagar ATM,1/12/2011,230,160,70,21744.539999999997,15397.3,6347.24,Thursday,NH,W,WWW
Christ College ATM,1/12/2011,86,38,48,8814.66,4145.179999999999,4669.48,Thursday,NH,W,WWW
Big Street ATM,2/12/2011,43,22,21,3871.2599999999998,2356.14,1515.12,Friday,NH,W,WWH
Mount Road ATM,2/12/2011,170,102,68,13394.259999999998,9799.06,3595.2,Friday,NH,W,WWH
Airport ATM,2/12/2011,111,89,22,13272.279999999999,11010.3,2261.98,Friday,NH,W,WWH
KK Nagar ATM,2/12/2011,244,157,87,24811.16,16537.92,8273.24,Friday,NH,W,WWH
Christ College ATM,2/12/2011,83,52,31,7821.7,5052.54,2769.16,Friday,NH,W,WWH
Big Street ATM,3/12/2011,41,12,29,2824.7999999999997,639.86,2184.94,Saturday,NH,H,WHH
Mount Road ATM,3/12/2011,198,77,121,15885.22,7475.0199999999995,8410.199999999999,Saturday,NH,H,WHH
Airport ATM,3/12/2011,135,97,38,15007.82,10931.119999999999,4076.7,Saturday,NH,H,WHH
KK Nagar ATM,3/12/2011,196,134,62,19024.6,13349.32,5675.28,Saturday,NH,H,WHH
Christ College ATM,3/12/2011,111,76,35,11292.779999999999,7389.419999999999,3903.3599999999997,Saturday,NH,H,WHH
Big Street ATM,4/12/2011,74,20,54,5429.179999999999,2054.4,3374.7799999999997,Sunday,NH,H,HHW
Mount Road ATM,4/12/2011,174,48,126,11393.359999999999,4716.5599999999995,6676.799999999999,Sunday,NH,H,HHW
Airport ATM,4/12/2011,115,80,35,11921.939999999999,9246.939999999999,2675.0,Sunday,NH,H,HHW
KK Nagar ATM,4/12/2011,136,82,54,12001.119999999999,7524.24,4476.88,Sunday,NH,H,HHW
Christ College ATM,4/12/2011,71,39,32,6308.719999999999,4179.42,2129.2999999999997,Sunday,NH,H,HHW
Big Street ATM,5/12/2011,46,14,32,4530.38,1801.8799999999999,2728.5,Monday,NH,W,HWH
Mount Road ATM,5/12/2011,160,76,84,12807.9,7487.86,5320.04,Monday,NH,W,HWH
Airport ATM,5/12/2011,100,79,21,8998.699999999999,7862.36,1136.34,Monday,NH,W,HWH
KK Nagar ATM,5/12/2011,251,175,76,26837.739999999998,19394.82,7442.919999999999,Monday,NH,W,HWH
Christ College ATM,5/12/2011,93,49,44,9193.439999999999,5067.5199999999995,4125.92,Monday,NH,W,HWH
Big Street ATM,6/12/2011,52,11,41,4070.2799999999997,1284.0,2786.2799999999997,Tuesday,M,H,WHW
Mount Road ATM,6/12/2011,207,72,135,17079.34,8883.14,8196.199999999999,Tuesday,M,H,WHW
Airport ATM,6/12/2011,92,57,35,8399.5,5572.5599999999995,2826.94,Tuesday,M,H,WHW
KK Nagar ATM,6/12/2011,167,98,69,12204.42,7866.639999999999,4337.78,Tuesday,M,H,WHW
Christ College ATM,6/12/2011,95,40,55,9005.119999999999,3931.18,5073.94,Tuesday,M,H,WHW
Big Street ATM,7/12/2011,39,19,20,2730.64,1367.46,1363.1799999999998,Wednesday,NH,W,HWW
Mount Road ATM,7/12/2011,179,103,76,14344.42,9555.1,4789.32,Wednesday,NH,W,HWW
Airport ATM,7/12/2011,119,85,34,9933.88,6969.98,2963.8999999999996,Wednesday,NH,W,HWW
KK Nagar ATM,7/12/2011,184,143,41,17498.78,13610.4,3888.3799999999997,Wednesday,NH,W,HWW
Christ College ATM,7/12/2011,107,56,51,10556.619999999999,5880.719999999999,4675.9,Wednesday,NH,W,HWW
Big Street ATM,8/12/2011,38,10,28,2268.4,505.03999999999996,1763.36,Thursday,NH,W,WWW
Mount Road ATM,8/12/2011,163,76,87,12339.24,6809.48,5529.759999999999,Thursday,NH,W,WWW
Airport ATM,8/12/2011,119,81,38,12480.48,9612.88,2867.6,Thursday,NH,W,WWW
KK Nagar ATM,8/12/2011,164,126,38,16005.06,12647.4,3357.66,Thursday,NH,W,WWW
Christ College ATM,8/12/2011,78,43,35,7629.099999999999,4048.8799999999997,3580.22,Thursday,NH,W,WWW
Big Street ATM,9/12/2011,50,20,30,3599.48,1741.9599999999998,1857.52,Friday,NH,W,WWH
Mount Road ATM,9/12/2011,168,97,71,12623.859999999999,8731.199999999999,3892.66,Friday,NH,W,WWH
Airport ATM,9/12/2011,109,93,16,10049.439999999999,8988.0,1061.44,Friday,NH,W,WWH
KK Nagar ATM,9/12/2011,172,133,39,17475.239999999998,14160.38,3314.8599999999997,Friday,NH,W,WWH
Christ College ATM,9/12/2011,98,54,44,8874.58,5512.639999999999,3361.9399999999996,Friday,NH,W,WWH
Big Street ATM,10/12/2011,39,25,14,3314.8599999999997,2649.3199999999997,665.54,Saturday,NH,H,WHH
Mount Road ATM,10/12/2011,170,95,75,11318.46,6533.42,4785.04,Saturday,NH,H,WHH
Airport ATM,10/12/2011,116,85,31,13873.619999999999,11515.34,2358.2799999999997,Saturday,NH,H,WHH
KK Nagar ATM,10/12/2011,170,136,34,16460.879999999997,13728.099999999999,2732.7799999999997,Saturday,NH,H,WHH
Christ College ATM,10/12/2011,100,55,45,8230.439999999999,4506.84,3723.6,Saturday,NH,H,WHH
Big Street ATM,11/12/2011,41,17,24,2253.42,1029.34,1224.08,Sunday,NH,H,HHW
Mount Road ATM,11/12/2011,118,22,96,6434.98,2801.2599999999998,3633.72,Sunday,NH,H,HHW
Airport ATM,11/12/2011,104,78,26,8176.94,6638.28,1538.6599999999999,Sunday,NH,H,HHW
KK Nagar ATM,11/12/2011,90,64,26,6820.179999999999,5099.62,1720.56,Sunday,NH,H,HHW
Christ College ATM,11/12/2011,41,13,28,2811.96,1035.76,1776.1999999999998,Sunday,NH,H,HHW
Big Street ATM,12/12/2011,36,18,18,3083.74,2039.4199999999998,1044.32,Monday,NH,W,HWW
Mount Road ATM,12/12/2011,155,91,64,9523.0,6862.98,2660.02,Monday,NH,W,HWW
Airport ATM,12/12/2011,116,96,20,11128.0,9651.4,1476.6,Monday,NH,W,HWW
KK Nagar ATM,12/12/2011,182,135,47,14365.82,11752.88,2612.94,Monday,NH,W,HWW
Christ College ATM,12/12/2011,82,42,40,7040.599999999999,3905.5,3135.1,Monday,NH,W,HWW
Big Street ATM,13-12-2011,44,21,23,1776.1999999999998,999.38,776.8199999999999,Tuesday,NH,W,WWW
Mount Road ATM,13-12-2011,174,96,78,11827.779999999999,7320.94,4506.84,Tuesday,NH,W,WWW
Airport ATM,13-12-2011,99,76,23,6897.219999999999,5865.74,1031.48,Tuesday,NH,W,WWW
KK Nagar ATM,13-12-2011,166,126,40,12812.179999999998,10263.439999999999,2548.74,Tuesday,NH,W,WWW
Christ College ATM,13-12-2011,97,54,43,8530.039999999999,5895.7,2634.3399999999997,Tuesday,NH,W,WWW
Big Street ATM,14-12-2011,37,17,20,2443.8799999999997,1545.08,898.8,Wednesday,NH,W,WWW
Mount Road ATM,14-12-2011,151,79,72,9878.24,6698.2,3180.04,Wednesday,NH,W,WWW
Airport ATM,14-12-2011,102,76,26,8390.939999999999,7119.78,1271.1599999999999,Wednesday,NH,W,WWW
KK Nagar ATM,14-12-2011,120,90,30,9638.56,7654.78,1983.78,Wednesday,NH,W,WWW
Christ College ATM,14-12-2011,72,54,18,6032.66,4954.099999999999,1078.56,Wednesday,NH,W,WWW
Big Street ATM,15-12-2011,54,21,33,4027.4799999999996,1801.8799999999999,2225.6,Thursday,NH,W,WWW
Mount Road ATM,15-12-2011,164,87,77,11080.92,7021.339999999999,4059.58,Thursday,NH,W,WWW
Airport ATM,15-12-2011,80,63,17,6541.98,5675.28,866.6999999999999,Thursday,NH,W,WWW
KK Nagar ATM,15-12-2011,155,127,28,13565.46,11140.84,2424.62,Thursday,NH,W,WWW
Christ College ATM,15-12-2011,77,56,21,6828.74,5786.5599999999995,1042.1799999999998,Thursday,NH,W,WWW
Big Street ATM,16-12-2011,25,12,13,2045.84,802.5,1243.34,Friday,NH,W,WWH
Mount Road ATM,16-12-2011,153,69,84,7151.879999999999,3436.8399999999997,3715.04,Friday,NH,W,WWH
Airport ATM,16-12-2011,76,64,12,7796.0199999999995,6798.78,997.2399999999999,Friday,NH,W,WWH
KK Nagar ATM,16-12-2011,143,117,26,13997.74,11545.3,2452.44,Friday,NH,W,WWH
Christ College ATM,16-12-2011,72,31,41,5983.44,2383.96,3599.48,Friday,NH,W,WWH
Big Street ATM,17-12-2011,46,24,22,4558.2,3376.9199999999996,1181.28,Saturday,NH,H,WHH
Mount Road ATM,17-12-2011,258,84,174,17231.28,7838.82,9392.46,Saturday,NH,H,WHH
Airport ATM,17-12-2011,120,91,29,8181.219999999999,6745.28,1435.9399999999998,Saturday,NH,H,WHH
KK Nagar ATM,17-12-2011,150,123,27,13783.74,12114.539999999999,1669.1999999999998,Saturday,NH,H,WHH
Christ College ATM,17-12-2011,62,44,18,5977.0199999999995,4541.08,1435.9399999999998,Saturday,NH,H,WHH
Big Street ATM,18-12-2011,38,14,24,2110.04,1155.6,954.4399999999999,Sunday,NH,H,HHW
Mount Road ATM,18-12-2011,262,44,218,13345.039999999999,3051.64,10293.4,Sunday,NH,H,HHW
Airport ATM,18-12-2011,111,82,29,8765.439999999999,7577.74,1187.7,Sunday,NH,H,HHW
KK Nagar ATM,18-12-2011,94,75,19,5713.799999999999,4864.219999999999,849.5799999999999,Sunday,NH,H,HHW
Christ College ATM,18-12-2011,44,26,18,3944.02,2756.3199999999997,1187.7,Sunday,NH,H,HHW
Big Street ATM,19-12-2011,28,11,17,2411.7799999999997,1059.3,1352.48,Monday,NH,W,HWW
Mount Road ATM,19-12-2011,221,89,132,13693.859999999999,6644.7,7049.16,Monday,NH,W,HWW
Airport ATM,19-12-2011,106,80,26,9467.359999999999,8084.919999999999,1382.4399999999998,Monday,NH,W,HWW
KK Nagar ATM,19-12-2011,174,140,34,20359.96,17319.02,3040.94,Monday,NH,W,HWW
Christ College ATM,19-12-2011,60,32,28,3926.8999999999996,2482.4,1444.5,Monday,NH,W,HWW
Big Street ATM,20-12-2011,36,28,8,3143.66,2683.56,460.09999999999997,Tuesday,NH,W,WWW
Mount Road ATM,20-12-2011,177,73,104,11196.48,5690.259999999999,5506.219999999999,Tuesday,NH,W,WWW
Airport ATM,20-12-2011,97,76,21,8936.64,7181.839999999999,1754.8,Tuesday,NH,W,WWW
KK Nagar ATM,20-12-2011,141,114,27,13193.099999999999,11380.519999999999,1812.58,Tuesday,NH,W,WWW
Christ College ATM,20-12-2011,52,31,21,3822.04,2683.56,1138.48,Tuesday,NH,W,WWW
Big Street ATM,21-12-2011,33,13,20,2195.64,862.42,1333.22,Wednesday,NH,W,WWW
Mount Road ATM,21-12-2011,153,76,77,8194.06,5011.88,3182.18,Wednesday,NH,W,WWW
Airport ATM,21-12-2011,104,86,18,7569.179999999999,6520.58,1048.6,Wednesday,NH,W,WWW
KK Nagar ATM,21-12-2011,160,132,28,12756.539999999999,10466.74,2289.7999999999997,Wednesday,NH,W,WWW
Christ College ATM,21-12-2011,76,57,19,7342.339999999999,5949.2,1393.1399999999999,Wednesday,NH,W,WWW
Big Street ATM,22-12-2011,46,28,18,3997.52,2722.08,1275.4399999999998,Thursday,NH,W,WWW
Mount Road ATM,22-12-2011,143,66,77,7235.339999999999,4502.5599999999995,2732.7799999999997,Thursday,NH,W,WWW
Airport ATM,22-12-2011,93,76,17,7331.639999999999,6113.98,1217.6599999999999,Thursday,NH,W,WWW
KK Nagar ATM,22-12-2011,127,107,20,8675.56,7417.24,1258.32,Thursday,NH,W,WWW
Christ College ATM,22-12-2011,42,29,13,3058.06,2523.06,535.0,Thursday,NH,W,WWW
Big Street ATM,23-12-2011,65,33,32,5020.44,2921.1,2099.3399999999997,Friday,NH,W,WWH
Mount Road ATM,23-12-2011,153,85,68,10222.779999999999,5394.94,4827.84,Friday,NH,W,WWH
Airport ATM,23-12-2011,90,74,16,8487.24,7669.759999999999,817.4799999999999,Friday,NH,W,WWH
KK Nagar ATM,23-12-2011,138,110,28,8339.58,6873.679999999999,1465.8999999999999,Friday,NH,W,WWH
Christ College ATM,23-12-2011,88,41,47,6871.54,4252.179999999999,2619.3599999999997,Friday,NH,W,WWH
Big Street ATM,24-12-2011,35,13,22,1926.0,693.36,1232.6399999999999,Saturday,NH,H,WHH
Mount Road ATM,24-12-2011,195,83,112,12621.72,6319.42,6302.299999999999,Saturday,NH,H,WHH
Airport ATM,24-12-2011,112,94,18,10892.599999999999,9653.539999999999,1239.06,Saturday,NH,H,WHH
KK Nagar ATM,24-12-2011,161,121,40,12825.019999999999,8814.66,4010.3599999999997,Saturday,NH,H,WHH
Christ College ATM,24-12-2011,90,51,39,7633.379999999999,5416.34,2217.04,Saturday,NH,H,WHH
Big Street ATM,25-12-2011,42,23,19,2758.46,1534.3799999999999,1224.08,Sunday,C,H,HHW
Mount Road ATM,25-12-2011,117,24,93,4318.5199999999995,1320.3799999999999,2998.14,Sunday,C,H,HHW
Airport ATM,25-12-2011,72,55,17,5486.96,5103.9,383.06,Sunday,C,H,HHW
KK Nagar ATM,25-12-2011,85,66,19,5833.639999999999,4305.679999999999,1527.9599999999998,Sunday,C,H,HHW
Christ College ATM,25-12-2011,61,39,22,5448.44,4566.759999999999,881.68,Sunday,C,H,HHW
Big Street ATM,26-12-2011,42,17,25,4710.139999999999,2796.98,1913.1599999999999,Monday,NH,W,HWW
Mount Road ATM,26-12-2011,171,92,79,12024.66,7840.96,4183.7,Monday,NH,W,HWW
Airport ATM,26-12-2011,26,17,9,3032.3799999999997,2634.3399999999997,398.03999999999996,Monday,NH,W,HWW
KK Nagar ATM,26-12-2011,171,132,39,12724.439999999999,10620.82,2103.62,Monday,NH,W,HWW
Christ College ATM,26-12-2011,80,37,43,7614.12,3931.18,3682.9399999999996,Monday,NH,W,HWW
Big Street ATM,27-12-2011,37,14,23,2578.7,1221.9399999999998,1356.76,Tuesday,NH,W,WWW
Mount Road ATM,27-12-2011,132,63,69,8482.96,3926.8999999999996,4556.0599999999995,Tuesday,NH,W,WWW
Airport ATM,27-12-2011,76,63,13,5632.48,4919.86,712.62,Tuesday,NH,W,WWW
KK Nagar ATM,27-12-2011,140,102,38,11750.74,9026.52,2724.22,Tuesday,NH,W,WWW
Christ College ATM,27-12-2011,65,30,35,4975.5,2413.92,2561.58,Tuesday,NH,W,WWW
Big Street ATM,28-12-2011,35,16,19,1900.32,930.9,969.42,Wednesday,NH,W,WWW
Mount Road ATM,28-12-2011,123,77,46,10030.18,7378.719999999999,2651.46,Wednesday,NH,W,WWW
Airport ATM,28-12-2011,83,72,11,9351.8,8585.68,766.12,Wednesday,NH,W,WWW
KK Nagar ATM,28-12-2011,152,116,36,11200.76,9080.019999999999,2120.74,Wednesday,NH,W,WWW
Christ College ATM,28-12-2011,75,32,43,5989.86,2127.16,3862.7,Wednesday,NH,W,WWW
Big Street ATM,29-12-2011,37,16,21,2482.4,1857.52,624.88,Thursday,NH,W,WWW
Mount Road ATM,29-12-2011,81,52,29,4051.02,2835.5,1215.52,Thursday,NH,W,WWW
Airport ATM,29-12-2011,83,70,13,7490.0,7091.96,398.03999999999996,Thursday,NH,W,WWW
KK Nagar ATM,29-12-2011,115,84,31,9625.72,6882.24,2743.48,Thursday,NH,W,WWW
Christ College ATM,29-12-2011,63,34,29,7154.0199999999995,4211.5199999999995,2942.5,Thursday,NH,W,WWW
Big Street ATM,30-12-2011,13,6,7,873.12,301.74,571.38,Friday,NH,W,WWH
Mount Road ATM,30-12-2011,111,63,48,8172.66,5397.08,2775.58,Friday,NH,W,WWH
Airport ATM,30-12-2011,58,46,12,5427.04,4975.5,451.53999999999996,Friday,NH,W,WWH
KK Nagar ATM,30-12-2011,108,79,29,10509.539999999999,8157.679999999999,2351.8599999999997,Friday,NH,W,WWH
Christ College ATM,30-12-2011,61,35,26,7194.679999999999,5536.179999999999,1658.5,Friday,NH,W,WWH
Big Street ATM,31-12-2011,22,10,12,1416.6799999999998,663.4,753.28,Saturday,NH,H,WHH
Mount Road ATM,31-12-2011,221,123,98,19979.039999999997,13563.32,6415.719999999999,Saturday,NH,H,WHH
Airport ATM,31-12-2011,157,134,23,16030.74,14517.759999999998,1512.98,Saturday,NH,H,WHH
KK Nagar ATM,31-12-2011,249,176,73,23916.64,16028.599999999999,7888.04,Saturday,NH,H,WHH
Christ College ATM,31-12-2011,117,52,65,11748.599999999999,6186.74,5561.86,Saturday,NH,H,WHH
Big Street ATM,1/1/2012,47,17,30,3624.0600000000004,1744.71,1879.3500000000001,SUNDAY,C,H,HHW
Mount Road ATM,1/1/2012,219,50,169,10488.83,4082.2100000000005,6406.620000000001,SUNDAY,C,H,HHW
Airport ATM,1/1/2012,101,55,46,7083.56,5097.620000000001,1985.94,SUNDAY,C,H,HHW
KK Nagar ATM,1/1/2012,222,119,103,17903.38,10116.7,7786.68,SUNDAY,C,H,HHW
Christ College ATM,1/1/2012,103,33,70,6660.9400000000005,2305.71,4355.2300000000005,SUNDAY,C,H,HHW
Big Street ATM,2/1/2012,30,19,11,1744.71,1159.4,585.3100000000001,SUNDAY,C,H,HHW
Mount Road ATM,2/1/2012,171,88,83,12046.54,6982.580000000001,5063.96,SUNDAY,C,H,HHW
Airport ATM,2/1/2012,107,91,16,10733.800000000001,9537.0,1196.8000000000002,SUNDAY,C,H,HHW
KK Nagar ATM,2/1/2012,228,171,57,19734.11,14870.240000000002,4863.870000000001,SUNDAY,C,H,HHW
Christ College ATM,2/1/2012,127,65,62,10466.390000000001,5879.280000000001,4587.110000000001,SUNDAY,C,H,HHW
Big Street ATM,3/1/2012,40,19,21,2653.53,1694.22,959.3100000000001,SUNDAY,C,H,HHW
Mount Road ATM,3/1/2012,225,116,109,15468.640000000001,9017.140000000001,6451.500000000001,SUNDAY,C,H,HHW
Airport ATM,3/1/2012,122,101,21,9731.480000000001,8944.210000000001,787.2700000000001,SUNDAY,C,H,HHW
KK Nagar ATM,3/1/2012,214,175,39,16053.95,13841.740000000002,2212.21,SUNDAY,C,H,HHW
Christ College ATM,3/1/2012,127,66,61,10417.77,5905.46,4512.31,SUNDAY,C,H,HHW
Big Street ATM,4/1/2012,38,24,14,3867.1600000000003,3287.46,579.7,SUNDAY,C,H,HHW
Mount Road ATM,4/1/2012,155,89,66,9550.09,6189.700000000001,3360.3900000000003,SUNDAY,C,H,HHW
Airport ATM,4/1/2012,95,80,15,9892.300000000001,8745.99,1146.3100000000002,SUNDAY,C,H,HHW
KK Nagar ATM,4/1/2012,149,128,21,14294.28,12304.6,1989.68,SUNDAY,C,H,HHW
Christ College ATM,4/1/2012,105,47,58,8050.35,3650.2400000000002,4400.110000000001,SUNDAY,C,H,HHW
Big Street ATM,5/1/2012,58,43,15,5269.660000000001,4594.59,675.07,SUNDAY,C,H,HHW
Mount Road ATM,5/1/2012,198,94,104,13217.160000000002,7960.59,5256.570000000001,SUNDAY,C,H,HHW
Airport ATM,5/1/2012,104,82,22,9656.68,8252.310000000001,1404.3700000000001,SUNDAY,C,H,HHW
KK Nagar ATM,5/1/2012,169,121,48,14084.84,9666.03,4418.81,SUNDAY,C,H,HHW
Christ College ATM,5/1/2012,92,45,47,7629.6,4205.63,3423.9700000000003,SUNDAY,C,H,HHW
Big Street ATM,6/1/2012,35,18,17,1812.0300000000002,1344.5300000000002,467.50000000000006,SUNDAY,C,H,HHW
Mount Road ATM,6/1/2012,215,105,110,13512.62,8151.330000000001,5361.29,SUNDAY,C,H,HHW
Airport ATM,6/1/2012,98,78,20,8074.660000000001,6907.780000000001,1166.88,SUNDAY,C,H,HHW
KK Nagar ATM,6/1/2012,197,145,52,15969.800000000001,11277.970000000001,4691.83,SUNDAY,C,H,HHW
Christ College ATM,6/1/2012,148,67,81,11087.230000000001,5699.76,5387.47,SUNDAY,C,H,HHW
Big Street ATM,7/1/2012,25,15,10,2399.21,2137.4100000000003,261.8,SATURDAY,NH,H,WHH
Mount Road ATM,7/1/2012,255,115,140,17041.31,10365.41,6675.900000000001,SATURDAY,NH,H,WHH
Airport ATM,7/1/2012,136,102,34,14335.420000000002,11470.58,2864.84,SATURDAY,NH,H,WHH
KK Nagar ATM,7/1/2012,178,127,51,15012.36,10501.92,4510.4400000000005,SATURDAY,NH,H,WHH
Christ College ATM,7/1/2012,132,49,83,12278.42,4587.110000000001,7691.31,SATURDAY,NH,H,WHH
Big Street ATM,8/1/2012,40,24,16,2227.17,1598.8500000000001,628.32,SUNDAY,NH,H,HHW
Mount Road ATM,8/1/2012,256,48,208,10980.640000000001,3493.1600000000003,7487.4800000000005,SUNDAY,NH,H,HHW
Airport ATM,8/1/2012,127,90,37,11190.08,9394.880000000001,1795.2,SUNDAY,NH,H,HHW
KK Nagar ATM,8/1/2012,120,74,46,7670.740000000001,3803.5800000000004,3867.1600000000003,SUNDAY,NH,H,HHW
Christ College ATM,8/1/2012,90,32,58,5927.900000000001,2788.17,3139.73,SUNDAY,NH,H,HHW
Big Street ATM,9/1/2012,41,23,18,3115.42,2315.06,800.36,SUNDAY,NH,H,HHW
Mount Road ATM,9/1/2012,192,75,117,10838.52,5452.92,5385.6,SUNDAY,NH,H,HHW
Airport ATM,9/1/2012,115,93,22,8809.570000000002,7192.02,1617.5500000000002,SUNDAY,NH,H,HHW
KK Nagar ATM,9/1/2012,203,139,64,16553.24,10902.1,5651.14,SUNDAY,NH,H,HHW
Christ College ATM,9/1/2012,122,59,63,10657.130000000001,5445.4400000000005,5211.6900000000005,SUNDAY,NH,H,HHW
Big Street ATM,10/1/2012,64,26,38,3889.6000000000004,1671.7800000000002,2217.82,SUNDAY,NH,H,HHW
Mount Road ATM,10/1/2012,167,72,95,8108.320000000001,4095.3,4013.0200000000004,SUNDAY,NH,H,HHW
Airport ATM,10/1/2012,133,98,35,11801.570000000002,8899.33,2902.2400000000002,SUNDAY,NH,H,HHW
KK Nagar ATM,10/1/2012,238,188,50,22110.88,18088.510000000002,4022.3700000000003,SUNDAY,NH,H,HHW
Christ College ATM,10/1/2012,121,64,57,11094.710000000001,6309.38,4785.33,SUNDAY,NH,H,HHW
Big Street ATM,11/1/2012,56,33,23,3743.7400000000002,2545.07,1198.67,SUNDAY,NH,H,HHW
Mount Road ATM,11/1/2012,178,70,108,9763.27,4835.820000000001,4927.450000000001,SUNDAY,NH,H,HHW
Airport ATM,11/1/2012,119,96,23,9927.83,8590.78,1337.0500000000002,SUNDAY,NH,H,HHW
KK Nagar ATM,11/1/2012,187,129,58,15885.650000000001,11767.910000000002,4117.740000000001,SUNDAY,NH,H,HHW
Christ College ATM,11/1/2012,102,54,48,7711.88,4108.39,3603.4900000000002,SUNDAY,NH,H,HHW
Big Street ATM,12/1/2012,38,20,18,2840.53,1999.0300000000002,841.5000000000001,SUNDAY,NH,H,HHW
Mount Road ATM,12/1/2012,234,104,130,14133.460000000001,7177.06,6956.400000000001,SUNDAY,NH,H,HHW
Airport ATM,12/1/2012,112,94,18,10075.560000000001,8940.470000000001,1135.0900000000001,SUNDAY,NH,H,HHW
KK Nagar ATM,12/1/2012,207,133,74,17458.32,11676.28,5782.04,SUNDAY,NH,H,HHW
Christ College ATM,12/1/2012,117,60,57,9808.150000000001,4847.04,4961.110000000001,SUNDAY,NH,H,HHW
Big Street ATM,13-01-2012,24,15,9,1172.49,783.5300000000001,388.96000000000004,SUNDAY,NH,H,HHW
Mount Road ATM,13-01-2012,191,89,102,9471.550000000001,5058.35,4413.200000000001,SUNDAY,NH,H,HHW
Airport ATM,13-01-2012,140,115,25,13176.02,12106.380000000001,1069.64,SUNDAY,NH,H,HHW
KK Nagar ATM,13-01-2012,162,132,30,11264.880000000001,9402.36,1862.5200000000002,SUNDAY,NH,H,HHW
Christ College ATM,13-01-2012,96,51,45,10062.470000000001,6429.06,3633.4100000000003,SUNDAY,NH,H,HHW
Big Street ATM,14-01-2012,49,18,31,2546.94,1151.92,1395.0200000000002,SATURDAY,NH,H,WHH
Mount Road ATM,14-01-2012,221,111,110,11713.68,8401.91,3311.7700000000004,SATURDAY,NH,H,WHH
Airport ATM,14-01-2012,134,109,25,12882.43,11956.78,925.6500000000001,SATURDAY,NH,H,WHH
KK Nagar ATM,14-01-2012,237,173,64,13654.740000000002,9402.36,4252.38,SATURDAY,NH,H,WHH
Christ College ATM,14-01-2012,131,72,59,11666.93,7698.790000000001,3968.1400000000003,SATURDAY,NH,H,WHH
Big Street ATM,15-01-2012,46,16,30,2143.02,1129.48,1013.5400000000001,SUNDAY,H,H,HHH
Mount Road ATM,15-01-2012,89,23,66,3562.3500000000004,1166.88,2395.4700000000003,SUNDAY,H,H,HHH
Airport ATM,15-01-2012,46,27,19,2287.01,1746.5800000000002,540.4300000000001,SUNDAY,H,H,HHH
KK Nagar ATM,15-01-2012,120,75,45,6034.490000000001,3622.19,2412.3,SUNDAY,H,H,HHH
Christ College ATM,15-01-2012,68,33,35,4220.59,2756.38,1464.21,SUNDAY,H,H,HHH
Big Street ATM,16-01-2012,46,30,16,2986.3900000000003,2500.19,486.20000000000005,MONDAY,H,H,HHH
Mount Road ATM,16-01-2012,70,26,44,4336.530000000001,2573.1200000000003,1763.41,MONDAY,H,H,HHH
Airport ATM,16-01-2012,43,29,14,2569.38,2008.38,561.0,MONDAY,H,H,HHH
KK Nagar ATM,16-01-2012,108,67,41,4910.620000000001,2367.42,2543.2000000000003,MONDAY,H,H,HHH
Christ College ATM,16-01-2012,32,17,15,2144.8900000000003,1475.43,669.46,MONDAY,H,H,HHH
Big Street ATM,17-01-2012,36,22,14,2440.3500000000004,1946.67,493.68000000000006,TUESDAY,H,H,HHW
Mount Road ATM,17-01-2012,31,12,19,1116.39,471.24,645.1500000000001,TUESDAY,H,H,HHW
Airport ATM,17-01-2012,63,47,16,3332.34,2997.61,334.73,TUESDAY,H,H,HHW
KK Nagar ATM,17-01-2012,124,83,41,6799.320000000001,4551.58,2247.7400000000002,TUESDAY,H,H,HHW
Christ College ATM,17-01-2012,65,23,42,3642.76,1249.16,2393.6000000000004,TUESDAY,H,H,HHW
Big Street ATM,18-01-2012,38,28,10,3820.4100000000003,3336.0800000000004,484.33000000000004,TUESDAY,H,H,HHW
Mount Road ATM,18-01-2012,126,79,47,6350.52,4117.740000000001,2232.78,TUESDAY,H,H,HHW
Airport ATM,18-01-2012,74,59,15,6264.5,5374.38,890.1200000000001,TUESDAY,H,H,HHW
KK Nagar ATM,18-01-2012,170,136,34,12003.53,9972.710000000001,2030.8200000000002,TUESDAY,H,H,HHW
Christ College ATM,18-01-2012,101,65,36,10053.12,7092.910000000001,2960.21,TUESDAY,H,H,HHW
Big Street ATM,19-01-2012,40,28,12,2644.1800000000003,1927.97,716.21,TUESDAY,H,H,HHW
Mount Road ATM,19-01-2012,115,63,52,7560.410000000001,5004.120000000001,2556.29,TUESDAY,H,H,HHW
Airport ATM,19-01-2012,70,55,15,4042.9400000000005,3711.9500000000003,330.99,TUESDAY,H,H,HHW
KK Nagar ATM,19-01-2012,160,109,51,12261.59,8796.480000000001,3465.11,TUESDAY,H,H,HHW
Christ College ATM,19-01-2012,101,60,41,7530.490000000001,4478.650000000001,3051.84,TUESDAY,H,H,HHW
Big Street ATM,20-01-2012,28,16,12,2810.61,2202.86,607.75,TUESDAY,H,H,HHW
Mount Road ATM,20-01-2012,136,74,62,9076.980000000001,5533.330000000001,3543.65,TUESDAY,H,H,HHW
Airport ATM,20-01-2012,96,77,19,7910.1,6859.160000000001,1050.94,TUESDAY,H,H,HHW
KK Nagar ATM,20-01-2012,159,120,39,12609.410000000002,10038.16,2571.25,TUESDAY,H,H,HHW
Christ College ATM,20-01-2012,90,45,45,7336.01,4587.110000000001,2748.9,TUESDAY,H,H,HHW
Big Street ATM,21-01-2012,41,29,12,3612.84,3008.8300000000004,604.01,SATURDAY,NH,H,WHH
Mount Road ATM,21-01-2012,158,77,81,10307.44,5972.780000000001,4334.660000000001,SATURDAY,NH,H,WHH
Airport ATM,21-01-2012,112,92,20,8682.41,7736.1900000000005,946.22,SATURDAY,NH,H,WHH
KK Nagar ATM,21-01-2012,173,126,47,13422.86,10118.570000000002,3304.2900000000004,SATURDAY,NH,H,WHH
Christ College ATM,21-01-2012,109,55,54,9004.050000000001,5181.77,3822.28,SATURDAY,NH,H,WHH
Big Street ATM,22-01-2012,38,25,13,1999.0300000000002,1522.18,476.85,SUNDAY,NH,H,HHW
Mount Road ATM,22-01-2012,143,27,116,7784.81,1684.8700000000001,6099.9400000000005,SUNDAY,NH,H,HHW
Airport ATM,22-01-2012,90,70,20,8239.220000000001,7392.110000000001,847.11,SUNDAY,NH,H,HHW
KK Nagar ATM,22-01-2012,90,64,26,6361.740000000001,4151.400000000001,2210.34,SUNDAY,NH,H,HHW
Christ College ATM,22-01-2012,161,46,115,8237.35,2167.3300000000004,6070.02,SUNDAY,NH,H,HHW
Big Street ATM,23-01-2012,53,23,30,4411.33,2071.96,2339.3700000000003,SUNDAY,NH,H,HHW
Mount Road ATM,23-01-2012,173,74,99,9709.04,5671.71,4037.3300000000004,SUNDAY,NH,H,HHW
Airport ATM,23-01-2012,105,80,25,8968.52,7878.31,1090.21,SUNDAY,NH,H,HHW
KK Nagar ATM,23-01-2012,153,121,32,12590.710000000001,10932.02,1658.69,SUNDAY,NH,H,HHW
Christ College ATM,23-01-2012,101,45,56,6012.05,2735.8100000000004,3276.2400000000002,SUNDAY,NH,H,HHW
Big Street ATM,24-01-2012,35,19,16,2144.8900000000003,1082.73,1062.16,SUNDAY,NH,H,HHW
Mount Road ATM,24-01-2012,153,61,92,10468.26,5860.580000000001,4607.68,SUNDAY,NH,H,HHW
Airport ATM,24-01-2012,79,66,13,5282.75,4850.780000000001,431.97,SUNDAY,NH,H,HHW
KK Nagar ATM,24-01-2012,144,114,30,11306.02,9299.51,2006.5100000000002,SUNDAY,NH,H,HHW
Christ College ATM,24-01-2012,79,51,28,6380.4400000000005,4708.660000000001,1671.7800000000002,SUNDAY,NH,H,HHW
Big Street ATM,25-01-2012,48,32,16,3569.8300000000004,2806.8700000000003,762.96,SUNDAY,NH,H,HHW
Mount Road ATM,25-01-2012,162,95,67,10135.400000000001,8100.84,2034.5600000000002,SUNDAY,NH,H,HHW
Airport ATM,25-01-2012,121,101,20,12254.11,11433.18,820.9300000000001,SUNDAY,NH,H,HHW
KK Nagar ATM,25-01-2012,136,110,26,8444.92,6702.080000000001,1742.8400000000001,SUNDAY,NH,H,HHW
Christ College ATM,25-01-2012,81,52,29,6933.960000000001,4762.89,2171.07,SUNDAY,NH,H,HHW
Big Street ATM,26-01-2012,33,15,18,2576.86,1634.38,942.48,THURSDAY,N,H,WHW
Mount Road ATM,26-01-2012,148,47,101,7992.380000000001,3994.32,3998.0600000000004,THURSDAY,N,H,WHW
Airport ATM,26-01-2012,83,64,19,6588.01,6208.400000000001,379.61,THURSDAY,N,H,WHW
KK Nagar ATM,26-01-2012,139,98,41,8785.26,5389.34,3395.92,THURSDAY,N,H,WHW
Christ College ATM,26-01-2012,83,46,37,5772.6900000000005,3244.4500000000003,2528.2400000000002,THURSDAY,N,H,WHW
Big Street ATM,27-01-2012,40,26,14,2301.9700000000003,1647.47,654.5,THURSDAY,N,H,WHW
Mount Road ATM,27-01-2012,123,61,62,9333.17,6040.1,3293.07,THURSDAY,N,H,WHW
Airport ATM,27-01-2012,113,98,15,9838.070000000002,9312.6,525.47,THURSDAY,N,H,WHW
KK Nagar ATM,27-01-2012,166,116,50,10582.33,8452.400000000001,2129.9300000000003,THURSDAY,N,H,WHW
Christ College ATM,27-01-2012,87,49,38,9056.41,5509.02,3547.3900000000003,THURSDAY,N,H,WHW
Big Street ATM,28-01-2012,38,22,16,2574.9900000000002,1277.21,1297.7800000000002,SATURDAY,NH,H,WHH
Mount Road ATM,28-01-2012,149,70,79,8757.210000000001,4628.25,4128.96,SATURDAY,NH,H,WHH
Airport ATM,28-01-2012,106,90,16,9613.67,8944.210000000001,669.46,SATURDAY,NH,H,WHH
KK Nagar ATM,28-01-2012,153,121,32,9606.19,7420.160000000001,2186.03,SATURDAY,NH,H,WHH
Christ College ATM,28-01-2012,113,49,64,8927.380000000001,4061.6400000000003,4865.740000000001,SATURDAY,NH,H,WHH
Big Street ATM,29-01-2012,43,14,29,2947.1200000000003,1228.5900000000001,1718.5300000000002,SUNDAY,NH,H,HHW
Mount Road ATM,29-01-2012,122,33,89,4936.8,1576.41,3360.3900000000003,SUNDAY,NH,H,HHW
Airport ATM,29-01-2012,78,57,21,5133.150000000001,4280.43,852.72,SUNDAY,NH,H,HHW
KK Nagar ATM,29-01-2012,87,62,25,5581.950000000001,3655.8500000000004,1926.1000000000001,SUNDAY,NH,H,HHW
Christ College ATM,29-01-2012,111,44,67,8027.910000000001,3962.53,4065.38,SUNDAY,NH,H,HHW
Big Street ATM,30-01-2012,56,35,21,4519.79,3354.78,1165.01,SUNDAY,NH,H,HHW
Mount Road ATM,30-01-2012,126,70,56,7487.4800000000005,5007.860000000001,2479.6200000000003,SUNDAY,NH,H,HHW
Airport ATM,30-01-2012,87,65,22,6846.070000000001,5722.200000000001,1123.8700000000001,SUNDAY,NH,H,HHW
KK Nagar ATM,30-01-2012,164,115,49,13703.36,10030.68,3672.6800000000003,SUNDAY,NH,H,HHW
Christ College ATM,30-01-2012,97,50,47,8774.04,4323.4400000000005,4450.6,SUNDAY,NH,H,HHW
Big Street ATM,31-01-2012,45,20,25,2948.9900000000002,1080.8600000000001,1868.13,SUNDAY,NH,H,HHW
Mount Road ATM,31-01-2012,122,72,50,8383.210000000001,5929.77,2453.44,SUNDAY,NH,H,HHW
Airport ATM,31-01-2012,48,35,13,3539.9100000000003,2861.1000000000004,678.8100000000001,SUNDAY,NH,H,HHW
KK Nagar ATM,31-01-2012,145,111,34,14191.43,11549.12,2642.3100000000004,SUNDAY,NH,H,HHW
Christ College ATM,31-01-2012,86,57,29,7033.070000000001,5841.88,1191.19,SUNDAY,NH,H,HHW
Big Street ATM,1/2/2012,45,21,24,3251.9300000000003,1681.13,1570.8000000000002,SUNDAY,NH,H,HHW
Mount Road ATM,1/2/2012,176,99,77,13166.67,8710.460000000001,4456.21,SUNDAY,NH,H,HHW
Airport ATM,1/2/2012,133,108,25,11771.650000000001,9512.69,2258.96,SUNDAY,NH,H,HHW
KK Nagar ATM,1/2/2012,196,144,52,18088.510000000002,13084.390000000001,5004.120000000001,SUNDAY,NH,H,HHW
Christ College ATM,1/2/2012,114,50,64,9342.52,3362.26,5980.26,SUNDAY,NH,H,HHW
Big Street ATM,2/2/2012,50,25,25,4063.51,2303.84,1759.67,SUNDAY,NH,H,HHW
Mount Road ATM,2/2/2012,183,103,80,12095.160000000002,8409.390000000001,3685.7700000000004,SUNDAY,NH,H,HHW
Airport ATM,2/2/2012,102,86,16,8873.150000000001,7637.080000000001,1236.0700000000002,SUNDAY,NH,H,HHW
KK Nagar ATM,2/2/2012,194,153,41,19528.41,15900.61,3627.8,SUNDAY,NH,H,HHW
Christ College ATM,2/2/2012,72,33,39,7429.51,3511.86,3917.65,SUNDAY,NH,H,HHW
Big Street ATM,3/2/2012,37,23,14,3895.2100000000005,3321.1200000000003,574.09,SUNDAY,NH,H,HHW
Mount Road ATM,3/2/2012,134,65,69,7814.7300000000005,4179.450000000001,3635.28,SUNDAY,NH,H,HHW
Airport ATM,3/2/2012,99,87,12,9780.1,9065.76,714.34,SUNDAY,NH,H,HHW
KK Nagar ATM,3/2/2012,164,115,49,12399.970000000001,9267.720000000001,3132.25,SUNDAY,NH,H,HHW
Christ College ATM,3/2/2012,116,53,63,10232.640000000001,5256.570000000001,4976.070000000001,SUNDAY,NH,H,HHW
Big Street ATM,4/2/2012,39,17,22,2365.55,858.33,1507.22,SATURDAY,NH,H,WHH
Mount Road ATM,4/2/2012,193,109,84,14419.570000000002,9480.900000000001,4938.67,SATURDAY,NH,H,WHH
Airport ATM,4/2/2012,129,104,25,14557.95,11812.79,2745.1600000000003,SATURDAY,NH,H,WHH
KK Nagar ATM,4/2/2012,198,158,40,21604.11,17948.260000000002,3655.8500000000004,SATURDAY,NH,H,WHH
Christ College ATM,4/2/2012,132,61,71,11825.880000000001,6616.06,5209.820000000001,SATURDAY,NH,H,WHH
Big Street ATM,5/2/2012,38,20,18,2782.5600000000004,2088.79,693.7700000000001,SUNDAY,M,H,HHW
Mount Road ATM,5/2/2012,199,55,144,9959.62,3743.7400000000002,6215.88,SUNDAY,M,H,HHW
Airport ATM,5/2/2012,103,77,26,6387.92,5340.72,1047.2,SUNDAY,M,H,HHW
KK Nagar ATM,5/2/2012,127,82,45,9254.630000000001,6659.070000000001,2595.5600000000004,SUNDAY,M,H,HHW
Christ College ATM,5/2/2012,67,33,34,5228.52,2743.2900000000004,2485.23,SUNDAY,M,H,HHW
Big Street ATM,6/2/2012,33,15,18,2077.57,1419.3300000000002,658.24,SUNDAY,M,H,HHW
Mount Road ATM,6/2/2012,167,80,87,10374.76,6571.18,3803.5800000000004,SUNDAY,M,H,HHW
Airport ATM,6/2/2012,95,72,23,8409.390000000001,6866.64,1542.75,SUNDAY,M,H,HHW
KK Nagar ATM,6/2/2012,219,172,47,20001.52,15969.800000000001,4031.7200000000003,SUNDAY,M,H,HHW
Christ College ATM,6/2/2012,116,59,57,9561.310000000001,5510.89,4050.42,SUNDAY,M,H,HHW
Big Street ATM,7/2/2012,47,23,24,3452.0200000000004,2060.7400000000002,1391.2800000000002,SUNDAY,M,H,HHW
Mount Road ATM,7/2/2012,219,70,149,15047.890000000001,6206.530000000001,8841.36,SUNDAY,M,H,HHW
Airport ATM,7/2/2012,122,87,35,9540.74,7511.790000000001,2028.95,SUNDAY,M,H,HHW
KK Nagar ATM,7/2/2012,179,125,54,14542.990000000002,9611.800000000001,4931.1900000000005,SUNDAY,M,H,HHW
Christ College ATM,7/2/2012,129,60,69,11059.18,6588.01,4471.17,SUNDAY,M,H,HHW
Big Street ATM,8/2/2012,38,18,20,3680.1600000000003,2057.0,1623.16,SUNDAY,M,H,HHW
Mount Road ATM,8/2/2012,243,91,152,16585.030000000002,8278.49,8306.54,SUNDAY,M,H,HHW
Airport ATM,8/2/2012,147,91,56,10634.69,6056.93,4577.76,SUNDAY,M,H,HHW
KK Nagar ATM,8/2/2012,197,115,82,17561.170000000002,10847.87,6713.3,SUNDAY,M,H,HHW
Christ College ATM,8/2/2012,125,50,75,11119.02,5034.04,6084.9800000000005,SUNDAY,M,H,HHW
Big Street ATM,9/2/2012,46,22,24,3293.07,2182.29,1110.78,SUNDAY,M,H,HHW
Mount Road ATM,9/2/2012,162,89,73,11457.490000000002,6935.830000000001,4521.660000000001,SUNDAY,M,H,HHW
Airport ATM,9/2/2012,132,81,51,10960.070000000002,8585.17,2374.9,SUNDAY,M,H,HHW
KK Nagar ATM,9/2/2012,226,146,80,18438.2,11824.01,6614.1900000000005,SUNDAY,M,H,HHW
Christ College ATM,9/2/2012,118,37,81,8009.210000000001,2477.75,5531.46,SUNDAY,M,H,HHW
Big Street ATM,10/2/2012,48,20,28,4385.150000000001,3078.0200000000004,1307.13,SUNDAY,M,H,HHW
Mount Road ATM,10/2/2012,247,76,171,14584.130000000001,5191.120000000001,9393.01,SUNDAY,M,H,HHW
Airport ATM,10/2/2012,119,76,43,9252.76,6634.76,2618.0,SUNDAY,M,H,HHW
KK Nagar ATM,10/2/2012,200,127,73,16972.120000000003,12540.220000000001,4431.900000000001,SUNDAY,M,H,HHW
Christ College ATM,10/2/2012,157,61,96,12990.890000000001,6055.06,6935.830000000001,SUNDAY,M,H,HHW
Big Street ATM,11/2/2012,52,27,25,4884.4400000000005,2928.42,1956.0200000000002,SATURDAY,NH,H,WHH
Mount Road ATM,11/2/2012,167,81,86,9995.150000000001,6561.830000000001,3433.32,SATURDAY,NH,H,WHH
Airport ATM,11/2/2012,114,86,28,11530.42,8848.84,2681.5800000000004,SATURDAY,NH,H,WHH
KK Nagar ATM,11/2/2012,151,119,32,11036.740000000002,9336.91,1699.8300000000002,SATURDAY,NH,H,WHH
Christ College ATM,11/2/2012,101,53,48,9015.27,6350.52,2664.75,SATURDAY,NH,H,WHH
Big Street ATM,12/2/2012,53,20,33,3177.13,1939.19,1237.94,SUNDAY,NH,H,HHW
Mount Road ATM,12/2/2012,177,34,143,8231.74,1873.7400000000002,6358.000000000001,SUNDAY,NH,H,HHW
Airport ATM,12/2/2012,109,69,40,7616.51,6182.22,1434.2900000000002,SUNDAY,NH,H,HHW
KK Nagar ATM,12/2/2012,113,68,45,6444.02,3938.2200000000003,2505.8,SUNDAY,NH,H,HHW
Christ College ATM,12/2/2012,71,36,35,4841.43,3371.61,1469.8200000000002,SUNDAY,NH,H,HHW
Big Street ATM,13-02-2012,46,20,26,3274.3700000000003,1559.5800000000002,1714.7900000000002,SUNDAY,NH,H,HHW
Mount Road ATM,13-02-2012,198,90,108,10724.45,5909.200000000001,4815.25,SUNDAY,NH,H,HHW
Airport ATM,13-02-2012,98,65,33,6829.240000000001,4252.38,2576.86,SUNDAY,NH,H,HHW
KK Nagar ATM,13-02-2012,170,134,36,12659.900000000001,10002.630000000001,2657.27,SUNDAY,NH,H,HHW
Christ College ATM,13-02-2012,116,58,58,10872.18,6569.31,4302.87,SUNDAY,NH,H,HHW
Big Street ATM,14-02-2012,41,20,21,3420.2300000000005,2982.65,437.58000000000004,SUNDAY,NH,H,HHW
Mount Road ATM,14-02-2012,162,81,81,8031.650000000001,4964.85,3066.8,SUNDAY,NH,H,HHW
Airport ATM,14-02-2012,95,75,20,7008.76,6150.43,858.33,SUNDAY,NH,H,HHW
KK Nagar ATM,14-02-2012,149,108,41,12841.29,10339.230000000001,2502.0600000000004,SUNDAY,NH,H,HHW
Christ College ATM,14-02-2012,92,40,52,4927.450000000001,2404.82,2522.63,SUNDAY,NH,H,HHW
Big Street ATM,15-02-2012,65,26,39,5181.77,2756.38,2425.3900000000003,SUNDAY,NH,H,HHW
Mount Road ATM,15-02-2012,175,95,80,13346.19,9445.37,3900.82,SUNDAY,NH,H,HHW
Airport ATM,15-02-2012,108,89,19,10296.220000000001,9576.27,719.95,SUNDAY,NH,H,HHW
KK Nagar ATM,15-02-2012,159,132,27,12484.12,11115.28,1368.8400000000001,SUNDAY,NH,H,HHW
Christ College ATM,15-02-2012,105,45,60,6773.14,3605.36,3167.78,SUNDAY,NH,H,HHW
Big Street ATM,16-02-2012,34,16,18,2861.1000000000004,2015.8600000000001,845.24,SUNDAY,NH,H,HHW
Mount Road ATM,16-02-2012,138,74,64,8308.41,5157.46,3150.9500000000003,SUNDAY,NH,H,HHW
Airport ATM,16-02-2012,110,83,27,9406.1,8181.250000000001,1224.8500000000001,SUNDAY,NH,H,HHW
KK Nagar ATM,16-02-2012,169,133,36,15128.300000000001,12123.210000000001,3005.09,SUNDAY,NH,H,HHW
Christ College ATM,16-02-2012,54,27,27,3975.6200000000003,2829.3100000000004,1146.3100000000002,SUNDAY,NH,H,HHW
Big Street ATM,17-02-2012,38,15,23,3029.4,1610.0700000000002,1419.3300000000002,SUNDAY,NH,H,HHW
Mount Road ATM,17-02-2012,115,59,56,4785.33,2827.44,1957.89,SUNDAY,NH,H,HHW
Airport ATM,17-02-2012,85,56,29,4646.950000000001,2943.38,1703.5700000000002,SUNDAY,NH,H,HHW
KK Nagar ATM,17-02-2012,122,91,31,8132.630000000001,6320.6,1812.0300000000002,SUNDAY,NH,H,HHW
Christ College ATM,17-02-2012,66,38,28,6705.820000000001,5475.360000000001,1230.46,SUNDAY,NH,H,HHW
Big Street ATM,18-02-2012,35,11,24,2012.1200000000001,1273.47,738.6500000000001,SATURDAY,NH,H,WHH
Mount Road ATM,18-02-2012,192,84,108,10842.26,6982.580000000001,3859.6800000000003,SATURDAY,NH,H,WHH
Airport ATM,18-02-2012,92,68,24,7584.72,5892.370000000001,1692.3500000000001,SATURDAY,NH,H,WHH
KK Nagar ATM,18-02-2012,98,70,28,5260.31,3652.11,1608.2,SATURDAY,NH,H,WHH
Christ College ATM,18-02-2012,90,51,39,7472.52,4914.360000000001,2558.1600000000003,SATURDAY,NH,H,WHH
Big Street ATM,19-02-2012,28,10,18,1101.43,691.9000000000001,409.53000000000003,SUNDAY,NH,H,HHW
Mount Road ATM,19-02-2012,161,41,120,7025.59,3625.9300000000003,3399.6600000000003,SUNDAY,NH,H,HHW
Airport ATM,19-02-2012,73,41,32,4798.42,3835.3700000000003,963.0500000000001,SUNDAY,NH,H,HHW
KK Nagar ATM,19-02-2012,84,62,22,4852.650000000001,3612.84,1239.8100000000002,SUNDAY,NH,H,HHW
Christ College ATM,19-02-2012,70,25,45,4211.240000000001,1361.3600000000001,2849.88,SUNDAY,NH,H,HHW
Big Street ATM,20-02-2012,9,2,7,291.72,74.80000000000001,216.92000000000002,SUNDAY,NH,H,HHW
Mount Road ATM,20-02-2012,147,65,82,7141.530000000001,3687.6400000000003,3453.8900000000003,SUNDAY,NH,H,HHW
Airport ATM,20-02-2012,120,92,28,10185.890000000001,8538.42,1647.47,SUNDAY,NH,H,HHW
KK Nagar ATM,20-02-2012,177,142,35,14243.79,11051.7,3192.09,SUNDAY,NH,H,HHW
Christ College ATM,20-02-2012,127,41,86,9413.58,3167.78,6245.8,SUNDAY,NH,H,HHW
Big Street ATM,21-02-2012,53,23,30,3876.51,2128.06,1748.45,SUNDAY,NH,H,HHW
Mount Road ATM,21-02-2012,177,71,106,10733.800000000001,4598.33,6135.47,SUNDAY,NH,H,HHW
Airport ATM,21-02-2012,81,62,19,6520.6900000000005,5911.070000000001,609.62,SUNDAY,NH,H,HHW
KK Nagar ATM,21-02-2012,156,116,40,9817.5,6793.71,3023.7900000000004,SUNDAY,NH,H,HHW
Christ College ATM,21-02-2012,97,44,53,6468.330000000001,3351.0400000000004,3117.2900000000004,SUNDAY,NH,H,HHW
Big Street ATM,22-02-2012,39,17,22,2006.5100000000002,830.2800000000001,1176.23,SUNDAY,NH,H,HHW
Mount Road ATM,22-02-2012,163,79,84,8385.08,4519.79,3865.2900000000004,SUNDAY,NH,H,HHW
Airport ATM,22-02-2012,94,71,23,7025.59,5445.4400000000005,1580.15,SUNDAY,NH,H,HHW
KK Nagar ATM,22-02-2012,188,145,43,13003.980000000001,11487.410000000002,1516.5700000000002,SUNDAY,NH,H,HHW
Christ College ATM,22-02-2012,113,60,53,9477.16,5610.0,3867.1600000000003,SUNDAY,NH,H,HHW
Big Street ATM,23-02-2012,45,22,23,2285.1400000000003,1548.3600000000001,736.7800000000001,SUNDAY,NH,H,HHW
Mount Road ATM,23-02-2012,152,84,68,10462.650000000001,7287.39,3175.26,SUNDAY,NH,H,HHW
Airport ATM,23-02-2012,87,68,19,6329.950000000001,5615.610000000001,714.34,SUNDAY,NH,H,HHW
KK Nagar ATM,23-02-2012,148,113,35,9421.060000000001,7788.55,1632.5100000000002,SUNDAY,NH,H,HHW
Christ College ATM,23-02-2012,114,76,38,11479.93,9441.630000000001,2038.3000000000002,SUNDAY,NH,H,HHW
Big Street ATM,24-02-2012,41,25,16,1899.92,1275.3400000000001,624.58,SUNDAY,NH,H,HHW
Mount Road ATM,24-02-2012,151,73,78,8551.51,4310.35,4241.16,SUNDAY,NH,H,HHW
Airport ATM,24-02-2012,78,65,13,7457.56,6698.34,759.22,SUNDAY,NH,H,HHW
KK Nagar ATM,24-02-2012,190,149,41,14324.2,11072.27,3251.9300000000003,SUNDAY,NH,H,HHW
Christ College ATM,24-02-2012,101,59,42,6769.400000000001,4779.72,1989.68,SUNDAY,NH,H,HHW
Big Street ATM,25-02-2012,47,21,26,2885.4100000000003,1877.4800000000002,1007.9300000000001,SATURDAY,NH,H,WHH
Mount Road ATM,25-02-2012,159,85,74,7796.030000000001,4731.1,3064.9300000000003,SATURDAY,NH,H,WHH
Airport ATM,25-02-2012,106,78,28,9421.060000000001,8177.51,1243.5500000000002,SATURDAY,NH,H,WHH
KK Nagar ATM,25-02-2012,171,130,41,11766.04,8719.810000000001,3046.23,SATURDAY,NH,H,WHH
Christ College ATM,25-02-2012,93,55,38,8527.2,5963.43,2563.77,SATURDAY,NH,H,WHH
Big Street ATM,26-02-2012,52,22,30,2522.63,1438.0300000000002,1084.6000000000001,SUNDAY,NH,H,HHW
Mount Road ATM,26-02-2012,132,31,101,7294.870000000001,2870.4500000000003,4424.42,SUNDAY,NH,H,HHW
Airport ATM,26-02-2012,66,51,15,5007.860000000001,4422.55,585.3100000000001,SUNDAY,NH,H,HHW
KK Nagar ATM,26-02-2012,96,63,33,4248.64,3444.5400000000004,804.1,SUNDAY,NH,H,HHW
Christ College ATM,26-02-2012,60,28,32,3354.78,1944.8000000000002,1409.98,SUNDAY,NH,H,HHW
Big Street ATM,27-02-2012,34,17,17,2060.7400000000002,1409.98,650.76,SUNDAY,NH,H,HHW
Mount Road ATM,27-02-2012,165,80,85,8269.140000000001,5236.0,3033.1400000000003,SUNDAY,NH,H,HHW
Airport ATM,27-02-2012,82,64,18,4824.6,4516.05,308.55,SUNDAY,NH,H,HHW
KK Nagar ATM,27-02-2012,108,67,41,9359.35,5705.370000000001,3653.9800000000005,SUNDAY,NH,H,HHW
Christ College ATM,27-02-2012,73,42,31,6737.610000000001,4385.150000000001,2352.46,SUNDAY,NH,H,HHW
Big Street ATM,28-02-2012,49,25,24,4112.13,3294.94,817.19,SUNDAY,NH,H,HHW
Mount Road ATM,28-02-2012,121,56,65,7928.8,4282.3,3646.5000000000005,SUNDAY,NH,H,HHW
Airport ATM,28-02-2012,35,28,7,2066.3500000000004,1789.5900000000001,276.76000000000005,SUNDAY,NH,H,HHW
KK Nagar ATM,28-02-2012,108,82,26,7653.910000000001,5767.080000000001,1886.8300000000002,SUNDAY,NH,H,HHW
Christ College ATM,28-02-2012,83,40,43,5585.6900000000005,3356.65,2229.04,SUNDAY,NH,H,HHW
Big Street ATM,29-02-2012,40,27,13,2732.07,2244.0,488.07000000000005,SUNDAY,NH,H,HHW
Mount Road ATM,29-02-2012,177,91,86,10681.44,6675.900000000001,4005.5400000000004,SUNDAY,NH,H,HHW
Airport ATM,29-02-2012,109,93,16,11332.2,10578.59,753.61,SUNDAY,NH,H,HHW
KK Nagar ATM,29-02-2012,150,121,29,11584.650000000001,9256.5,2328.15,SUNDAY,NH,H,HHW
Christ College ATM,29-02-2012,96,54,42,6862.900000000001,3773.6600000000003,3089.2400000000002,SUNDAY,NH,H,HHW
Big Street ATM,1/3/2012,16,9,7,882.6400000000001,562.87,319.77000000000004,SUNDAY,NH,H,HHW
Mount Road ATM,1/3/2012,194,103,91,13901.580000000002,9004.050000000001,4897.530000000001,SUNDAY,NH,H,HHW
Airport ATM,1/3/2012,105,92,13,13237.730000000001,12863.730000000001,374.0,SUNDAY,NH,H,HHW
KK Nagar ATM,1/3/2012,140,117,23,14118.500000000002,11848.320000000002,2270.1800000000003,SUNDAY,NH,H,HHW
Christ College ATM,1/3/2012,74,39,35,7233.160000000001,4151.400000000001,3081.76,SUNDAY,NH,H,HHW
Big Street ATM,2/3/2012,2,2,0,224.4,224.4,0.0,SUNDAY,NH,H,HHW
Mount Road ATM,2/3/2012,172,86,86,13039.51,8233.61,4805.900000000001,SUNDAY,NH,H,HHW
Airport ATM,2/3/2012,107,82,25,11124.630000000001,8680.54,2444.09,SUNDAY,NH,H,HHW
KK Nagar ATM,2/3/2012,152,111,41,11960.52,8904.94,3055.5800000000004,SUNDAY,NH,H,HHW
Christ College ATM,2/3/2012,99,52,47,9035.84,4789.070000000001,4246.77,SUNDAY,NH,H,HHW
Big Street ATM,3/3/2012,43,24,19,3461.3700000000003,2107.4900000000002,1353.88,SATURDAY,NH,H,WHH
Mount Road ATM,3/3/2012,222,87,135,13161.060000000001,7083.56,6077.5,SATURDAY,NH,H,WHH
Airport ATM,3/3/2012,117,88,29,11895.070000000002,10468.26,1426.8100000000002,SATURDAY,NH,H,WHH
KK Nagar ATM,3/3/2012,133,103,30,11867.02,9791.320000000002,2075.7000000000003,SATURDAY,NH,H,WHH
Christ College ATM,3/3/2012,95,38,57,8020.43,2842.4,5178.030000000001,SATURDAY,NH,H,WHH
Big Street ATM,4/3/2012,48,22,26,2634.8300000000004,1860.65,774.1800000000001,SUNDAY,NH,H,HHW
Mount Road ATM,4/3/2012,178,47,131,10275.650000000001,5123.8,5151.85,SUNDAY,NH,H,HHW
Airport ATM,4/3/2012,139,93,46,12828.2,10385.980000000001,2442.2200000000003,SUNDAY,NH,H,HHW
KK Nagar ATM,4/3/2012,130,88,42,9430.41,6421.580000000001,3008.8300000000004,SUNDAY,NH,H,HHW
Christ College ATM,4/3/2012,74,26,48,5899.85,1699.8300000000002,4200.02,SUNDAY,NH,H,HHW
Big Street ATM,5/3/2012,33,12,21,2305.71,936.8700000000001,1368.8400000000001,SUNDAY,NH,H,HHW
Mount Road ATM,5/3/2012,169,75,94,14225.09,8370.12,5854.97,SUNDAY,NH,H,HHW
Airport ATM,5/3/2012,103,82,21,10328.01,9013.400000000001,1314.6100000000001,SUNDAY,NH,H,HHW
KK Nagar ATM,5/3/2012,191,149,42,14776.740000000002,11816.53,2960.21,SUNDAY,NH,H,HHW
Christ College ATM,5/3/2012,176,74,102,17361.08,9103.16,8257.92,SUNDAY,NH,H,HHW
Big Street ATM,6/3/2012,58,30,28,5110.71,2838.6600000000003,2272.05,SUNDAY,NH,H,HHW
Mount Road ATM,6/3/2012,227,77,150,13744.500000000002,6531.910000000001,7212.59,SUNDAY,NH,H,HHW
Airport ATM,6/3/2012,109,88,21,9738.960000000001,8151.330000000001,1587.63,SUNDAY,NH,H,HHW
KK Nagar ATM,6/3/2012,199,155,44,19825.74,16377.460000000001,3448.28,SUNDAY,NH,H,HHW
Christ College ATM,6/3/2012,110,54,56,9368.7,5209.820000000001,4158.88,SUNDAY,NH,H,HHW
Big Street ATM,7/3/2012,43,27,16,2977.0400000000004,1944.8000000000002,1032.24,SUNDAY,NH,H,HHW
Mount Road ATM,7/3/2012,210,93,117,14154.03,7966.200000000001,6187.830000000001,SUNDAY,NH,H,HHW
Airport ATM,7/3/2012,107,88,19,11885.720000000001,10586.070000000002,1299.65,SUNDAY,NH,H,HHW
KK Nagar ATM,7/3/2012,174,136,38,13091.87,10438.34,2653.53,SUNDAY,NH,H,HHW
Christ College ATM,7/3/2012,117,50,67,11221.87,5720.330000000001,5501.54,SUNDAY,NH,H,HHW
Big Street ATM,8/3/2012,25,7,18,2189.77,1009.8000000000001,1179.97,SUNDAY,NH,H,HHW
Mount Road ATM,8/3/2012,188,93,95,13237.730000000001,8762.820000000002,4474.910000000001,SUNDAY,NH,H,HHW
Airport ATM,8/3/2012,113,83,30,10733.800000000001,8519.720000000001,2214.0800000000004,SUNDAY,NH,H,HHW
KK Nagar ATM,8/3/2012,170,128,42,14703.810000000001,11708.070000000002,2995.7400000000002,SUNDAY,NH,H,HHW
Christ College ATM,8/3/2012,108,62,46,8545.900000000001,5466.01,3079.8900000000003,SUNDAY,NH,H,HHW
Big Street ATM,9/3/2012,46,18,28,3723.17,1237.94,2485.23,SUNDAY,NH,H,HHW
Mount Road ATM,9/3/2012,186,88,98,10933.890000000001,7751.150000000001,3182.7400000000002,SUNDAY,NH,H,HHW
Airport ATM,9/3/2012,96,71,25,8231.74,6056.93,2174.81,SUNDAY,NH,H,HHW
KK Nagar ATM,9/3/2012,147,111,36,10739.410000000002,8777.78,1961.63,SUNDAY,NH,H,HHW
Christ College ATM,9/3/2012,83,34,49,6784.360000000001,3584.7900000000004,3199.57,SUNDAY,NH,H,HHW
Big Street ATM,10/3/2012,35,14,21,3064.9300000000003,1303.39,1761.5400000000002,SATURDAY,NH,H,WHH
Mount Road ATM,10/3/2012,239,94,145,16556.98,8886.24,7670.740000000001,SATURDAY,NH,H,WHH
Airport ATM,10/3/2012,134,99,35,14533.640000000001,12854.380000000001,1679.2600000000002,SATURDAY,NH,H,WHH
KK Nagar ATM,10/3/2012,171,116,55,13060.080000000002,8880.630000000001,4179.450000000001,SATURDAY,NH,H,WHH
Christ College ATM,10/3/2012,94,51,43,8624.44,5394.950000000001,3229.4900000000002,SATURDAY,NH,H,WHH
Big Street ATM,11/3/2012,28,11,17,1989.68,1370.71,618.97,SUNDAY,NH,H,HHW
Mount Road ATM,11/3/2012,126,31,95,3562.3500000000004,1353.88,2208.4700000000003,SUNDAY,NH,H,HHW
Airport ATM,11/3/2012,69,48,21,4959.240000000001,4317.83,641.4100000000001,SUNDAY,NH,H,HHW
KK Nagar ATM,11/3/2012,94,43,51,5660.490000000001,2410.4300000000003,3250.0600000000004,SUNDAY,NH,H,HHW
Christ College ATM,11/3/2012,62,25,37,4394.5,1806.42,2588.0800000000004,SUNDAY,NH,H,HHW
Big Street ATM,12/3/2012,44,25,19,3053.71,2417.9100000000003,635.8000000000001,SUNDAY,NH,H,HHW
Mount Road ATM,12/3/2012,171,84,87,9421.060000000001,5836.27,3584.7900000000004,SUNDAY,NH,H,HHW
Airport ATM,12/3/2012,101,69,32,7150.88,5383.7300000000005,1767.15,SUNDAY,NH,H,HHW
KK Nagar ATM,12/3/2012,154,113,41,12716.000000000002,10472.0,2244.0,SUNDAY,NH,H,HHW
Christ College ATM,12/3/2012,97,42,55,7863.35,3091.11,4772.240000000001,SUNDAY,NH,H,HHW
Big Street ATM,13-03-2012,50,16,34,3655.8500000000004,2225.3,1430.5500000000002,SUNDAY,NH,H,HHW
Mount Road ATM,13-03-2012,166,72,94,8643.140000000001,4790.9400000000005,3852.2000000000003,SUNDAY,NH,H,HHW
Airport ATM,13-03-2012,121,70,51,8938.6,5228.52,3710.0800000000004,SUNDAY,NH,H,HHW
KK Nagar ATM,13-03-2012,189,119,70,11668.800000000001,6866.64,4802.160000000001,SUNDAY,NH,H,HHW
Christ College ATM,13-03-2012,112,42,70,8456.140000000001,4114.0,4342.14,SUNDAY,NH,H,HHW
Big Street ATM,14-03-2012,36,15,21,4514.18,2930.2900000000004,1583.89,SUNDAY,NH,H,HHW
Mount Road ATM,14-03-2012,166,87,79,9703.43,6561.830000000001,3141.6000000000004,SUNDAY,NH,H,HHW
Airport ATM,14-03-2012,94,71,23,8272.880000000001,6675.900000000001,1596.98,SUNDAY,NH,H,HHW
KK Nagar ATM,14-03-2012,193,145,48,16052.080000000002,13080.650000000001,2971.4300000000003,SUNDAY,NH,H,HHW
Christ College ATM,14-03-2012,104,39,65,7504.31,3268.76,4235.55,SUNDAY,NH,H,HHW
Big Street ATM,15-03-2012,59,31,28,4192.54,3049.9700000000003,1142.5700000000002,SUNDAY,NH,H,HHW
Mount Road ATM,15-03-2012,183,108,75,13725.800000000001,10965.68,2760.1200000000003,SUNDAY,NH,H,HHW
Airport ATM,15-03-2012,113,87,26,8725.42,7478.13,1247.2900000000002,SUNDAY,NH,H,HHW
KK Nagar ATM,15-03-2012,152,102,50,16409.25,11309.76,5099.490000000001,SUNDAY,NH,H,HHW
Christ College ATM,15-03-2012,105,56,49,8444.92,5677.320000000001,2767.6000000000004,SUNDAY,NH,H,HHW
Big Street ATM,16-03-2012,39,23,16,2365.55,1849.43,516.12,SUNDAY,NH,H,HHW
Mount Road ATM,16-03-2012,168,97,71,11199.43,7625.860000000001,3573.57,SUNDAY,NH,H,HHW
Airport ATM,16-03-2012,88,70,18,7377.150000000001,6651.59,725.5600000000001,SUNDAY,NH,H,HHW
KK Nagar ATM,16-03-2012,165,127,38,13824.910000000002,10672.09,3152.82,SUNDAY,NH,H,HHW
Christ College ATM,16-03-2012,111,54,57,7642.6900000000005,4128.96,3513.7300000000005,SUNDAY,NH,H,HHW
Big Street ATM,17-03-2012,45,14,31,2726.46,1471.69,1254.77,SATURDAY,NH,H,WHH
Mount Road ATM,17-03-2012,216,95,121,14163.380000000001,7500.570000000001,6662.81,SATURDAY,NH,H,WHH
Airport ATM,17-03-2012,92,66,26,8521.59,7225.68,1295.91,SATURDAY,NH,H,WHH
KK Nagar ATM,17-03-2012,156,115,41,10529.970000000001,8263.53,2266.44,SATURDAY,NH,H,WHH
Christ College ATM,17-03-2012,105,57,48,11010.560000000001,6834.85,4175.71,SATURDAY,NH,H,WHH
Big Street ATM,18-03-2012,31,15,16,1774.63,1144.44,630.19,SUNDAY,NH,H,HHW
Mount Road ATM,18-03-2012,163,31,132,6350.52,2322.54,4027.9800000000005,SUNDAY,NH,H,HHW
Airport ATM,18-03-2012,117,75,42,8192.470000000001,6758.18,1434.2900000000002,SUNDAY,NH,H,HHW
KK Nagar ATM,18-03-2012,77,55,22,4209.37,2896.63,1312.74,SUNDAY,NH,H,HHW
Christ College ATM,18-03-2012,91,38,53,5073.31,2814.3500000000004,2258.96,SUNDAY,NH,H,HHW
Big Street ATM,19-03-2012,27,16,11,1754.0600000000002,1391.2800000000002,362.78000000000003,SUNDAY,NH,H,HHW
Mount Road ATM,19-03-2012,137,75,62,8228.0,5825.05,2402.9500000000003,SUNDAY,NH,H,HHW
Airport ATM,19-03-2012,131,87,44,10238.25,7698.790000000001,2539.46,SUNDAY,NH,H,HHW
KK Nagar ATM,19-03-2012,131,106,25,10752.5,8998.44,1754.0600000000002,SUNDAY,NH,H,HHW
Christ College ATM,19-03-2012,140,78,62,12199.880000000001,8590.78,3609.1000000000004,SUNDAY,NH,H,HHW
Big Street ATM,20-03-2012,49,22,27,4222.46,2588.0800000000004,1634.38,SUNDAY,NH,H,HHW
Mount Road ATM,20-03-2012,210,86,124,12764.62,6606.71,6157.910000000001,SUNDAY,NH,H,HHW
Airport ATM,20-03-2012,122,85,37,8349.550000000001,6305.64,2043.91,SUNDAY,NH,H,HHW
KK Nagar ATM,20-03-2012,178,124,54,12373.79,9436.02,2937.7700000000004,SUNDAY,NH,H,HHW
Christ College ATM,20-03-2012,108,49,59,8396.300000000001,5690.410000000001,2705.8900000000003,SUNDAY,NH,H,HHW
Big Street ATM,21-03-2012,44,18,26,2225.3,1168.75,1056.5500000000002,SUNDAY,NH,H,HHW
Mount Road ATM,21-03-2012,133,64,69,6694.6,3855.94,2838.6600000000003,SUNDAY,NH,H,HHW
Airport ATM,21-03-2012,117,80,37,10045.640000000001,7872.700000000001,2172.94,SUNDAY,NH,H,HHW
KK Nagar ATM,21-03-2012,156,124,32,11751.080000000002,9974.58,1776.5000000000002,SUNDAY,NH,H,HHW
Christ College ATM,21-03-2012,137,68,69,10430.86,7034.9400000000005,3395.92,SUNDAY,NH,H,HHW
Big Street ATM,22-03-2012,62,32,30,4746.06,3536.17,1209.89,SUNDAY,NH,H,HHW
Mount Road ATM,22-03-2012,126,58,68,7321.05,5047.13,2273.92,SUNDAY,NH,H,HHW
Airport ATM,22-03-2012,119,93,26,11423.83,9733.35,1690.48,SUNDAY,NH,H,HHW
KK Nagar ATM,22-03-2012,157,136,21,13157.320000000002,12012.880000000001,1144.44,SUNDAY,NH,H,HHW
Christ College ATM,22-03-2012,109,61,48,9267.720000000001,6662.81,2604.9100000000003,SUNDAY,NH,H,HHW
Big Street ATM,23-03-2012,45,19,26,2326.28,1290.3000000000002,1035.98,FRIDAY,H,H,WHH
Mount Road ATM,23-03-2012,4,0,4,41.14,0.0,41.14,FRIDAY,H,H,WHH
Airport ATM,23-03-2012,77,62,15,5570.7300000000005,5007.860000000001,562.87,FRIDAY,H,H,WHH
KK Nagar ATM,23-03-2012,130,83,47,9084.460000000001,7010.63,2073.83,FRIDAY,H,H,WHH
Christ College ATM,23-03-2012,79,33,46,6885.34,4480.52,2404.82,FRIDAY,H,H,WHH
Big Street ATM,24-03-2012,40,25,15,2919.07,1909.2700000000002,1009.8000000000001,SATURDAY,NH,H,HHH
Mount Road ATM,24-03-2012,182,86,96,10615.990000000002,5731.55,4884.4400000000005,SATURDAY,NH,H,HHH
Airport ATM,24-03-2012,126,100,26,10920.800000000001,9185.44,1735.3600000000001,SATURDAY,NH,H,HHH
KK Nagar ATM,24-03-2012,175,125,50,15711.740000000002,12650.550000000001,3061.19,SATURDAY,NH,H,HHH
Christ College ATM,24-03-2012,98,50,48,8448.66,5037.780000000001,3410.88,SATURDAY,NH,H,HHH
Big Street ATM,25-03-2012,40,16,24,2692.8,1086.47,1606.3300000000002,SUNDAY,NH,H,HHW
Mount Road ATM,25-03-2012,113,26,87,5144.370000000001,2260.8300000000004,2883.5400000000004,SUNDAY,NH,H,HHW
Airport ATM,25-03-2012,75,52,23,5404.3,4590.85,813.45,SUNDAY,NH,H,HHW
KK Nagar ATM,25-03-2012,87,63,24,6868.51,6129.860000000001,738.6500000000001,SUNDAY,NH,H,HHW
Christ College ATM,25-03-2012,84,36,48,5939.120000000001,3255.67,2683.4500000000003,SUNDAY,NH,H,HHW
Big Street ATM,26-03-2012,38,21,17,2877.9300000000003,2075.7000000000003,802.23,SUNDAY,NH,H,HHW
Mount Road ATM,26-03-2012,122,76,46,5264.05,3293.07,1970.9800000000002,SUNDAY,NH,H,HHW
Airport ATM,26-03-2012,108,89,19,11399.52,10645.910000000002,753.61,SUNDAY,NH,H,HHW
KK Nagar ATM,26-03-2012,192,160,32,16031.510000000002,14249.400000000001,1782.1100000000001,SUNDAY,NH,H,HHW
Christ College ATM,26-03-2012,108,63,45,11489.28,6898.43,4590.85,SUNDAY,NH,H,HHW
Big Street ATM,27-03-2012,33,14,19,1516.5700000000002,1013.5400000000001,503.03000000000003,SUNDAY,NH,H,HHW
Mount Road ATM,27-03-2012,158,86,72,9894.17,6801.1900000000005,3092.98,SUNDAY,NH,H,HHW
Airport ATM,27-03-2012,92,70,22,6240.1900000000005,5050.870000000001,1189.3200000000002,SUNDAY,NH,H,HHW
KK Nagar ATM,27-03-2012,153,108,45,11038.61,8605.74,2432.8700000000003,SUNDAY,NH,H,HHW
Christ College ATM,27-03-2012,97,46,51,7246.250000000001,3786.7500000000005,3459.5000000000005,SUNDAY,NH,H,HHW
Big Street ATM,28-03-2012,38,15,23,1582.0200000000002,805.97,776.0500000000001,SUNDAY,NH,H,HHW
Mount Road ATM,28-03-2012,148,87,61,9249.02,6775.01,2474.01,SUNDAY,NH,H,HHW
Airport ATM,28-03-2012,110,94,16,9765.140000000001,9163.0,602.1400000000001,SUNDAY,NH,H,HHW
KK Nagar ATM,28-03-2012,155,128,27,12618.76,10645.910000000002,1972.8500000000001,SUNDAY,NH,H,HHW
Christ College ATM,28-03-2012,95,60,35,8256.050000000001,6354.26,1901.7900000000002,SUNDAY,NH,H,HHW
Big Street ATM,29-03-2012,43,17,26,2219.69,1432.42,787.2700000000001,SUNDAY,NH,H,HHW
Mount Road ATM,29-03-2012,86,47,39,5638.05,4385.150000000001,1252.9,SUNDAY,NH,H,HHW
Airport ATM,29-03-2012,124,97,27,9753.92,8830.140000000001,923.7800000000001,SUNDAY,NH,H,HHW
KK Nagar ATM,29-03-2012,163,141,22,13819.300000000001,12360.7,1458.6000000000001,SUNDAY,NH,H,HHW
Christ College ATM,29-03-2012,89,51,38,7077.950000000001,4579.63,2498.32,SUNDAY,NH,H,HHW
Big Street ATM,30-03-2012,53,24,29,3934.4800000000005,2352.46,1582.0200000000002,SUNDAY,NH,H,HHW
Mount Road ATM,30-03-2012,167,105,62,13443.43,11122.76,2320.67,SUNDAY,NH,H,HHW
Airport ATM,30-03-2012,119,94,25,9548.220000000001,7986.77,1561.45,SUNDAY,NH,H,HHW
KK Nagar ATM,30-03-2012,155,144,11,13742.630000000001,12977.800000000001,764.83,SUNDAY,NH,H,HHW
Christ College ATM,30-03-2012,100,61,39,8583.300000000001,6101.81,2481.4900000000002,SUNDAY,NH,H,HHW
Big Street ATM,31-03-2012,57,27,30,4431.900000000001,1999.0300000000002,2432.8700000000003,SATURDAY,NH,H,WHH
Mount Road ATM,31-03-2012,197,113,84,15317.170000000002,10844.130000000001,4473.04,SATURDAY,NH,H,WHH
Airport ATM,31-03-2012,156,115,41,12370.050000000001,9875.470000000001,2494.5800000000004,SATURDAY,NH,H,WHH
KK Nagar ATM,31-03-2012,187,135,52,17009.52,11444.400000000001,5565.120000000001,SATURDAY,NH,H,WHH
Christ College ATM,31-03-2012,104,71,33,9443.5,7455.6900000000005,1987.8100000000002,SATURDAY,NH,H,WHH
Big Street ATM,1/4/2012,44,28,16,3394.05,2685.32,708.73,SUNDAY,NH,H,HHW
Mount Road ATM,1/4/2012,158,41,117,8055.960000000001,3504.38,4551.58,SUNDAY,NH,H,HHW
Airport ATM,1/4/2012,114,82,32,9421.060000000001,7889.530000000001,1531.5300000000002,SUNDAY,NH,H,HHW
KK Nagar ATM,1/4/2012,100,71,29,6242.06,3526.82,2715.2400000000002,SUNDAY,NH,H,HHW
Christ College ATM,1/4/2012,96,43,53,9557.570000000002,4817.120000000001,4740.450000000001,SUNDAY,NH,H,HHW
Big Street ATM,2/4/2012,36,20,16,2881.67,2373.03,508.64000000000004,SUNDAY,NH,H,HHW
Mount Road ATM,2/4/2012,152,85,67,10285.0,7595.9400000000005,2689.0600000000004,SUNDAY,NH,H,HHW
Airport ATM,2/4/2012,114,96,18,10127.92,9712.78,415.14000000000004,SUNDAY,NH,H,HHW
KK Nagar ATM,2/4/2012,164,149,15,14090.45,13045.12,1045.3300000000002,SUNDAY,NH,H,HHW
Christ College ATM,2/4/2012,108,32,76,6700.21,1991.5500000000002,4708.660000000001,SUNDAY,NH,H,HHW
Big Street ATM,3/4/2012,40,17,23,4299.13,2311.32,1987.8100000000002,SUNDAY,NH,H,HHW
Mount Road ATM,3/4/2012,103,61,42,6483.290000000001,4628.25,1855.0400000000002,SUNDAY,NH,H,HHW
Airport ATM,3/4/2012,137,110,27,14047.44,10862.83,3184.61,SUNDAY,NH,H,HHW
KK Nagar ATM,3/4/2012,164,135,29,13654.740000000002,11840.84,1813.9,SUNDAY,NH,H,HHW
Christ College ATM,3/4/2012,143,66,77,12100.77,7137.790000000001,4962.9800000000005,SUNDAY,NH,H,HHW
Big Street ATM,4/4/2012,64,32,32,4940.54,2965.82,1974.7200000000003,SUNDAY,NH,H,HHW
Mount Road ATM,4/4/2012,164,100,64,14885.2,10726.320000000002,4158.88,SUNDAY,NH,H,HHW
Airport ATM,4/4/2012,114,94,20,11960.52,10243.86,1716.66,SUNDAY,NH,H,HHW
KK Nagar ATM,4/4/2012,182,150,32,16998.300000000003,14597.220000000001,2401.0800000000004,SUNDAY,NH,H,HHW
Christ College ATM,4/4/2012,95,52,43,9350.0,5252.83,4097.17,SUNDAY,NH,H,HHW
Big Street ATM,5/4/2012,32,21,11,3427.71,2963.9500000000003,463.76000000000005,THURSDAY,H,H,WHH
Mount Road ATM,5/4/2012,133,57,76,8798.35,5054.610000000001,3743.7400000000002,THURSDAY,H,H,WHH
Airport ATM,5/4/2012,109,95,14,9856.77,8886.24,970.5300000000001,THURSDAY,H,H,WHH
KK Nagar ATM,5/4/2012,126,85,41,12334.52,8734.77,3599.7500000000005,THURSDAY,H,H,WHH
Christ College ATM,5/4/2012,69,32,37,5118.1900000000005,2470.27,2647.92,THURSDAY,H,H,WHH
Big Street ATM,6/4/2012,29,9,20,2664.75,1183.71,1481.0400000000002,FRIDAY,C,H,HHH
Mount Road ATM,6/4/2012,108,49,59,7319.18,4592.72,2726.46,FRIDAY,C,H,HHH
Airport ATM,6/4/2012,88,73,15,6962.01,5722.200000000001,1239.8100000000002,FRIDAY,C,H,HHH
KK Nagar ATM,6/4/2012,106,73,33,9600.58,6518.820000000001,3081.76,FRIDAY,C,H,HHH
Christ College ATM,6/4/2012,44,25,19,4042.9400000000005,2191.6400000000003,1851.3000000000002,FRIDAY,C,H,HHH
Big Street ATM,7/4/2012,41,22,19,2741.42,1855.0400000000002,886.3800000000001,SATURDAY,NH,H,HHH
Mount Road ATM,7/4/2012,130,80,50,9907.26,7854.000000000001,2053.26,SATURDAY,NH,H,HHH
Airport ATM,7/4/2012,128,107,21,13312.53,11827.75,1484.7800000000002,SATURDAY,NH,H,HHH
KK Nagar ATM,7/4/2012,181,145,36,15238.630000000001,12293.380000000001,2945.25,SATURDAY,NH,H,HHH
Christ College ATM,7/4/2012,81,66,15,8371.99,7313.570000000001,1058.42,SATURDAY,NH,H,HHH
Big Street ATM,8/4/2012,36,16,20,2389.86,1610.0700000000002,779.7900000000001,SUNDAY,NH,H,HHW
Mount Road ATM,8/4/2012,116,36,80,6415.97,2950.86,3465.11,SUNDAY,NH,H,HHW
Airport ATM,8/4/2012,78,61,17,7365.93,6449.63,916.3000000000001,SUNDAY,NH,H,HHW
KK Nagar ATM,8/4/2012,102,67,35,8065.31,5290.2300000000005,2775.0800000000004,SUNDAY,NH,H,HHW
Christ College ATM,8/4/2012,60,42,18,8549.640000000001,6801.1900000000005,1748.45,SUNDAY,NH,H,HHW
Big Street ATM,9/4/2012,42,23,19,3693.2500000000005,2442.2200000000003,1251.0300000000002,SUNDAY,NH,H,HHW
Mount Road ATM,9/4/2012,139,109,30,11109.67,10462.650000000001,647.0200000000001,SUNDAY,NH,H,HHW
Airport ATM,9/4/2012,140,90,50,12212.970000000001,8699.24,3513.7300000000005,SUNDAY,NH,H,HHW
KK Nagar ATM,9/4/2012,112,91,21,10494.44,9555.7,938.7400000000001,SUNDAY,NH,H,HHW
Christ College ATM,9/4/2012,95,77,18,9239.67,7857.740000000001,1381.93,SUNDAY,NH,H,HHW
Big Street ATM,10/4/2012,48,34,14,5518.370000000001,4847.04,671.33,SUNDAY,NH,H,HHW
Mount Road ATM,10/4/2012,148,64,84,9187.310000000001,4962.9800000000005,4224.33,SUNDAY,NH,H,HHW
Airport ATM,10/4/2012,87,61,26,6814.280000000001,5806.35,1007.9300000000001,SUNDAY,NH,H,HHW
KK Nagar ATM,10/4/2012,184,159,25,14155.900000000001,11745.470000000001,2410.4300000000003,SUNDAY,NH,H,HHW
Christ College ATM,10/4/2012,89,58,31,8306.54,6601.1,1705.44,SUNDAY,NH,H,HHW
Big Street ATM,11/4/2012,48,27,21,4817.120000000001,2799.3900000000003,2017.7300000000002,SUNDAY,NH,H,HHW
Mount Road ATM,11/4/2012,131,76,55,8444.92,5501.54,2943.38,SUNDAY,NH,H,HHW
Airport ATM,11/4/2012,123,107,16,11522.94,10563.630000000001,959.3100000000001,SUNDAY,NH,H,HHW
KK Nagar ATM,11/4/2012,143,129,14,9421.060000000001,8693.630000000001,727.4300000000001,SUNDAY,NH,H,HHW
Christ College ATM,11/4/2012,72,52,20,7711.88,6223.360000000001,1488.5200000000002,SUNDAY,NH,H,HHW
Big Street ATM,12/4/2012,26,18,8,2724.59,2373.03,351.56,SUNDAY,NH,H,HHW
Mount Road ATM,12/4/2012,149,92,57,10593.550000000001,7356.580000000001,3236.9700000000003,SUNDAY,NH,H,HHW
Airport ATM,12/4/2012,128,110,18,12888.04,11500.5,1387.5400000000002,SUNDAY,NH,H,HHW
KK Nagar ATM,12/4/2012,180,140,40,14881.460000000001,12242.890000000001,2638.57,SUNDAY,NH,H,HHW
Christ College ATM,12/4/2012,60,46,14,5451.05,4676.87,774.1800000000001,SUNDAY,NH,H,HHW
Big Street ATM,13-04-2012,46,27,19,4218.72,2872.32,1346.4,FRIDAY,H,H,WHH
Mount Road ATM,13-04-2012,78,41,37,3016.3100000000004,1793.3300000000002,1222.98,FRIDAY,H,H,WHH
Airport ATM,13-04-2012,72,66,6,5480.97,4955.5,525.47,FRIDAY,H,H,WHH
KK Nagar ATM,13-04-2012,115,104,11,8005.47,6861.030000000001,1144.44,FRIDAY,H,H,WHH
Christ College ATM,13-04-2012,76,40,36,8076.530000000001,4936.8,3139.73,FRIDAY,H,H,WHH
Big Street ATM,14-04-2012,44,25,19,5335.110000000001,3599.7500000000005,1735.3600000000001,SATURDAY,NH,H,HHH
Mount Road ATM,14-04-2012,104,58,46,5877.410000000001,3524.9500000000003,2352.46,SATURDAY,NH,H,HHH
Airport ATM,14-04-2012,99,79,20,7577.240000000001,6333.6900000000005,1243.5500000000002,SATURDAY,NH,H,HHH
KK Nagar ATM,14-04-2012,103,92,11,7876.4400000000005,6924.610000000001,951.83,SATURDAY,NH,H,HHH
Christ College ATM,14-04-2012,64,53,11,7938.150000000001,7216.330000000001,721.82,SATURDAY,NH,H,HHH
Big Street ATM,15-04-2012,42,32,10,5767.080000000001,4366.450000000001,1400.63,SUNDAY,NH,H,HHW
Mount Road ATM,15-04-2012,65,39,26,5153.72,4003.67,1150.0500000000002,SUNDAY,NH,H,HHW
Airport ATM,15-04-2012,65,47,18,4744.1900000000005,3771.7900000000004,972.4000000000001,SUNDAY,NH,H,HHW
KK Nagar ATM,15-04-2012,94,80,14,6971.360000000001,6189.700000000001,781.6600000000001,SUNDAY,NH,H,HHW
Christ College ATM,15-04-2012,51,33,18,6058.8,4805.900000000001,1252.9,SUNDAY,NH,H,HHW
Big Street ATM,16-04-2012,26,7,19,1539.0100000000002,536.69,1002.32,SUNDAY,NH,H,HHW
Mount Road ATM,16-04-2012,99,53,46,5566.990000000001,3236.9700000000003,2330.02,SUNDAY,NH,H,HHW
Airport ATM,16-04-2012,76,64,12,7981.160000000001,7580.9800000000005,400.18,SUNDAY,NH,H,HHW
KK Nagar ATM,16-04-2012,58,32,26,2990.13,890.1200000000001,2100.01,SUNDAY,NH,H,HHW
Christ College ATM,16-04-2012,46,30,16,3319.2500000000005,2429.13,890.1200000000001,SUNDAY,NH,H,HHW
Big Street ATM,17-04-2012,6,5,1,710.6,701.25,9.350000000000001,SUNDAY,NH,H,HHW
Mount Road ATM,17-04-2012,48,43,5,5759.6,5621.22,138.38000000000002,SUNDAY,NH,H,HHW
Airport ATM,17-04-2012,34,32,2,3373.48,3092.98,280.5,SUNDAY,NH,H,HHW
KK Nagar ATM,17-04-2012,47,40,7,2810.61,2098.1400000000003,712.47,SUNDAY,NH,H,HHW
Christ College ATM,17-04-2012,30,18,12,3315.51,2483.36,832.1500000000001,SUNDAY,NH,H,HHW
Big Street ATM,18-04-2012,27,21,6,1415.5900000000001,1127.6100000000001,287.98,SUNDAY,NH,H,HHW
Mount Road ATM,18-04-2012,98,86,12,8009.210000000001,6980.710000000001,1028.5,SUNDAY,NH,H,HHW
Airport ATM,18-04-2012,92,82,10,11784.740000000002,11289.19,495.55,SUNDAY,NH,H,HHW
KK Nagar ATM,18-04-2012,138,116,22,11285.45,9830.59,1454.8600000000001,SUNDAY,NH,H,HHW
Christ College ATM,18-04-2012,30,24,6,3319.2500000000005,2892.8900000000003,426.36,SUNDAY,NH,H,HHW
Big Street ATM,19-04-2012,31,18,13,2369.29,1600.72,768.57,SUNDAY,NH,H,HHW
Mount Road ATM,19-04-2012,194,81,113,12272.810000000001,6769.400000000001,5503.410000000001,SUNDAY,NH,H,HHW
Airport ATM,19-04-2012,74,56,18,6868.51,5725.9400000000005,1142.5700000000002,SUNDAY,NH,H,HHW
KK Nagar ATM,19-04-2012,175,137,38,14597.220000000001,11917.51,2679.71,SUNDAY,NH,H,HHW
Christ College ATM,19-04-2012,109,66,43,10112.960000000001,7466.910000000001,2646.05,SUNDAY,NH,H,HHW
Big Street ATM,20-04-2012,41,20,21,2098.1400000000003,1080.8600000000001,1017.2800000000001,SUNDAY,NH,H,HHW
Mount Road ATM,20-04-2012,175,79,96,8371.99,4431.900000000001,3940.09,SUNDAY,NH,H,HHW
Airport ATM,20-04-2012,94,70,24,8714.2,7186.410000000001,1527.7900000000002,SUNDAY,NH,H,HHW
KK Nagar ATM,20-04-2012,182,133,49,13662.220000000001,10516.880000000001,3145.34,SUNDAY,NH,H,HHW
Christ College ATM,20-04-2012,110,52,58,9933.44,6846.070000000001,3087.3700000000003,SUNDAY,NH,H,HHW
Big Street ATM,21-04-2012,51,27,24,3754.9600000000005,1886.8300000000002,1868.13,SATURDAY,NH,H,WHH
Mount Road ATM,21-04-2012,189,108,81,11601.480000000001,8140.110000000001,3461.3700000000003,SATURDAY,NH,H,WHH
Airport ATM,21-04-2012,122,88,34,11220.0,9002.18,2217.82,SATURDAY,NH,H,WHH
KK Nagar ATM,21-04-2012,224,164,60,15180.660000000002,10773.070000000002,4407.59,SATURDAY,NH,H,WHH
Christ College ATM,21-04-2012,112,48,64,10978.77,6199.05,4779.72,SATURDAY,NH,H,WHH
Big Street ATM,22-04-2012,37,22,15,2537.59,1533.4,1004.19,SUNDAY,NH,H,HHW
Mount Road ATM,22-04-2012,87,53,34,4575.89,3317.38,1258.51,SUNDAY,NH,H,HHW
Airport ATM,22-04-2012,91,80,11,6960.14,6094.330000000001,865.8100000000001,SUNDAY,NH,H,HHW
KK Nagar ATM,22-04-2012,74,61,13,6558.09,5783.910000000001,774.1800000000001,SUNDAY,NH,H,HHW
Christ College ATM,22-04-2012,59,29,30,4246.77,2060.7400000000002,2186.03,SUNDAY,NH,H,HHW
Big Street ATM,23-04-2012,36,23,13,1810.16,1426.8100000000002,383.35,SUNDAY,NH,H,HHW
Mount Road ATM,23-04-2012,111,65,46,6021.400000000001,4254.25,1767.15,SUNDAY,NH,H,HHW
Airport ATM,23-04-2012,110,73,37,11113.410000000002,8418.74,2694.67,SUNDAY,NH,H,HHW
KK Nagar ATM,23-04-2012,96,78,18,6621.67,5677.320000000001,944.35,SUNDAY,NH,H,HHW
Christ College ATM,23-04-2012,34,22,12,2285.1400000000003,2017.7300000000002,267.41,SUNDAY,NH,H,HHW
Big Street ATM,24-04-2012,24,16,8,2262.7000000000003,2017.7300000000002,244.97000000000003,SUNDAY,NH,H,HHW
Mount Road ATM,24-04-2012,122,74,48,7854.000000000001,4837.6900000000005,3016.3100000000004,SUNDAY,NH,H,HHW
Airport ATM,24-04-2012,73,62,11,5798.870000000001,5316.410000000001,482.46000000000004,SUNDAY,NH,H,HHW
KK Nagar ATM,24-04-2012,170,148,22,13910.93,11902.550000000001,2008.38,SUNDAY,NH,H,HHW
Christ College ATM,24-04-2012,3,3,0,798.49,798.49,0.0,SUNDAY,NH,H,HHW
Big Street ATM,25-04-2012,28,13,15,1619.42,850.85,768.57,SUNDAY,NH,H,HHW
Mount Road ATM,25-04-2012,116,70,46,6917.13,4630.12,2287.01,SUNDAY,NH,H,HHW
Airport ATM,25-04-2012,79,64,15,8452.400000000001,7655.780000000001,796.62,SUNDAY,NH,H,HHW
KK Nagar ATM,25-04-2012,207,175,32,18664.47,16113.79,2550.6800000000003,SUNDAY,NH,H,HHW
Christ College ATM,25-04-2012,18,12,6,675.07,465.63000000000005,209.44000000000003,SUNDAY,NH,H,HHW
Big Street ATM,26-04-2012,55,30,25,3225.7500000000005,1654.95,1570.8000000000002,SUNDAY,NH,H,HHW
Mount Road ATM,26-04-2012,155,78,77,10049.380000000001,6195.31,3854.07,SUNDAY,NH,H,HHW
Airport ATM,26-04-2012,119,94,25,10434.6,9067.630000000001,1366.97,SUNDAY,NH,H,HHW
KK Nagar ATM,26-04-2012,219,178,41,19995.91,17692.07,2303.84,SUNDAY,NH,H,HHW
Christ College ATM,26-04-2012,58,37,21,4985.42,3567.96,1417.46,SUNDAY,NH,H,HHW
Big Street ATM,27-04-2012,37,22,15,3796.1000000000004,2810.61,985.4900000000001,SUNDAY,NH,H,HHW
Mount Road ATM,27-04-2012,140,60,80,7474.39,4252.38,3222.01,SUNDAY,NH,H,HHW
Airport ATM,27-04-2012,94,64,30,7889.530000000001,6260.76,1628.7700000000002,SUNDAY,NH,H,HHW
KK Nagar ATM,27-04-2012,231,181,50,15444.330000000002,12929.18,2515.15,SUNDAY,NH,H,HHW
Christ College ATM,27-04-2012,71,36,35,6301.900000000001,4020.5000000000005,2281.4,SUNDAY,NH,H,HHW
Big Street ATM,28-04-2012,39,20,19,2393.6000000000004,787.2700000000001,1606.3300000000002,SATURDAY,NH,H,WHH
Mount Road ATM,28-04-2012,80,48,32,6816.150000000001,5226.650000000001,1589.5000000000002,SATURDAY,NH,H,WHH
Airport ATM,28-04-2012,96,77,19,7599.68,6771.27,828.4100000000001,SATURDAY,NH,H,WHH
KK Nagar ATM,28-04-2012,190,150,40,14021.26,10963.810000000001,3057.4500000000003,SATURDAY,NH,H,WHH
Christ College ATM,28-04-2012,88,60,28,7637.080000000001,5654.88,1982.2,SATURDAY,NH,H,WHH
Big Street ATM,29-04-2012,21,18,3,1365.1000000000001,1131.3500000000001,233.75000000000003,SUNDAY,NH,H,HHW
Mount Road ATM,29-04-2012,28,23,5,1985.94,1524.0500000000002,461.89000000000004,SUNDAY,NH,H,HHW
Airport ATM,29-04-2012,58,48,10,5914.81,5335.110000000001,579.7,SUNDAY,NH,H,HHW
KK Nagar ATM,29-04-2012,83,79,4,4964.85,4822.7300000000005,142.12,SUNDAY,NH,H,HHW
Christ College ATM,29-04-2012,26,18,8,1789.5900000000001,1565.19,224.4,SUNDAY,NH,H,HHW
Big Street ATM,30-04-2012,6,4,2,572.22,525.47,46.75,SUNDAY,NH,H,HHW
Mount Road ATM,30-04-2012,135,106,29,8502.890000000001,7971.81,531.08,SUNDAY,NH,H,HHW
Airport ATM,30-04-2012,54,45,9,5841.88,5230.39,611.49,SUNDAY,NH,H,HHW
KK Nagar ATM,30-04-2012,215,205,10,16078.260000000002,15545.310000000001,532.95,SUNDAY,NH,H,HHW
Christ College ATM,30-04-2012,68,38,30,4779.72,3465.11,1314.6100000000001,SUNDAY,NH,H,HHW
Big Street ATM,1/5/2012,34,6,28,2885.4100000000003,561.0,2324.4100000000003,TUESDAY,N,H,WHW
Mount Road ATM,1/5/2012,113,61,52,8474.84,6331.820000000001,2143.02,TUESDAY,N,H,WHW
Airport ATM,1/5/2012,56,29,27,4977.9400000000005,3874.6400000000003,1103.3000000000002,TUESDAY,N,H,WHW
KK Nagar ATM,1/5/2012,186,161,25,14445.750000000002,12919.830000000002,1525.92,TUESDAY,N,H,WHW
Christ College ATM,1/5/2012,42,24,18,4729.2300000000005,4091.5600000000004,637.6700000000001,TUESDAY,N,H,WHW
Big Street ATM,2/5/2012,31,29,2,3175.26,3165.9100000000003,9.350000000000001,TUESDAY,N,H,WHW
Mount Road ATM,2/5/2012,158,118,40,16686.010000000002,13621.080000000002,3064.9300000000003,TUESDAY,N,H,WHW
Airport ATM,2/5/2012,99,88,11,12383.140000000001,11717.42,665.72,TUESDAY,N,H,WHW
KK Nagar ATM,2/5/2012,258,238,20,21867.780000000002,21174.010000000002,693.7700000000001,TUESDAY,N,H,WHW
Christ College ATM,2/5/2012,73,56,17,8009.210000000001,6361.740000000001,1647.47,TUESDAY,N,H,WHW
Big Street ATM,3/5/2012,36,27,9,2324.4100000000003,1982.2,342.21000000000004,TUESDAY,N,H,WHW
Mount Road ATM,3/5/2012,107,84,23,8308.41,7702.530000000001,605.88,TUESDAY,N,H,WHW
Airport ATM,3/5/2012,73,70,3,8998.44,8802.09,196.35000000000002,TUESDAY,N,H,WHW
KK Nagar ATM,3/5/2012,261,216,45,24998.160000000003,20755.13,4243.030000000001,TUESDAY,N,H,WHW
Christ College ATM,3/5/2012,59,44,15,6447.76,5314.54,1133.22,TUESDAY,N,H,WHW
Big Street ATM,4/5/2012,37,27,10,3253.8,2447.8300000000004,805.97,TUESDAY,N,H,WHW
Mount Road ATM,4/5/2012,119,90,29,9140.560000000001,7373.410000000001,1767.15,TUESDAY,N,H,WHW
Airport ATM,4/5/2012,49,38,11,5196.7300000000005,4134.570000000001,1062.16,TUESDAY,N,H,WHW
KK Nagar ATM,4/5/2012,205,188,17,15870.69,14627.140000000001,1243.5500000000002,TUESDAY,N,H,WHW
Christ College ATM,4/5/2012,63,57,6,6458.9800000000005,5770.820000000001,688.1600000000001,TUESDAY,N,H,WHW
Big Street ATM,5/5/2012,18,11,7,1037.8500000000001,794.7500000000001,243.10000000000002,SATURDAY,NH,H,WHH
Mount Road ATM,5/5/2012,124,83,41,11089.1,9645.460000000001,1443.64,SATURDAY,NH,H,WHH
Airport ATM,5/5/2012,17,7,10,998.58,538.5600000000001,460.02000000000004,SATURDAY,NH,H,WHH
KK Nagar ATM,5/5/2012,162,148,14,13039.51,12349.480000000001,690.0300000000001,SATURDAY,NH,H,WHH
Christ College ATM,5/5/2012,62,56,6,7380.89,6990.06,390.83000000000004,SATURDAY,NH,H,WHH
Big Street ATM,6/5/2012,20,16,4,1658.69,1565.19,93.5,SUNDAY,NH,H,HHW
Mount Road ATM,6/5/2012,49,33,16,2165.46,1464.21,701.25,SUNDAY,NH,H,HHW
Airport ATM,6/5/2012,8,0,8,529.21,0.0,529.21,SUNDAY,NH,H,HHW
KK Nagar ATM,6/5/2012,72,63,9,6189.700000000001,5746.51,443.19000000000005,SUNDAY,NH,H,HHW
Christ College ATM,6/5/2012,39,32,7,4099.04,3741.8700000000003,357.17,SUNDAY,NH,H,HHW
Big Street ATM,7/5/2012,33,25,8,2747.03,2541.3300000000004,205.70000000000002,SUNDAY,NH,H,HHW
Mount Road ATM,7/5/2012,97,87,10,7631.47,7401.460000000001,230.01000000000002,SUNDAY,NH,H,HHW
Airport ATM,7/5/2012,6,2,4,618.97,561.0,57.970000000000006,SUNDAY,NH,H,HHW
KK Nagar ATM,7/5/2012,174,165,9,13437.820000000002,12863.730000000001,574.09,SUNDAY,NH,H,HHW
Christ College ATM,7/5/2012,87,85,2,10023.2,9993.28,29.92,SUNDAY,NH,H,HHW
Big Street ATM,8/5/2012,47,38,9,3117.2900000000004,2806.8700000000003,310.42,SUNDAY,NH,H,HHW
Mount Road ATM,8/5/2012,124,76,48,9815.630000000001,8201.82,1613.8100000000002,SUNDAY,NH,H,HHW
Airport ATM,8/5/2012,91,75,16,7111.610000000001,6002.700000000001,1108.91,SUNDAY,NH,H,HHW
KK Nagar ATM,8/5/2012,172,156,16,13632.300000000001,12134.43,1497.8700000000001,SUNDAY,NH,H,HHW
Christ College ATM,8/5/2012,95,47,48,9161.130000000001,6339.3,2821.8300000000004,SUNDAY,NH,H,HHW
Big Street ATM,9/5/2012,48,19,29,3416.4900000000002,1516.5700000000002,1899.92,SUNDAY,NH,H,HHW
Mount Road ATM,9/5/2012,168,98,70,11150.810000000001,7480.000000000001,3670.8100000000004,SUNDAY,NH,H,HHW
Airport ATM,9/5/2012,139,98,41,12551.44,9419.19,3132.25,SUNDAY,NH,H,HHW
KK Nagar ATM,9/5/2012,209,177,32,14651.45,12751.53,1899.92,SUNDAY,NH,H,HHW
Christ College ATM,9/5/2012,67,38,29,7418.290000000001,4547.84,2870.4500000000003,SUNDAY,NH,H,HHW
Big Street ATM,10/5/2012,48,24,24,3936.3500000000004,1550.23,2386.1200000000003,SUNDAY,NH,H,HHW
Mount Road ATM,10/5/2012,144,95,49,9875.470000000001,8050.35,1825.1200000000001,SUNDAY,NH,H,HHW
Airport ATM,10/5/2012,130,80,50,12760.880000000001,8990.960000000001,3769.92,SUNDAY,NH,H,HHW
KK Nagar ATM,10/5/2012,223,163,60,17256.36,12910.480000000001,4345.88,SUNDAY,NH,H,HHW
Christ College ATM,10/5/2012,46,31,15,4315.96,2977.0400000000004,1338.92,SUNDAY,NH,H,HHW
Big Street ATM,11/5/2012,45,28,17,3614.71,2423.52,1191.19,SUNDAY,NH,H,HHW
Mount Road ATM,11/5/2012,111,69,42,7913.84,6247.67,1666.17,SUNDAY,NH,H,HHW
Airport ATM,11/5/2012,108,75,33,8738.51,6109.290000000001,2629.2200000000003,SUNDAY,NH,H,HHW
KK Nagar ATM,11/5/2012,177,153,24,13250.820000000002,11777.26,1473.5600000000002,SUNDAY,NH,H,HHW
Christ College ATM,11/5/2012,70,55,15,5797.0,4790.9400000000005,1006.0600000000001,SUNDAY,NH,H,HHW
Big Street ATM,12/5/2012,45,24,21,2182.29,1265.99,916.3000000000001,SATURDAY,NH,H,WHH
Mount Road ATM,12/5/2012,184,81,103,10144.75,4832.08,5312.67,SATURDAY,NH,H,WHH
Airport ATM,12/5/2012,180,122,58,18114.690000000002,12931.050000000001,5183.64,SATURDAY,NH,H,WHH
KK Nagar ATM,12/5/2012,251,189,62,19513.45,14049.310000000001,5464.14,SATURDAY,NH,H,WHH
Christ College ATM,12/5/2012,99,44,55,8506.630000000001,4158.88,4347.75,SATURDAY,NH,H,WHH
Big Street ATM,13-05-2012,65,21,44,3657.7200000000003,1430.5500000000002,2227.17,SUNDAY,NH,H,HHW
Mount Road ATM,13-05-2012,159,36,123,7723.1,2081.31,5641.79,SUNDAY,NH,H,HHW
Airport ATM,13-05-2012,109,65,44,6548.740000000001,4044.8100000000004,2503.9300000000003,SUNDAY,NH,H,HHW
KK Nagar ATM,13-05-2012,150,84,66,8861.93,5737.160000000001,3124.7700000000004,SUNDAY,NH,H,HHW
Christ College ATM,13-05-2012,69,28,41,3749.3500000000004,1451.1200000000001,2298.23,SUNDAY,NH,H,HHW
Big Street ATM,14-05-2012,35,15,20,2907.8500000000004,1041.5900000000001,1866.2600000000002,SUNDAY,NH,H,HHW
Mount Road ATM,14-05-2012,112,72,40,7676.35,5772.6900000000005,1903.66,SUNDAY,NH,H,HHW
Airport ATM,14-05-2012,102,78,24,8398.17,7085.43,1312.74,SUNDAY,NH,H,HHW
KK Nagar ATM,14-05-2012,202,180,22,17972.57,15584.580000000002,2387.9900000000002,SUNDAY,NH,H,HHW
Christ College ATM,14-05-2012,66,38,28,7379.02,5924.160000000001,1454.8600000000001,SUNDAY,NH,H,HHW
Big Street ATM,15-05-2012,42,19,23,3351.0400000000004,2141.15,1209.89,SUNDAY,NH,H,HHW
Mount Road ATM,15-05-2012,165,38,127,6991.93,1939.19,5052.740000000001,SUNDAY,NH,H,HHW
Airport ATM,15-05-2012,125,89,36,10670.220000000001,8431.83,2238.3900000000003,SUNDAY,NH,H,HHW
KK Nagar ATM,15-05-2012,240,166,74,17630.36,12392.490000000002,5237.870000000001,SUNDAY,NH,H,HHW
Christ College ATM,15-05-2012,130,63,67,10608.51,6511.34,4097.17,SUNDAY,NH,H,HHW
Big Street ATM,16-05-2012,55,20,35,3266.8900000000003,1984.0700000000002,1282.8200000000002,SUNDAY,NH,H,HHW
Mount Road ATM,16-05-2012,198,105,93,13665.960000000001,9838.070000000002,3827.8900000000003,SUNDAY,NH,H,HHW
Airport ATM,16-05-2012,144,80,64,12349.480000000001,9155.52,3193.96,SUNDAY,NH,H,HHW
KK Nagar ATM,16-05-2012,200,149,51,16936.59,13824.910000000002,3111.6800000000003,SUNDAY,NH,H,HHW
Christ College ATM,16-05-2012,59,31,28,4031.7200000000003,2702.15,1329.5700000000002,SUNDAY,NH,H,HHW
Big Street ATM,17-05-2012,44,19,25,3882.1200000000003,2819.96,1062.16,SUNDAY,NH,H,HHW
Mount Road ATM,17-05-2012,221,76,145,11519.2,4804.030000000001,6715.17,SUNDAY,NH,H,HHW
Airport ATM,17-05-2012,59,39,20,5406.17,4054.1600000000003,1352.01,SUNDAY,NH,H,HHW
KK Nagar ATM,17-05-2012,213,162,51,17336.77,13927.76,3409.01,SUNDAY,NH,H,HHW
Christ College ATM,17-05-2012,78,50,28,4847.04,3405.2700000000004,1441.7700000000002,SUNDAY,NH,H,HHW
Big Street ATM,18-05-2012,53,19,34,3369.7400000000002,1576.41,1793.3300000000002,SUNDAY,NH,H,HHW
Mount Road ATM,18-05-2012,201,71,130,10907.710000000001,4372.06,6535.650000000001,SUNDAY,NH,H,HHW
Airport ATM,18-05-2012,98,57,41,10412.16,7124.700000000001,3287.46,SUNDAY,NH,H,HHW
KK Nagar ATM,18-05-2012,191,148,43,14872.11,11827.75,3044.36,SUNDAY,NH,H,HHW
Christ College ATM,18-05-2012,63,44,19,6698.34,5108.84,1589.5000000000002,SUNDAY,NH,H,HHW
Big Street ATM,19-05-2012,32,17,15,2341.2400000000002,1471.69,869.5500000000001,SUNDAY,NH,H,HHW
Mount Road ATM,19-05-2012,148,77,71,9383.66,5411.780000000001,3971.88,SUNDAY,NH,H,HHW
Airport ATM,19-05-2012,74,59,15,7569.76,6567.4400000000005,1002.32,SUNDAY,NH,H,HHW
KK Nagar ATM,19-05-2012,218,140,78,15464.900000000001,8602.0,6862.900000000001,SUNDAY,NH,H,HHW
Christ College ATM,19-05-2012,86,48,38,7180.8,3826.0200000000004,3354.78,SUNDAY,NH,H,HHW
Big Street ATM,20-05-2012,28,23,5,2335.63,2092.53,243.10000000000002,SUNDAY,NH,H,WHH
Mount Road ATM,20-05-2012,49,39,10,1920.4900000000002,1582.0200000000002,338.47,SUNDAY,NH,H,WHH
Airport ATM,20-05-2012,43,30,13,2315.06,1873.7400000000002,441.32000000000005,SUNDAY,NH,H,WHH
KK Nagar ATM,20-05-2012,80,76,4,5755.860000000001,5660.490000000001,95.37,SUNDAY,NH,H,WHH
Christ College ATM,20-05-2012,27,25,2,1376.3200000000002,1320.22,56.1,SUNDAY,NH,H,WHH
Big Street ATM,21-05-2012,18,13,5,1578.2800000000002,1353.88,224.4,MONDAY,NH,H,HHW
Mount Road ATM,21-05-2012,87,53,34,5505.280000000001,4108.39,1396.89,MONDAY,NH,H,HHW
Airport ATM,21-05-2012,103,89,14,9869.86,9123.730000000001,746.1300000000001,MONDAY,NH,H,HHW
KK Nagar ATM,21-05-2012,187,181,6,14471.93,14247.53,224.4,MONDAY,NH,H,HHW
Christ College ATM,21-05-2012,59,53,6,4818.990000000001,4646.950000000001,172.04000000000002,MONDAY,NH,H,HHW
Big Street ATM,22-05-2012,53,20,33,2922.8100000000004,1275.3400000000001,1647.47,MONDAY,NH,H,HHW
Mount Road ATM,22-05-2012,199,75,124,10659.0,4811.51,5847.490000000001,MONDAY,NH,H,HHW
Airport ATM,22-05-2012,123,86,37,11240.570000000002,8903.070000000002,2337.5,MONDAY,NH,H,HHW
KK Nagar ATM,22-05-2012,252,208,44,18546.66,15668.730000000001,2877.9300000000003,MONDAY,NH,H,HHW
Christ College ATM,22-05-2012,47,39,8,4013.0200000000004,3652.11,360.91,MONDAY,NH,H,HHW
Big Street ATM,23-05-2012,65,24,41,4594.59,1997.16,2597.4300000000003,MONDAY,NH,H,HHW
Mount Road ATM,23-05-2012,239,99,140,13858.570000000002,7240.64,6617.93,MONDAY,NH,H,HHW
Airport ATM,23-05-2012,126,70,56,9432.28,7077.950000000001,2354.3300000000004,MONDAY,NH,H,HHW
KK Nagar ATM,23-05-2012,188,101,87,17503.2,9598.710000000001,7904.490000000001,MONDAY,NH,H,HHW
Christ College ATM,23-05-2012,54,22,32,3867.1600000000003,1851.3000000000002,2015.8600000000001,MONDAY,NH,H,HHW
Big Street ATM,24-05-2012,38,17,21,2634.8300000000004,1434.2900000000002,1200.5400000000002,MONDAY,NH,H,HHW
Mount Road ATM,24-05-2012,154,81,73,11622.050000000001,7018.110000000001,4603.9400000000005,MONDAY,NH,H,HHW
Airport ATM,24-05-2012,101,59,42,6718.910000000001,4718.01,2000.9,MONDAY,NH,H,HHW
KK Nagar ATM,24-05-2012,189,150,39,13903.45,11408.87,2494.5800000000004,MONDAY,NH,H,HHW
Christ College ATM,24-05-2012,68,40,28,5729.68,3863.42,1866.2600000000002,MONDAY,NH,H,HHW
Big Street ATM,25-05-2012,58,15,43,3203.3100000000004,1093.95,2109.36,MONDAY,NH,H,HHW
Mount Road ATM,25-05-2012,259,69,190,13875.400000000001,3852.2000000000003,10023.2,MONDAY,NH,H,HHW
Airport ATM,25-05-2012,102,77,25,9116.25,7739.93,1376.3200000000002,MONDAY,NH,H,HHW
KK Nagar ATM,25-05-2012,277,192,85,21574.190000000002,15184.400000000001,6389.790000000001,MONDAY,NH,H,HHW
Christ College ATM,25-05-2012,81,52,29,7334.14,5226.650000000001,2107.4900000000002,MONDAY,NH,H,HHW
Big Street ATM,26-05-2012,64,16,48,3403.4,1312.74,2090.6600000000003,SATURDAY,NH,H,WHH
Mount Road ATM,26-05-2012,273,77,196,18888.870000000003,8854.45,10034.42,SATURDAY,NH,H,WHH
Airport ATM,26-05-2012,135,86,49,11371.470000000001,8312.150000000001,3059.32,SATURDAY,NH,H,WHH
KK Nagar ATM,26-05-2012,268,169,99,17841.670000000002,10900.230000000001,6941.4400000000005,SATURDAY,NH,H,WHH
Christ College ATM,26-05-2012,82,55,27,7631.47,5959.6900000000005,1671.7800000000002,SATURDAY,NH,H,WHH
Big Street ATM,27-05-2012,57,17,40,2098.1400000000003,944.35,1153.7900000000002,SUNDAY,NH,H,HHW
Mount Road ATM,27-05-2012,157,41,116,8435.57,4082.2100000000005,4353.360000000001,SUNDAY,NH,H,HHW
Airport ATM,27-05-2012,118,57,61,6810.540000000001,3416.4900000000002,3394.05,SUNDAY,NH,H,HHW
KK Nagar ATM,27-05-2012,127,78,49,8783.390000000001,4948.02,3835.3700000000003,SUNDAY,NH,H,HHW
Christ College ATM,27-05-2012,68,31,37,4661.910000000001,1754.0600000000002,2907.8500000000004,SUNDAY,NH,H,HHW
Big Street ATM,28-05-2012,41,19,22,3096.7200000000003,1849.43,1247.2900000000002,SUNDAY,NH,H,HHW
Mount Road ATM,28-05-2012,150,82,68,9879.210000000001,7261.210000000001,2618.0,SUNDAY,NH,H,HHW
Airport ATM,28-05-2012,143,94,49,13437.820000000002,9572.53,3865.2900000000004,SUNDAY,NH,H,HHW
KK Nagar ATM,28-05-2012,240,173,67,19197.420000000002,14075.490000000002,5121.93,SUNDAY,NH,H,HHW
Christ College ATM,28-05-2012,71,37,34,5163.070000000001,2818.09,2344.98,SUNDAY,NH,H,HHW
Big Street ATM,29-05-2012,59,13,46,3842.8500000000004,862.07,2980.78,SUNDAY,NH,H,HHW
Mount Road ATM,29-05-2012,159,69,90,10243.86,6238.320000000001,4005.5400000000004,SUNDAY,NH,H,HHW
Airport ATM,29-05-2012,95,56,39,7915.710000000001,4394.5,3521.21,SUNDAY,NH,H,HHW
KK Nagar ATM,29-05-2012,276,208,68,22544.72,18971.15,3573.57,SUNDAY,NH,H,HHW
Christ College ATM,29-05-2012,98,53,45,7321.05,4545.97,2775.0800000000004,SUNDAY,NH,H,HHW
Big Street ATM,30-05-2012,56,22,34,2965.82,1552.1000000000001,1413.72,SUNDAY,NH,H,HHW
Mount Road ATM,30-05-2012,160,79,81,10346.710000000001,5260.31,5086.400000000001,SUNDAY,NH,H,HHW
Airport ATM,30-05-2012,106,83,23,7566.02,6720.780000000001,845.24,SUNDAY,NH,H,HHW
KK Nagar ATM,30-05-2012,306,229,77,23950.960000000003,19060.91,4890.05,SUNDAY,NH,H,HHW
Christ College ATM,30-05-2012,111,40,71,8723.550000000001,3932.61,4790.9400000000005,SUNDAY,NH,H,HHW
Big Street ATM,31-05-2012,52,18,34,3461.3700000000003,1067.77,2393.6000000000004,SUNDAY,NH,H,HHW
Mount Road ATM,31-05-2012,180,106,74,12009.140000000001,8919.900000000001,3089.2400000000002,SUNDAY,NH,H,HHW
Airport ATM,31-05-2012,116,75,41,10846.0,8467.36,2378.6400000000003,SUNDAY,NH,H,HHW
KK Nagar ATM,31-05-2012,353,249,104,31290.710000000003,23457.280000000002,7833.43,SUNDAY,NH,H,HHW
Christ College ATM,31-05-2012,79,47,32,6348.650000000001,4450.6,1898.0500000000002,SUNDAY,NH,H,HHW
Big Street ATM,1/6/2012,41,16,25,2535.7200000000003,1340.7900000000002,1194.93,SUNDAY,NH,H,HHW
Mount Road ATM,1/6/2012,186,87,99,14960.000000000002,7698.790000000001,7261.210000000001,SUNDAY,NH,H,HHW
Airport ATM,1/6/2012,126,91,35,11708.070000000002,9207.880000000001,2500.19,SUNDAY,NH,H,HHW
KK Nagar ATM,1/6/2012,261,165,96,23969.660000000003,17527.510000000002,6442.150000000001,SUNDAY,NH,H,HHW
Christ College ATM,1/6/2012,47,37,10,5722.200000000001,5292.1,430.1,SUNDAY,NH,H,HHW
Big Street ATM,2/6/2012,20,17,3,2019.6000000000001,1711.0500000000002,308.55,SATURDAY,NH,H,WHH
Mount Road ATM,2/6/2012,129,103,26,12796.410000000002,11169.51,1626.9,SATURDAY,NH,H,WHH
Airport ATM,2/6/2012,132,122,10,16916.02,16388.68,527.34,SATURDAY,NH,H,WHH
KK Nagar ATM,2/6/2012,300,278,22,24691.480000000003,23743.390000000003,948.09,SATURDAY,NH,H,WHH
Christ College ATM,2/6/2012,70,63,7,8231.74,8003.6,228.14000000000001,SATURDAY,NH,H,WHH
Big Street ATM,3/6/2012,22,22,0,1333.3100000000002,1333.3100000000002,0.0,SUNDAY,NH,H,HHW
Mount Road ATM,3/6/2012,55,48,7,3786.7500000000005,3511.86,274.89000000000004,SUNDAY,NH,H,HHW
Airport ATM,3/6/2012,97,91,6,9692.210000000001,9338.78,353.43,SUNDAY,NH,H,HHW
KK Nagar ATM,3/6/2012,149,144,5,9479.03,9327.560000000001,151.47,SUNDAY,NH,H,HHW
Christ College ATM,3/6/2012,24,21,3,2013.9900000000002,1999.0300000000002,14.96,SUNDAY,NH,H,HHW
Big Street ATM,4/6/2012,15,15,0,830.2800000000001,830.2800000000001,0.0,SUNDAY,NH,H,HHW
Mount Road ATM,4/6/2012,41,31,10,2868.5800000000004,2537.59,330.99,SUNDAY,NH,H,HHW
Airport ATM,4/6/2012,86,84,2,9791.320000000002,9750.18,41.14,SUNDAY,NH,H,HHW
KK Nagar ATM,4/6/2012,221,215,6,16921.63,16753.33,168.3,SUNDAY,NH,H,HHW
Christ College ATM,4/6/2012,29,27,2,1531.5300000000002,1509.0900000000001,22.44,SUNDAY,NH,H,HHW
Big Street ATM,5/6/2012,40,38,2,3180.8700000000003,2992.0,188.87,SUNDAY,NH,H,HHW
Mount Road ATM,5/6/2012,106,90,16,10455.17,8940.470000000001,1514.7,SUNDAY,NH,H,HHW
Airport ATM,5/6/2012,81,77,4,10500.050000000001,10088.650000000001,411.40000000000003,SUNDAY,NH,H,HHW
KK Nagar ATM,5/6/2012,200,182,18,16209.160000000002,14982.44,1226.72,SUNDAY,NH,H,HHW
Christ College ATM,5/6/2012,63,51,12,7182.67,5746.51,1436.16,SUNDAY,NH,H,HHW
Big Street ATM,6/6/2012,51,21,30,3186.48,1333.3100000000002,1853.17,SUNDAY,NH,H,HHW
Mount Road ATM,6/6/2012,179,110,69,12691.69,8459.880000000001,4231.81,SUNDAY,NH,H,HHW
Airport ATM,6/6/2012,102,76,26,11212.52,9982.060000000001,1230.46,SUNDAY,NH,H,HHW
KK Nagar ATM,6/6/2012,256,210,46,21564.84,19246.04,2318.8,SUNDAY,NH,H,HHW
Christ College ATM,6/6/2012,79,45,34,7261.210000000001,4388.89,2872.32,SUNDAY,NH,H,HHW
Big Street ATM,7/6/2012,63,19,44,5325.76,1787.72,3538.0400000000004,SUNDAY,NH,H,HHW
Mount Road ATM,7/6/2012,191,81,110,13245.210000000001,8007.34,5237.870000000001,SUNDAY,NH,H,HHW
Airport ATM,7/6/2012,130,70,60,8688.02,4901.27,3786.7500000000005,SUNDAY,NH,H,HHW
KK Nagar ATM,7/6/2012,279,194,85,26226.750000000004,20416.66,5810.09,SUNDAY,NH,H,HHW
Christ College ATM,7/6/2012,175,42,133,16856.18,4416.9400000000005,12439.240000000002,SUNDAY,NH,H,HHW
Big Street ATM,8/6/2012,99,21,78,5460.400000000001,1176.23,4284.17,SUNDAY,NH,H,HHW
Mount Road ATM,8/6/2012,388,100,288,22387.640000000003,8841.36,13546.28,SUNDAY,NH,H,HHW
Airport ATM,8/6/2012,154,79,75,14269.970000000001,9273.33,4996.64,SUNDAY,NH,H,HHW
KK Nagar ATM,8/6/2012,372,191,181,29632.02,16603.73,13028.29,SUNDAY,NH,H,HHW
Christ College ATM,8/6/2012,51,10,41,2896.63,233.75000000000003,2662.88,SUNDAY,NH,H,HHW
Big Street ATM,9/6/2012,56,13,43,3956.92,1006.0600000000001,2950.86,SATURDAY,NH,H,WHH
Mount Road ATM,9/6/2012,305,78,227,18234.370000000003,8846.970000000001,9387.400000000001,SATURDAY,NH,H,WHH
Airport ATM,9/6/2012,183,98,85,15391.970000000001,10266.300000000001,5125.67,SATURDAY,NH,H,WHH
KK Nagar ATM,9/6/2012,361,192,169,30765.24,16067.04,14698.2,SATURDAY,NH,H,WHH
Christ College ATM,9/6/2012,60,23,37,4274.820000000001,2204.73,2070.09,SATURDAY,NH,H,WHH
Big Street ATM,10/6/2012,89,19,70,4787.200000000001,759.22,4027.9800000000005,SUNDAY,NH,H,HHW
Mount Road ATM,10/6/2012,326,31,295,16768.29,1875.6100000000001,14892.68,SUNDAY,NH,H,HHW
Airport ATM,10/6/2012,153,66,87,9583.75,5209.820000000001,4373.93,SUNDAY,NH,H,HHW
KK Nagar ATM,10/6/2012,204,75,129,14228.830000000002,5069.570000000001,9159.26,SUNDAY,NH,H,HHW
Christ College ATM,10/6/2012,37,9,28,3279.98,2154.2400000000002,1125.74,SUNDAY,NH,H,HHW
Big Street ATM,11/6/2012,76,21,55,4136.4400000000005,1484.7800000000002,2651.6600000000003,SUNDAY,NH,H,HHW
Mount Road ATM,11/6/2012,198,75,123,12805.76,5920.42,6885.34,SUNDAY,NH,H,HHW
Airport ATM,11/6/2012,143,83,60,9765.140000000001,6487.030000000001,3278.11,SUNDAY,NH,H,HHW
KK Nagar ATM,11/6/2012,246,178,68,19672.4,14756.170000000002,4916.2300000000005,SUNDAY,NH,H,HHW
Christ College ATM,11/6/2012,42,27,15,1793.3300000000002,839.6300000000001,953.7,SUNDAY,NH,H,HHW
Big Street ATM,12/6/2012,130,19,111,8534.68,1258.51,7276.17,SUNDAY,NH,H,HHW
Mount Road ATM,12/6/2012,253,97,156,12753.400000000001,6821.76,5931.64,SUNDAY,NH,H,HHW
Airport ATM,12/6/2012,156,88,68,12932.92,9327.560000000001,3605.36,SUNDAY,NH,H,HHW
KK Nagar ATM,12/6/2012,300,161,139,22871.97,13772.550000000001,9099.42,SUNDAY,NH,H,HHW
Christ College ATM,12/6/2012,110,35,75,8751.6,2434.7400000000002,6316.860000000001,SUNDAY,NH,H,HHW
Big Street ATM,13-06-2012,66,5,61,3835.3700000000003,273.02000000000004,3562.3500000000004,SUNDAY,NH,H,HHW
Mount Road ATM,13-06-2012,236,73,163,15218.060000000001,6589.88,8628.18,SUNDAY,NH,H,HHW
Airport ATM,13-06-2012,133,74,59,11407.0,8450.53,2956.4700000000003,SUNDAY,NH,H,HHW
KK Nagar ATM,13-06-2012,264,184,80,20590.57,14789.830000000002,5800.740000000001,SUNDAY,NH,H,HHW
Christ College ATM,13-06-2012,32,18,14,2653.53,1574.5400000000002,1078.99,SUNDAY,NH,H,HHW
Big Street ATM,14-06-2012,56,3,53,2818.09,67.32000000000001,2750.77,SUNDAY,NH,H,HHW
Mount Road ATM,14-06-2012,356,76,280,21080.510000000002,6365.4800000000005,14715.03,SUNDAY,NH,H,HHW
Airport ATM,14-06-2012,174,86,88,15575.230000000001,9937.18,5638.05,SUNDAY,NH,H,HHW
KK Nagar ATM,14-06-2012,332,159,173,27064.510000000002,13493.92,13570.59,SUNDAY,NH,H,HHW
Christ College ATM,14-06-2012,148,40,108,11911.900000000001,3526.82,8385.08,SUNDAY,NH,H,HHW
Big Street ATM,15-06-2012,90,27,63,6120.51,1151.92,4968.59,SUNDAY,NH,H,HHW
Mount Road ATM,15-06-2012,122,47,75,7810.990000000001,3453.8900000000003,4357.1,SUNDAY,NH,H,HHW
Airport ATM,15-06-2012,116,83,33,12059.630000000001,9654.810000000001,2404.82,SUNDAY,NH,H,HHW
KK Nagar ATM,15-06-2012,197,138,59,12403.710000000001,8351.42,4052.2900000000004,SUNDAY,NH,H,HHW
Christ College ATM,15-06-2012,94,47,47,7975.55,5333.240000000001,2642.3100000000004,SUNDAY,NH,H,HHW
Big Street ATM,16-06-2012,70,20,50,5022.820000000001,1641.8600000000001,3380.96,SATURDAY,NH,H,WHH
Mount Road ATM,16-06-2012,179,88,91,9602.45,5832.530000000001,3769.92,SATURDAY,NH,H,WHH
Airport ATM,16-06-2012,138,90,48,14135.330000000002,10636.560000000001,3498.7700000000004,SATURDAY,NH,H,WHH
KK Nagar ATM,16-06-2012,179,142,37,15446.2,13503.27,1942.93,SATURDAY,NH,H,WHH
Christ College ATM,16-06-2012,69,39,30,5026.56,3251.9300000000003,1774.63,SATURDAY,NH,H,WHH
Big Street ATM,17-06-2012,47,22,25,3266.8900000000003,2713.3700000000003,553.5200000000001,SUNDAY,NH,H,HHW
Airport ATM,17-06-2012,109,76,33,8027.910000000001,6767.530000000001,1260.38,SUNDAY,NH,H,HHW
KK Nagar ATM,17-06-2012,97,62,35,5344.46,2670.36,2674.1000000000004,SUNDAY,NH,H,HHW
Christ College ATM,17-06-2012,78,29,49,5389.34,2186.03,3203.3100000000004,SUNDAY,NH,H,HHW
Big Street ATM,18-06-2012,81,37,44,4286.04,2879.8,1406.24,SUNDAY,NH,H,HHW
Mount Road ATM,18-06-2012,244,64,180,15449.94,6346.780000000001,9103.16,SUNDAY,NH,H,HHW
Airport ATM,18-06-2012,124,100,24,9482.77,8592.650000000001,890.1200000000001,SUNDAY,NH,H,HHW
KK Nagar ATM,18-06-2012,239,190,49,17086.190000000002,15023.580000000002,2062.61,SUNDAY,NH,H,HHW
Christ College ATM,18-06-2012,101,57,44,9937.18,6363.610000000001,3573.57,SUNDAY,NH,H,HHW
Big Street ATM,19-06-2012,75,26,49,5121.93,2833.05,2288.88,SUNDAY,NH,H,HHW
Mount Road ATM,19-06-2012,261,91,170,11805.310000000001,5058.35,6746.96,SUNDAY,NH,H,HHW
Airport ATM,19-06-2012,111,88,23,7545.450000000001,6645.9800000000005,899.47,SUNDAY,NH,H,HHW
KK Nagar ATM,19-06-2012,243,187,56,20775.7,16093.220000000001,4682.4800000000005,SUNDAY,NH,H,HHW
Christ College ATM,19-06-2012,94,44,50,7953.110000000001,3807.32,4145.79,SUNDAY,NH,H,HHW
Big Street ATM,20-06-2012,62,39,23,5082.660000000001,4566.54,516.12,SUNDAY,NH,H,HHW
Mount Road ATM,20-06-2012,197,78,119,11627.660000000002,5924.160000000001,5703.5,SUNDAY,NH,H,HHW
Airport ATM,20-06-2012,104,74,30,9583.75,7240.64,2343.11,SUNDAY,NH,H,HHW
KK Nagar ATM,20-06-2012,211,176,35,15210.580000000002,12946.01,2264.57,SUNDAY,NH,H,HHW
Christ College ATM,20-06-2012,68,41,27,4183.1900000000005,3025.6600000000003,1157.53,SUNDAY,NH,H,HHW
Big Street ATM,21-06-2012,72,25,47,5774.56,3437.0600000000004,2337.5,SUNDAY,NH,H,HHW
Mount Road ATM,21-06-2012,264,78,186,18232.5,6943.31,11289.19,SUNDAY,NH,H,HHW
Airport ATM,21-06-2012,63,37,26,4828.34,3193.96,1634.38,SUNDAY,NH,H,HHW
KK Nagar ATM,21-06-2012,230,134,96,16003.460000000001,10137.27,5866.1900000000005,SUNDAY,NH,H,HHW
Christ College ATM,21-06-2012,114,10,104,8147.59,671.33,7476.26,SUNDAY,NH,H,HHW
Big Street ATM,22-06-2012,53,20,33,2950.86,1297.7800000000002,1653.0800000000002,SUNDAY,NH,H,HHW
Mount Road ATM,22-06-2012,132,67,65,5415.52,2915.3300000000004,2500.19,SUNDAY,NH,H,HHW
Airport ATM,22-06-2012,110,87,23,9987.67,8257.92,1729.7500000000002,SUNDAY,NH,H,HHW
KK Nagar ATM,22-06-2012,210,165,45,18058.59,13925.890000000001,4132.700000000001,SUNDAY,NH,H,HHW
Christ College ATM,22-06-2012,54,25,29,3672.6800000000003,1583.89,2088.79,SUNDAY,NH,H,HHW
Big Street ATM,23-06-2012,38,15,23,1662.43,710.6,951.83,SATURDAY,NH,H,WHH
Mount Road ATM,23-06-2012,205,95,110,10488.83,6457.110000000001,4031.7200000000003,SATURDAY,NH,H,WHH
Airport ATM,23-06-2012,116,86,30,9320.08,8688.02,632.0600000000001,SATURDAY,NH,H,WHH
KK Nagar ATM,23-06-2012,221,151,70,16009.070000000002,10739.410000000002,5269.660000000001,SATURDAY,NH,H,WHH
Christ College ATM,23-06-2012,118,56,62,9731.480000000001,6348.650000000001,3382.8300000000004,SATURDAY,NH,H,WHH
Big Street ATM,24-06-2012,32,10,22,731.1700000000001,200.09,531.08,SUNDAY,NH,H,HHW
Mount Road ATM,24-06-2012,58,13,45,2283.27,764.83,1518.44,SUNDAY,NH,H,HHW
Airport ATM,24-06-2012,111,64,47,5896.110000000001,4465.56,1430.5500000000002,SUNDAY,NH,H,HHW
KK Nagar ATM,24-06-2012,107,91,16,7504.31,6730.13,774.1800000000001,SUNDAY,NH,H,HHW
Christ College ATM,24-06-2012,53,22,31,4626.38,1920.4900000000002,2705.8900000000003,SUNDAY,NH,H,HHW
Big Street ATM,25-06-2012,55,14,41,4897.530000000001,1587.63,3309.9,SUNDAY,NH,H,HHW
Mount Road ATM,25-06-2012,158,76,82,8970.390000000001,4804.030000000001,4166.360000000001,SUNDAY,NH,H,HHW
Airport ATM,25-06-2012,103,76,27,9183.570000000002,7405.200000000001,1778.3700000000001,SUNDAY,NH,H,HHW
KK Nagar ATM,25-06-2012,204,167,37,16044.6,13993.210000000001,2051.3900000000003,SUNDAY,NH,H,HHW
Christ College ATM,25-06-2012,72,48,24,4931.1900000000005,3150.9500000000003,1780.2400000000002,SUNDAY,NH,H,HHW
Big Street ATM,26-06-2012,54,15,39,4024.2400000000002,1484.7800000000002,2539.46,SUNDAY,NH,H,HHW
Mount Road ATM,26-06-2012,144,58,86,6784.360000000001,3302.42,3481.94,SUNDAY,NH,H,HHW
Airport ATM,26-06-2012,110,95,15,11356.51,10853.480000000001,503.03000000000003,SUNDAY,NH,H,HHW
KK Nagar ATM,26-06-2012,200,167,33,16489.66,13753.85,2735.8100000000004,SUNDAY,NH,H,HHW
Christ College ATM,26-06-2012,70,48,22,4482.39,3369.7400000000002,1112.65,SUNDAY,NH,H,HHW
Big Street ATM,27-06-2012,49,20,29,1735.3600000000001,1249.16,486.20000000000005,SUNDAY,NH,H,HHW
Mount Road ATM,27-06-2012,148,66,82,7395.85,3999.9300000000003,3395.92,SUNDAY,NH,H,HHW
Airport ATM,27-06-2012,107,87,20,8042.870000000001,7556.670000000001,486.20000000000005,SUNDAY,NH,H,HHW
KK Nagar ATM,27-06-2012,190,153,37,14391.52,12643.070000000002,1748.45,SUNDAY,NH,H,HHW
Christ College ATM,27-06-2012,81,38,43,6105.55,2969.5600000000004,3135.9900000000002,SUNDAY,NH,H,HHW
Big Street ATM,28-06-2012,38,15,23,1957.89,675.07,1282.8200000000002,SUNDAY,NH,H,HHW
Mount Road ATM,28-06-2012,87,51,36,3633.4100000000003,2214.0800000000004,1419.3300000000002,SUNDAY,NH,H,HHW
Airport ATM,28-06-2012,94,68,26,8734.77,6894.6900000000005,1840.0800000000002,SUNDAY,NH,H,HHW
KK Nagar ATM,28-06-2012,219,162,57,16229.730000000001,11734.25,4495.4800000000005,SUNDAY,NH,H,HHW
Christ College ATM,28-06-2012,85,58,27,6816.150000000001,5112.58,1703.5700000000002,SUNDAY,NH,H,HHW
Big Street ATM,29-06-2012,60,32,28,3898.9500000000003,2754.51,1144.44,SUNDAY,NH,H,HHW
Mount Road ATM,29-06-2012,160,81,79,8246.7,5516.5,2730.2000000000003,SUNDAY,NH,H,HHW
Airport ATM,29-06-2012,81,68,13,9465.94,8772.17,693.7700000000001,SUNDAY,NH,H,HHW
KK Nagar ATM,29-06-2012,186,138,48,16431.690000000002,12882.43,3549.26,SUNDAY,NH,H,HHW
Christ College ATM,29-06-2012,58,23,35,3723.17,1563.3200000000002,2159.8500000000004,SUNDAY,NH,H,HHW
Big Street ATM,30-06-2012,37,13,24,2330.02,1769.0200000000002,561.0,SATURDAY,NH,H,WHH
Mount Road ATM,30-06-2012,224,89,135,13464.000000000002,6614.1900000000005,6849.81,SATURDAY,NH,H,WHH
Airport ATM,30-06-2012,106,82,24,7868.960000000001,6842.330000000001,1026.63,SATURDAY,NH,H,WHH
KK Nagar ATM,30-06-2012,348,257,91,35146.65,27017.760000000002,8128.89,SATURDAY,NH,H,WHH
Christ College ATM,30-06-2012,91,62,29,8377.6,5905.46,2472.1400000000003,SATURDAY,NH,H,WHH
Big Street ATM,1/7/2012,110,28,82,7681.960000000001,2958.34,4723.62,SUNDAY,NH,H,HHW
Mount Road ATM,1/7/2012,318,39,279,17391.0,2838.6600000000003,14552.34,SUNDAY,NH,H,HHW
Airport ATM,1/7/2012,120,62,58,10438.34,6776.88,3661.46,SUNDAY,NH,H,HHW
KK Nagar ATM,1/7/2012,207,99,108,14492.500000000002,6137.34,8355.16,SUNDAY,NH,H,HHW
Christ College ATM,1/7/2012,111,40,71,8355.16,3135.9900000000002,5219.17,SUNDAY,NH,H,HHW
Big Street ATM,2/7/2012,52,17,35,4822.7300000000005,2079.44,2743.2900000000004,SUNDAY,NH,H,HHW
Mount Road ATM,2/7/2012,164,56,108,10911.45,5550.160000000001,5361.29,SUNDAY,NH,H,HHW
Airport ATM,2/7/2012,154,116,38,15006.750000000002,12009.140000000001,2997.61,SUNDAY,NH,H,HHW
KK Nagar ATM,2/7/2012,400,259,141,39617.82,25708.760000000002,13909.060000000001,SUNDAY,NH,H,HHW
Christ College ATM,2/7/2012,104,50,54,10359.800000000001,5632.4400000000005,4727.360000000001,SUNDAY,NH,H,HHW
Big Street ATM,3/7/2012,81,29,52,5423.0,1860.65,3562.3500000000004,SUNDAY,NH,H,HHW
Mount Road ATM,3/7/2012,207,93,114,14410.220000000001,7494.960000000001,6915.26,SUNDAY,NH,H,HHW
Airport ATM,3/7/2012,96,71,25,9235.93,7775.460000000001,1460.47,SUNDAY,NH,H,HHW
KK Nagar ATM,3/7/2012,260,197,63,24394.15,19275.960000000003,5118.1900000000005,SUNDAY,NH,H,HHW
Christ College ATM,3/7/2012,117,62,55,12149.390000000001,7496.830000000001,4652.56,SUNDAY,NH,H,HHW
Big Street ATM,4/7/2012,48,10,38,2591.82,1006.0600000000001,1585.7600000000002,SUNDAY,NH,H,HHW
Mount Road ATM,4/7/2012,305,97,208,21686.390000000003,7536.1,14150.29,SUNDAY,NH,H,HHW
Airport ATM,4/7/2012,119,98,21,11614.570000000002,9976.45,1638.1200000000001,SUNDAY,NH,H,HHW
KK Nagar ATM,4/7/2012,308,254,54,25035.56,20839.280000000002,4196.280000000001,SUNDAY,NH,H,HHW
Christ College ATM,4/7/2012,88,39,49,9181.7,3826.0200000000004,5355.68,SUNDAY,NH,H,HHW
Big Street ATM,5/7/2012,62,30,32,5080.79,3519.34,1561.45,SUNDAY,NH,H,HHW
Mount Road ATM,5/7/2012,239,74,165,17720.120000000003,6868.51,10851.61,SUNDAY,NH,H,HHW
Airport ATM,5/7/2012,124,94,30,12949.750000000002,10851.61,2098.1400000000003,SUNDAY,NH,H,HHW
KK Nagar ATM,5/7/2012,269,201,68,25521.760000000002,19756.550000000003,5765.21,SUNDAY,NH,H,HHW
Christ College ATM,5/7/2012,129,54,75,9424.800000000001,3640.8900000000003,5783.910000000001,SUNDAY,NH,H,HHW
Big Street ATM,6/7/2012,38,12,26,2941.51,1024.76,1916.7500000000002,SUNDAY,NH,H,HHW
Mount Road ATM,6/7/2012,175,64,111,13497.660000000002,5739.030000000001,7758.63,SUNDAY,NH,H,HHW
Airport ATM,6/7/2012,101,79,22,9196.66,7620.250000000001,1576.41,SUNDAY,NH,H,HHW
KK Nagar ATM,6/7/2012,290,216,74,25433.870000000003,19784.600000000002,5649.27,SUNDAY,NH,H,HHW
Christ College ATM,6/7/2012,118,44,74,9449.11,3106.07,6343.040000000001,SUNDAY,NH,H,HHW
Big Street ATM,7/7/2012,64,31,33,4250.51,2285.1400000000003,1965.3700000000001,SATURDAY,NH,H,WHH
Mount Road ATM,7/7/2012,259,92,167,16794.47,8297.19,8497.28,SATURDAY,NH,H,WHH
Airport ATM,7/7/2012,76,58,18,7558.540000000001,6279.46,1279.0800000000002,SATURDAY,NH,H,WHH
KK Nagar ATM,7/7/2012,309,229,80,24710.18,17693.940000000002,7016.240000000001,SATURDAY,NH,H,WHH
Christ College ATM,7/7/2012,90,54,36,8080.27,6105.55,1974.7200000000003,SATURDAY,NH,H,WHH
Big Street ATM,8/7/2012,71,25,46,3281.8500000000004,1243.5500000000002,2038.3000000000002,SUNDAY,NH,H,HHW
Mount Road ATM,8/7/2012,210,38,172,8951.69,2995.7400000000002,5955.950000000001,SUNDAY,NH,H,HHW
Airport ATM,8/7/2012,143,107,36,10728.19,8328.980000000001,2399.21,SUNDAY,NH,H,HHW
KK Nagar ATM,8/7/2012,114,76,38,6571.18,4987.29,1583.89,SUNDAY,NH,H,HHW
Christ College ATM,8/7/2012,68,27,41,7919.450000000001,2518.8900000000003,5400.56,SUNDAY,NH,H,HHW
Big Street ATM,9/7/2012,63,23,40,5305.1900000000005,2470.27,2834.92,SUNDAY,NH,H,HHW
Mount Road ATM,9/7/2012,197,100,97,11620.18,7365.93,4254.25,SUNDAY,NH,H,HHW
Airport ATM,9/7/2012,130,94,36,10015.720000000001,7328.530000000001,2687.19,SUNDAY,NH,H,HHW
KK Nagar ATM,9/7/2012,268,211,57,24229.59,20188.52,4041.07,SUNDAY,NH,H,HHW
Christ College ATM,9/7/2012,144,53,91,10176.54,4542.2300000000005,5634.31,SUNDAY,NH,H,HHW
Big Street ATM,10/7/2012,100,34,66,7143.400000000001,3904.5600000000004,3238.84,SUNDAY,NH,H,HHW
Mount Road ATM,10/7/2012,171,80,91,10941.37,6919.000000000001,4022.3700000000003,SUNDAY,NH,H,HHW
Airport ATM,10/7/2012,103,79,24,8407.52,6408.490000000001,1999.0300000000002,SUNDAY,NH,H,HHW
KK Nagar ATM,10/7/2012,220,170,50,16188.590000000002,12585.1,3603.4900000000002,SUNDAY,NH,H,HHW
Christ College ATM,10/7/2012,74,44,30,5578.21,3423.9700000000003,2154.2400000000002,SUNDAY,NH,H,HHW
Big Street ATM,11/7/2012,51,14,37,3420.2300000000005,1204.2800000000002,2215.9500000000003,SUNDAY,NH,H,HHW
Mount Road ATM,11/7/2012,142,94,48,10417.77,8446.79,1970.9800000000002,SUNDAY,NH,H,HHW
Airport ATM,11/7/2012,144,108,36,13123.660000000002,11472.45,1651.21,SUNDAY,NH,H,HHW
KK Nagar ATM,11/7/2012,189,155,34,12308.34,10337.36,1970.9800000000002,SUNDAY,NH,H,HHW
Christ College ATM,11/7/2012,83,48,35,6984.450000000001,4641.34,2343.11,SUNDAY,NH,H,HHW
Big Street ATM,12/7/2012,48,18,30,3154.69,1492.2600000000002,1662.43,SUNDAY,NH,H,HHW
Mount Road ATM,12/7/2012,171,90,81,11349.03,7470.650000000001,3878.38,SUNDAY,NH,H,HHW
Airport ATM,12/7/2012,93,71,22,6339.3,5333.240000000001,1006.0600000000001,SUNDAY,NH,H,HHW
KK Nagar ATM,12/7/2012,267,207,60,19401.25,15502.300000000001,3898.9500000000003,SUNDAY,NH,H,HHW
Christ College ATM,12/7/2012,97,55,42,7279.910000000001,4497.35,2782.5600000000004,SUNDAY,NH,H,HHW
Big Street ATM,13-07-2012,60,15,45,3749.3500000000004,1179.97,2569.38,SUNDAY,NH,H,HHW
Mount Road ATM,13-07-2012,138,67,71,7790.420000000001,4054.1600000000003,3736.26,SUNDAY,NH,H,HHW
Airport ATM,13-07-2012,87,71,16,7193.89,6012.05,1181.8400000000001,SUNDAY,NH,H,HHW
KK Nagar ATM,13-07-2012,247,197,50,21845.34,17757.52,4087.82,SUNDAY,NH,H,HHW
Christ College ATM,13-07-2012,79,53,26,6978.84,5449.18,1529.66,SUNDAY,NH,H,HHW
Big Street ATM,14-07-2012,51,26,25,3659.59,2883.5400000000004,776.0500000000001,SATURDAY,NH,H,WHH
Mount Road ATM,14-07-2012,211,95,116,13080.650000000001,8910.550000000001,4170.1,SATURDAY,NH,H,WHH
Airport ATM,14-07-2012,128,105,23,11637.01,10445.820000000002,1191.19,SATURDAY,NH,H,WHH
KK Nagar ATM,14-07-2012,299,225,74,22254.870000000003,17735.08,4519.79,SATURDAY,NH,H,WHH
Christ College ATM,14-07-2012,116,62,54,11249.92,7883.920000000001,3366.0000000000005,SATURDAY,NH,H,WHH
Big Street ATM,15-07-2012,52,23,29,3805.4500000000003,2045.7800000000002,1759.67,SUNDAY,NH,H,HHW
Mount Road ATM,15-07-2012,195,42,153,10129.79,3150.9500000000003,6978.84,SUNDAY,NH,H,HHW
Airport ATM,15-07-2012,86,69,17,7285.52,6722.650000000001,562.87,SUNDAY,NH,H,HHW
KK Nagar ATM,15-07-2012,210,147,63,10937.630000000001,7824.080000000001,3113.55,SUNDAY,NH,H,HHW
Christ College ATM,15-07-2012,56,24,32,2421.65,1292.17,1129.48,SUNDAY,NH,H,HHW
Big Street ATM,16-07-2012,50,18,32,4469.3,2642.3100000000004,1826.9900000000002,SUNDAY,NH,H,HHW
Mount Road ATM,16-07-2012,167,97,70,13097.480000000001,9232.19,3865.2900000000004,SUNDAY,NH,H,HHW
Airport ATM,16-07-2012,117,89,28,10629.08,8710.460000000001,1918.6200000000001,SUNDAY,NH,H,HHW
KK Nagar ATM,16-07-2012,241,181,60,19444.260000000002,16074.52,3369.7400000000002,SUNDAY,NH,H,HHW
Christ College ATM,16-07-2012,37,21,16,3639.0200000000004,2582.4700000000003,1056.5500000000002,SUNDAY,NH,H,HHW
Big Street ATM,17-07-2012,56,30,26,4654.43,3476.3300000000004,1178.1000000000001,SUNDAY,NH,H,HHW
Mount Road ATM,17-07-2012,130,81,49,8248.57,6427.1900000000005,1821.38,SUNDAY,NH,H,HHW
Airport ATM,17-07-2012,113,78,35,10393.460000000001,8540.29,1853.17,SUNDAY,NH,H,HHW
KK Nagar ATM,17-07-2012,232,183,49,21499.390000000003,18180.140000000003,3319.2500000000005,SUNDAY,NH,H,HHW
Christ College ATM,17-07-2012,82,37,45,5862.450000000001,3212.6600000000003,2649.79,SUNDAY,NH,H,HHW
Big Street ATM,18-07-2012,42,21,21,2309.4500000000003,1174.3600000000001,1135.0900000000001,SUNDAY,NH,H,HHW
Mount Road ATM,18-07-2012,172,72,100,11401.390000000001,5879.280000000001,5522.110000000001,SUNDAY,NH,H,HHW
Airport ATM,18-07-2012,130,78,52,10984.380000000001,8373.86,2610.52,SUNDAY,NH,H,HHW
KK Nagar ATM,18-07-2012,259,198,61,22886.93,18245.59,4641.34,SUNDAY,NH,H,HHW
Christ College ATM,18-07-2012,85,40,45,7504.31,3895.2100000000005,3609.1000000000004,SUNDAY,NH,H,HHW
Big Street ATM,19-07-2012,37,23,14,2371.1600000000003,1634.38,736.7800000000001,SUNDAY,NH,H,HHW
Mount Road ATM,19-07-2012,132,61,71,7006.89,3218.2700000000004,3788.6200000000003,SUNDAY,NH,H,HHW
Airport ATM,19-07-2012,130,95,35,11435.050000000001,9245.28,2189.77,SUNDAY,NH,H,HHW
KK Nagar ATM,19-07-2012,219,167,52,15917.44,12381.27,3536.17,SUNDAY,NH,H,HHW
Christ College ATM,19-07-2012,54,35,19,4381.410000000001,3304.2900000000004,1077.1200000000001,SUNDAY,NH,H,HHW
Big Street ATM,20-07-2012,38,17,21,1610.0700000000002,933.1300000000001,676.94,SUNDAY,NH,H,HHW
Mount Road ATM,20-07-2012,176,98,78,10283.130000000001,6597.360000000001,3685.7700000000004,SUNDAY,NH,H,HHW
Airport ATM,20-07-2012,103,76,27,8542.16,7668.870000000001,873.2900000000001,SUNDAY,NH,H,HHW
KK Nagar ATM,20-07-2012,229,194,35,16433.56,14582.26,1851.3000000000002,SUNDAY,NH,H,HHW
Christ College ATM,20-07-2012,91,57,34,8633.79,6154.17,2479.6200000000003,SUNDAY,NH,H,HHW
Big Street ATM,21-07-2012,41,20,21,2462.79,1469.8200000000002,992.97,SATURDAY,NH,H,WHH
Mount Road ATM,21-07-2012,193,91,102,13213.42,8431.83,4781.59,SATURDAY,NH,H,WHH
Airport ATM,21-07-2012,139,115,24,15399.45,14384.04,1015.4100000000001,SATURDAY,NH,H,WHH
KK Nagar ATM,21-07-2012,241,197,44,16227.86,13424.730000000001,2803.13,SATURDAY,NH,H,WHH
Christ College ATM,21-07-2012,103,49,54,9391.140000000001,5610.0,3781.1400000000003,SATURDAY,NH,H,WHH
Big Street ATM,22-07-2012,43,16,27,1752.19,607.75,1144.44,SUNDAY,NH,H,HHW
Mount Road ATM,22-07-2012,154,41,113,6561.830000000001,2958.34,3603.4900000000002,SUNDAY,NH,H,HHW
Airport ATM,22-07-2012,100,70,30,9393.01,7393.9800000000005,1999.0300000000002,SUNDAY,NH,H,HHW
KK Nagar ATM,22-07-2012,72,54,18,3620.32,2889.15,731.1700000000001,SUNDAY,NH,H,HHW
Christ College ATM,22-07-2012,72,29,43,4314.09,2775.0800000000004,1539.0100000000002,SUNDAY,NH,H,HHW
Big Street ATM,23-07-2012,45,22,23,1873.7400000000002,1217.3700000000001,656.37,SUNDAY,NH,H,HHW
Mount Road ATM,23-07-2012,164,101,63,7928.8,6335.56,1593.24,SUNDAY,NH,H,HHW
Airport ATM,23-07-2012,86,61,25,6730.13,5553.900000000001,1176.23,SUNDAY,NH,H,HHW
KK Nagar ATM,23-07-2012,261,211,50,20115.59,17155.38,2960.21,SUNDAY,NH,H,HHW
Christ College ATM,23-07-2012,92,68,24,10580.460000000001,9282.68,1297.7800000000002,SUNDAY,NH,H,HHW
Big Street ATM,24-07-2012,43,23,20,3665.2000000000003,2627.3500000000004,1037.8500000000001,SUNDAY,NH,H,HHW
Mount Road ATM,24-07-2012,111,45,66,3869.03,1370.71,2498.32,SUNDAY,NH,H,HHW
Airport ATM,24-07-2012,92,67,25,9335.04,7902.620000000001,1432.42,SUNDAY,NH,H,HHW
KK Nagar ATM,24-07-2012,205,163,42,16560.72,14150.29,2410.4300000000003,SUNDAY,NH,H,HHW
Christ College ATM,24-07-2012,82,52,30,8407.52,6520.6900000000005,1886.8300000000002,SUNDAY,NH,H,HHW
Big Street ATM,25-07-2012,82,34,48,7061.120000000001,3713.82,3347.3,SUNDAY,NH,H,HHW
Mount Road ATM,25-07-2012,188,96,92,11175.12,6386.05,4789.070000000001,SUNDAY,NH,H,HHW
Airport ATM,25-07-2012,82,65,17,6356.13,5608.13,748.0,SUNDAY,NH,H,HHW
KK Nagar ATM,25-07-2012,217,183,34,18615.850000000002,16626.170000000002,1989.68,SUNDAY,NH,H,HHW
Christ College ATM,25-07-2012,69,43,26,5075.18,4125.22,949.96,SUNDAY,NH,H,HHW
Big Street ATM,26-07-2012,46,25,21,2816.2200000000003,1836.3400000000001,979.8800000000001,SUNDAY,NH,H,HHW
Mount Road ATM,26-07-2012,152,66,86,9271.460000000001,4901.27,4370.1900000000005,SUNDAY,NH,H,HHW
Airport ATM,26-07-2012,131,97,34,11966.130000000001,9888.560000000001,2077.57,SUNDAY,NH,H,HHW
KK Nagar ATM,26-07-2012,233,199,34,17615.4,15679.95,1935.45,SUNDAY,NH,H,HHW
Christ College ATM,26-07-2012,72,38,34,6795.580000000001,3682.03,3113.55,SUNDAY,NH,H,HHW
Big Street ATM,27-07-2012,27,10,17,998.58,529.21,469.37000000000006,SUNDAY,NH,H,HHW
Mount Road ATM,27-07-2012,111,61,50,5696.02,3801.7100000000005,1894.3100000000002,SUNDAY,NH,H,HHW
Airport ATM,27-07-2012,110,92,18,10324.27,9303.25,1021.0200000000001,SUNDAY,NH,H,HHW
KK Nagar ATM,27-07-2012,205,157,48,12321.43,9394.880000000001,2926.55,SUNDAY,NH,H,HHW
Christ College ATM,27-07-2012,74,31,43,5151.85,2348.7200000000003,2803.13,SUNDAY,NH,H,HHW
Big Street ATM,28-07-2012,39,15,24,1776.5000000000002,458.15000000000003,1318.3500000000001,SATURDAY,NH,H,WHH
Mount Road ATM,28-07-2012,169,63,106,9441.630000000001,4557.1900000000005,4884.4400000000005,SATURDAY,NH,H,WHH
Airport ATM,28-07-2012,94,73,21,8207.43,6778.750000000001,1428.68,SATURDAY,NH,H,WHH
KK Nagar ATM,28-07-2012,284,214,70,16886.100000000002,12772.1,4114.0,SATURDAY,NH,H,WHH
Christ College ATM,28-07-2012,98,57,41,9565.050000000001,6184.09,3380.96,SATURDAY,NH,H,WHH
Big Street ATM,29-07-2012,34,14,20,1625.0300000000002,443.19000000000005,1181.8400000000001,SUNDAY,NH,H,HHW
Mount Road ATM,29-07-2012,155,35,120,6505.7300000000005,1344.5300000000002,5161.200000000001,SUNDAY,NH,H,HHW
Airport ATM,29-07-2012,95,65,30,7033.070000000001,6077.5,955.57,SUNDAY,NH,H,HHW
KK Nagar ATM,29-07-2012,125,91,34,7337.88,4499.22,2838.6600000000003,SUNDAY,NH,H,HHW
Christ College ATM,29-07-2012,62,29,33,4534.75,2083.1800000000003,2451.57,SUNDAY,NH,H,HHW
Big Street ATM,30-07-2012,29,10,19,1671.7800000000002,600.2700000000001,1071.51,SUNDAY,NH,H,HHW
Mount Road ATM,30-07-2012,150,81,69,8573.95,5811.96,2761.9900000000002,SUNDAY,NH,H,HHW
Airport ATM,30-07-2012,103,85,18,10989.990000000002,10032.550000000001,957.44,SUNDAY,NH,H,HHW
KK Nagar ATM,30-07-2012,256,203,53,21867.780000000002,17865.98,4001.8,SUNDAY,NH,H,HHW
Christ College ATM,30-07-2012,60,40,20,5593.17,4555.320000000001,1037.8500000000001,SUNDAY,NH,H,HHW
Big Street ATM,31-07-2012,36,19,17,3362.26,2498.32,863.94,SUNDAY,NH,H,HHW
Mount Road ATM,31-07-2012,175,93,82,9673.51,4340.27,5333.240000000001,SUNDAY,NH,H,HHW
Airport ATM,31-07-2012,126,92,34,10991.86,8261.66,2730.2000000000003,SUNDAY,NH,H,HHW
KK Nagar ATM,31-07-2012,296,231,65,28519.370000000003,23958.440000000002,4560.93,SUNDAY,NH,H,HHW
Christ College ATM,31-07-2012,101,59,42,8547.77,5155.59,3392.1800000000003,SUNDAY,NH,H,HHW
Big Street ATM,1/8/2012,52,25,27,5030.3,3364.13,1666.17,SUNDAY,NH,H,HHW
Mount Road ATM,1/8/2012,195,95,100,13009.59,6756.31,6253.280000000001,SUNDAY,NH,H,HHW
Airport ATM,1/8/2012,141,101,40,15911.830000000002,12388.75,3523.0800000000004,SUNDAY,NH,H,HHW
KK Nagar ATM,1/8/2012,333,240,93,30497.83,21882.74,8615.09,SUNDAY,NH,H,HHW
Christ College ATM,1/8/2012,122,48,74,12080.2,4719.88,7360.320000000001,SUNDAY,NH,H,HHW
Big Street ATM,2/8/2012,47,18,29,2661.01,968.6600000000001,1692.3500000000001,SUNDAY,NH,H,HHW
Mount Road ATM,2/8/2012,223,106,117,16601.86,10010.11,6591.750000000001,SUNDAY,NH,H,HHW
Airport ATM,2/8/2012,131,97,34,11898.810000000001,9436.02,2462.79,SUNDAY,NH,H,HHW
KK Nagar ATM,2/8/2012,283,219,64,23455.410000000003,18081.030000000002,5374.38,SUNDAY,NH,H,HHW
Christ College ATM,2/8/2012,87,35,52,6595.490000000001,3186.48,3409.01,SUNDAY,NH,H,HHW
Big Street ATM,3/8/2012,56,20,36,4130.83,1494.13,2636.7000000000003,SUNDAY,NH,H,HHW
Mount Road ATM,3/8/2012,197,88,109,13420.990000000002,7790.420000000001,5630.570000000001,SUNDAY,NH,H,HHW
Airport ATM,3/8/2012,108,82,26,10365.41,8628.18,1737.23,SUNDAY,NH,H,HHW
KK Nagar ATM,3/8/2012,282,222,60,25001.9,20426.010000000002,4575.89,SUNDAY,NH,H,HHW
Christ College ATM,3/8/2012,99,49,50,9714.650000000001,4966.72,4747.93,SUNDAY,NH,H,HHW
Big Street ATM,4/8/2012,60,13,47,5024.6900000000005,1690.48,3334.21,SATURDAY,NH,H,WHH
Mount Road ATM,4/8/2012,269,109,160,18627.07,11341.550000000001,7285.52,SATURDAY,NH,H,WHH
Airport ATM,4/8/2012,131,105,26,13247.080000000002,10933.890000000001,2313.19,SATURDAY,NH,H,WHH
KK Nagar ATM,4/8/2012,305,230,75,28014.47,22062.260000000002,5952.21,SATURDAY,NH,H,WHH
Christ College ATM,4/8/2012,79,37,42,6870.38,3715.69,3154.69,SATURDAY,NH,H,WHH
Big Street ATM,5/8/2012,48,16,32,2109.36,862.07,1247.2900000000002,SUNDAY,NH,H,HHW
Mount Road ATM,5/8/2012,193,32,161,7926.93,2296.36,5630.570000000001,SUNDAY,NH,H,HHW
Airport ATM,5/8/2012,145,110,35,13103.09,11371.470000000001,1731.6200000000001,SUNDAY,NH,H,HHW
KK Nagar ATM,5/8/2012,162,120,42,10703.880000000001,8237.35,2466.53,SUNDAY,NH,H,HHW
Christ College ATM,5/8/2012,115,37,78,7592.200000000001,2992.0,4600.200000000001,SUNDAY,NH,H,HHW
Big Street ATM,6/8/2012,44,9,35,2668.4900000000002,566.61,2101.88,SUNDAY,NH,H,HHW
Mount Road ATM,6/8/2012,214,94,120,16588.77,9037.710000000001,7551.06,SUNDAY,NH,H,HHW
Airport ATM,6/8/2012,135,90,45,12308.34,8241.09,4067.2500000000005,SUNDAY,NH,H,HHW
KK Nagar ATM,6/8/2012,315,243,72,27992.030000000002,22296.010000000002,5696.02,SUNDAY,NH,H,HHW
Christ College ATM,6/8/2012,124,50,74,11872.630000000001,5170.55,6702.080000000001,SUNDAY,NH,H,HHW
Big Street ATM,7/8/2012,48,23,25,3306.1600000000003,1669.91,1636.2500000000002,SUNDAY,NH,H,HHW
Mount Road ATM,7/8/2012,168,86,82,11319.11,6662.81,4656.3,SUNDAY,NH,H,HHW
Airport ATM,7/8/2012,112,85,27,12110.12,9780.1,2330.02,SUNDAY,NH,H,HHW
KK Nagar ATM,7/8/2012,237,184,53,22097.79,17572.390000000003,4525.400000000001,SUNDAY,NH,H,HHW
Christ College ATM,7/8/2012,115,51,64,10846.0,6283.200000000001,4562.8,SUNDAY,NH,H,HHW
Big Street ATM,8/8/2012,41,19,22,3063.0600000000004,2251.48,811.58,SUNDAY,NH,H,HHW
Mount Road ATM,8/8/2012,184,99,85,10399.070000000002,6795.580000000001,3603.4900000000002,SUNDAY,NH,H,HHW
Airport ATM,8/8/2012,136,104,32,11421.960000000001,9241.54,2180.42,SUNDAY,NH,H,HHW
KK Nagar ATM,8/8/2012,242,179,63,20936.52,15909.960000000001,5026.56,SUNDAY,NH,H,HHW
Christ College ATM,8/8/2012,149,68,81,11085.36,5984.0,5101.360000000001,SUNDAY,NH,H,HHW
Big Street ATM,9/8/2012,49,24,25,3192.09,2236.52,955.57,SUNDAY,NH,H,HHW
Mount Road ATM,9/8/2012,171,76,95,9553.83,4450.6,5103.2300000000005,SUNDAY,NH,H,HHW
Airport ATM,9/8/2012,118,83,35,10902.1,8731.03,2171.07,SUNDAY,NH,H,HHW
KK Nagar ATM,9/8/2012,210,133,77,15249.85,9527.650000000001,5722.200000000001,SUNDAY,NH,H,HHW
Christ College ATM,9/8/2012,93,48,45,6408.490000000001,4099.04,2309.4500000000003,SUNDAY,NH,H,HHW
Big Street ATM,10/8/2012,31,17,14,2227.17,1709.18,517.99,SUNDAY,NH,H,HHW
Mount Road ATM,10/8/2012,190,110,80,11165.77,7395.85,3769.92,SUNDAY,NH,H,HHW
Airport ATM,10/8/2012,125,92,33,10286.87,8461.75,1825.1200000000001,SUNDAY,NH,H,HHW
KK Nagar ATM,10/8/2012,242,187,55,22408.210000000003,18228.760000000002,4179.450000000001,SUNDAY,NH,H,HHW
Christ College ATM,10/8/2012,67,37,30,5970.910000000001,4439.38,1531.5300000000002,SUNDAY,NH,H,HHW
Big Street ATM,11/8/2012,13,6,7,566.61,203.83,362.78000000000003,SATURDAY,NH,H,WHH
Mount Road ATM,11/8/2012,218,88,130,13258.300000000001,7336.01,5922.290000000001,SATURDAY,NH,H,WHH
Airport ATM,11/8/2012,133,100,33,11818.400000000001,9101.29,2717.11,SATURDAY,NH,H,WHH
KK Nagar ATM,11/8/2012,291,216,75,24179.100000000002,18973.02,5206.08,SATURDAY,NH,H,WHH
Christ College ATM,11/8/2012,131,46,85,11635.140000000001,4598.33,7036.81,SATURDAY,NH,H,WHH
Big Street ATM,12/8/2012,22,4,18,1262.25,57.970000000000006,1204.2800000000002,SUNDAY,NH,H,HHW
Mount Road ATM,12/8/2012,147,25,122,4009.28,476.85,3532.4300000000003,SUNDAY,NH,H,HHW
Airport ATM,12/8/2012,87,63,24,7227.55,6114.900000000001,1112.65,SUNDAY,NH,H,HHW
KK Nagar ATM,12/8/2012,119,91,28,6588.01,5005.990000000001,1582.0200000000002,SUNDAY,NH,H,HHW
Christ College ATM,12/8/2012,75,30,45,3966.2700000000004,1761.5400000000002,2204.73,SUNDAY,NH,H,HHW
Big Street ATM,13-08-2012,33,19,14,1974.7200000000003,1155.66,819.0600000000001,SUNDAY,NH,H,HHW
Mount Road ATM,13-08-2012,173,92,81,12474.77,7842.780000000001,4631.990000000001,SUNDAY,NH,H,HHW
Airport ATM,13-08-2012,113,95,18,11552.86,10397.2,1155.66,SUNDAY,NH,H,HHW
KK Nagar ATM,13-08-2012,250,207,43,23315.160000000003,19541.5,3773.6600000000003,SUNDAY,NH,H,HHW
Christ College ATM,13-08-2012,80,42,38,7633.34,4087.82,3545.5200000000004,SUNDAY,NH,H,HHW
Big Street ATM,14-08-2012,43,14,29,2814.3500000000004,1095.8200000000002,1718.5300000000002,SUNDAY,NH,H,HHW
Mount Road ATM,14-08-2012,187,113,74,10238.25,6907.780000000001,3330.4700000000003,SUNDAY,NH,H,HHW
Airport ATM,14-08-2012,124,88,36,12355.09,9514.560000000001,2840.53,SUNDAY,NH,H,HHW
KK Nagar ATM,14-08-2012,204,166,38,15992.240000000002,13190.980000000001,2801.26,SUNDAY,NH,H,HHW
Christ College ATM,14-08-2012,90,37,53,5980.26,2462.79,3517.4700000000003,SUNDAY,NH,H,HHW
Big Street ATM,15-08-2012,54,16,38,3753.09,1591.3700000000001,2161.7200000000003,WEDNESDAY,N,H,WHW
Mount Road ATM,15-08-2012,169,34,135,7908.2300000000005,2913.46,4994.77,WEDNESDAY,N,H,WHW
Airport ATM,15-08-2012,82,65,17,10146.62,9551.960000000001,594.6600000000001,WEDNESDAY,N,H,WHW
KK Nagar ATM,15-08-2012,172,108,64,12497.210000000001,7754.89,4742.320000000001,WEDNESDAY,N,H,WHW
Christ College ATM,15-08-2012,79,39,40,5654.88,3048.1000000000004,2606.78,WEDNESDAY,N,H,WHW
Big Street ATM,16-08-2012,52,20,32,3345.4300000000003,1722.2700000000002,1623.16,WEDNESDAY,N,H,WHW
Mount Road ATM,16-08-2012,145,75,70,12115.730000000001,8587.04,3528.69,WEDNESDAY,N,H,WHW
Airport ATM,16-08-2012,132,105,27,13138.62,11427.570000000002,1711.0500000000002,WEDNESDAY,N,H,WHW
KK Nagar ATM,16-08-2012,286,218,68,19835.09,14982.44,4852.650000000001,WEDNESDAY,N,H,WHW
Christ College ATM,16-08-2012,85,53,32,8386.95,6243.93,2143.02,WEDNESDAY,N,H,WHW
Big Street ATM,17-08-2012,35,24,11,1503.48,998.58,504.90000000000003,WEDNESDAY,N,H,WHW
Mount Road ATM,17-08-2012,177,91,86,11887.59,7803.51,4084.0800000000004,WEDNESDAY,N,H,WHW
Airport ATM,17-08-2012,94,71,23,9402.36,8029.780000000001,1372.5800000000002,WEDNESDAY,N,H,WHW
KK Nagar ATM,17-08-2012,274,201,73,19687.36,14279.320000000002,5408.04,WEDNESDAY,N,H,WHW
Christ College ATM,17-08-2012,116,74,42,11926.86,8265.400000000001,3661.46,WEDNESDAY,N,H,WHW
Mount Road ATM,18-08-2012,233,107,126,13269.52,8383.210000000001,4886.31,SATURDAY,NH,H,WHH
Airport ATM,18-08-2012,118,90,28,9946.53,7911.97,2034.5600000000002,SATURDAY,NH,H,WHH
KK Nagar ATM,18-08-2012,223,169,54,13978.250000000002,9982.060000000001,3996.1900000000005,SATURDAY,NH,H,WHH
Christ College ATM,18-08-2012,100,56,44,7551.06,5280.88,2270.1800000000003,SATURDAY,NH,H,WHH
Big Street ATM,19-08-2012,37,14,23,2561.9,1258.51,1303.39,SUNDAY,NH,H,HHH
Mount Road ATM,19-08-2012,1,0,1,65.45,0.0,65.45,SUNDAY,NH,H,HHH
Airport ATM,19-08-2012,50,45,5,3302.42,2704.02,598.4000000000001,SUNDAY,NH,H,HHH
KK Nagar ATM,19-08-2012,120,75,45,9574.400000000001,5912.9400000000005,3661.46,SUNDAY,NH,H,HHH
Christ College ATM,19-08-2012,50,18,32,2952.73,1611.94,1340.7900000000002,SUNDAY,NH,H,HHH
Big Street ATM,20-08-2012,55,17,38,2952.73,1598.8500000000001,1353.88,MONDAY,M,H,HHW
Airport ATM,20-08-2012,73,56,17,7422.030000000001,6376.700000000001,1045.3300000000002,MONDAY,M,H,HHW
KK Nagar ATM,20-08-2012,277,159,118,20446.58,11752.95,8693.630000000001,MONDAY,M,H,HHW
Christ College ATM,20-08-2012,67,28,39,5451.05,2474.01,2977.0400000000004,MONDAY,M,H,HHW
Big Street ATM,21-08-2012,16,7,9,153.34,89.76,63.580000000000005,MONDAY,M,H,HHW
Mount Road ATM,21-08-2012,77,45,32,4923.71,3388.44,1535.2700000000002,MONDAY,M,H,HHW
Airport ATM,21-08-2012,113,99,14,11231.220000000001,10692.660000000002,538.5600000000001,MONDAY,M,H,HHW
KK Nagar ATM,21-08-2012,273,197,76,22916.850000000002,18228.760000000002,4688.09,MONDAY,M,H,HHW
Christ College ATM,21-08-2012,95,58,37,7973.68,6058.8,1914.88,MONDAY,M,H,HHW
Big Street ATM,22-08-2012,48,26,22,3074.28,2281.4,792.8800000000001,MONDAY,M,H,HHW
Mount Road ATM,22-08-2012,129,68,61,9189.18,5191.120000000001,3998.0600000000004,MONDAY,M,H,HHW
Airport ATM,22-08-2012,92,72,20,8370.12,7459.43,910.69,MONDAY,M,H,HHW
KK Nagar ATM,22-08-2012,246,158,88,20263.32,13591.160000000002,6672.160000000001,MONDAY,M,H,HHW
Christ College ATM,22-08-2012,82,49,33,5883.02,4411.33,1471.69,MONDAY,M,H,HHW
Big Street ATM,23-08-2012,41,20,21,2560.03,1423.0700000000002,1136.96,MONDAY,M,H,HHW
Mount Road ATM,23-08-2012,122,63,59,9164.87,6000.830000000001,3164.0400000000004,MONDAY,M,H,HHW
Airport ATM,23-08-2012,74,55,19,5017.21,4381.410000000001,635.8000000000001,MONDAY,M,H,HHW
KK Nagar ATM,23-08-2012,200,155,45,14591.61,12218.580000000002,2373.03,MONDAY,M,H,HHW
Christ College ATM,23-08-2012,93,40,53,7177.06,4697.4400000000005,2479.6200000000003,MONDAY,M,H,HHW
Big Street ATM,24-08-2012,53,34,19,3760.57,3423.9700000000003,336.6,MONDAY,M,H,HHW
Mount Road ATM,24-08-2012,145,76,69,8867.54,5856.84,3010.7000000000003,MONDAY,M,H,HHW
Airport ATM,24-08-2012,100,85,15,10958.2,10150.36,807.84,MONDAY,M,H,HHW
KK Nagar ATM,24-08-2012,179,138,41,13641.650000000001,11526.68,2114.9700000000003,MONDAY,M,H,HHW
Christ College ATM,24-08-2012,111,64,47,10112.960000000001,7822.210000000001,2290.75,MONDAY,M,H,HHW
Big Street ATM,25-08-2012,56,25,31,3938.2200000000003,2681.5800000000004,1256.64,SATURDAY,NH,H,WHH
Mount Road ATM,25-08-2012,170,82,88,13462.130000000001,9004.050000000001,4458.08,SATURDAY,NH,H,WHH
Airport ATM,25-08-2012,131,102,29,14561.69,13346.19,1215.5,SATURDAY,NH,H,WHH
KK Nagar ATM,25-08-2012,270,215,55,21617.2,18501.780000000002,3115.42,SATURDAY,NH,H,WHH
Christ College ATM,25-08-2012,99,52,47,6415.97,3805.4500000000003,2610.52,SATURDAY,NH,H,WHH
Big Street ATM,26-08-2012,54,20,34,2842.4,2135.54,706.86,SUNDAY,NH,H,HHW
Mount Road ATM,26-08-2012,111,34,77,4979.81,2965.82,2013.9900000000002,SUNDAY,NH,H,HHW
Airport ATM,26-08-2012,83,61,22,8302.800000000001,6885.34,1417.46,SUNDAY,NH,H,HHW
KK Nagar ATM,26-08-2012,97,78,19,6036.360000000001,4583.37,1452.99,SUNDAY,NH,H,HHW
Christ College ATM,26-08-2012,89,29,60,4560.93,1793.3300000000002,2767.6000000000004,SUNDAY,NH,H,HHW
Big Street ATM,27-08-2012,42,13,29,2507.67,703.12,1804.5500000000002,SUNDAY,NH,H,HHW
Mount Road ATM,27-08-2012,174,93,81,10756.240000000002,6606.71,4149.530000000001,SUNDAY,NH,H,HHW
Airport ATM,27-08-2012,86,64,22,6741.35,5247.22,1494.13,SUNDAY,NH,H,HHW
KK Nagar ATM,27-08-2012,264,211,53,20766.350000000002,16181.11,4585.240000000001,SUNDAY,NH,H,HHW
Christ College ATM,27-08-2012,95,52,43,8108.320000000001,4944.280000000001,3164.0400000000004,SUNDAY,NH,H,HHW
Big Street ATM,28-08-2012,34,9,25,1976.5900000000001,981.7500000000001,994.84,SUNDAY,NH,H,HHW
Mount Road ATM,28-08-2012,148,77,71,7543.580000000001,4293.52,3250.0600000000004,SUNDAY,NH,H,HHW
Airport ATM,28-08-2012,93,69,24,7958.72,6683.38,1275.3400000000001,SUNDAY,NH,H,HHW
KK Nagar ATM,28-08-2012,224,175,49,13103.09,10457.04,2646.05,SUNDAY,NH,H,HHW
Christ College ATM,28-08-2012,100,41,59,7825.950000000001,3708.2100000000005,4117.740000000001,SUNDAY,NH,H,HHW
Big Street ATM,29-08-2012,34,16,18,2879.8,1976.5900000000001,903.21,SUNDAY,NH,H,HHW
Mount Road ATM,29-08-2012,147,75,72,8149.460000000001,4751.67,3397.7900000000004,SUNDAY,NH,H,HHW
Airport ATM,29-08-2012,79,62,17,6632.89,5381.860000000001,1251.0300000000002,SUNDAY,NH,H,HHW
KK Nagar ATM,29-08-2012,236,174,62,14825.36,11427.570000000002,3397.7900000000004,SUNDAY,NH,H,HHW
Christ College ATM,29-08-2012,91,34,57,7758.63,3253.8,4504.83,SUNDAY,NH,H,HHW
Big Street ATM,30-08-2012,40,16,24,2578.73,1505.3500000000001,1073.38,SUNDAY,NH,H,HHW
Mount Road ATM,30-08-2012,160,81,79,9048.93,5004.120000000001,4044.8100000000004,SUNDAY,NH,H,HHW
Airport ATM,30-08-2012,97,70,27,7300.4800000000005,6208.400000000001,1092.0800000000002,SUNDAY,NH,H,HHW
KK Nagar ATM,30-08-2012,196,148,48,16355.02,12362.570000000002,3992.4500000000003,SUNDAY,NH,H,HHW
Christ College ATM,30-08-2012,106,39,67,7711.88,3117.2900000000004,4594.59,SUNDAY,NH,H,HHW
Big Street ATM,31-08-2012,59,19,40,2747.03,1284.69,1462.3400000000001,SUNDAY,NH,H,HHW
Mount Road ATM,31-08-2012,194,89,105,12960.970000000001,8085.880000000001,4875.09,SUNDAY,NH,H,HHW
Airport ATM,31-08-2012,125,98,27,11335.94,9843.68,1492.2600000000002,SUNDAY,NH,H,HHW
KK Nagar ATM,31-08-2012,251,199,52,20480.24,16076.390000000001,4403.85,SUNDAY,NH,H,HHW
Christ College ATM,31-08-2012,110,53,57,8861.93,5421.13,3440.8,SUNDAY,NH,H,HHW
Big Street ATM,1/9/2012,62,13,49,4046.6800000000003,955.57,3091.11,SATURDAY,NH,H,WHH
Mount Road ATM,1/9/2012,276,129,147,22982.300000000003,13490.18,9492.12,SATURDAY,NH,H,WHH
Airport ATM,1/9/2012,172,123,49,16424.210000000003,12261.59,4162.62,SATURDAY,NH,H,WHH
KK Nagar ATM,1/9/2012,414,254,160,40567.780000000006,23416.140000000003,17151.64,SATURDAY,NH,H,WHH
Christ College ATM,1/9/2012,134,64,70,14363.470000000001,7427.64,6935.830000000001,SATURDAY,NH,H,WHH
Big Street ATM,2/9/2012,95,19,76,6827.370000000001,2043.91,4783.46,SUNDAY,NH,H,HHW
Mount Road ATM,2/9/2012,150,30,120,6358.000000000001,1851.3000000000002,4506.700000000001,SUNDAY,NH,H,HHW
Airport ATM,2/9/2012,71,46,25,6470.200000000001,5000.38,1469.8200000000002,SUNDAY,NH,H,HHW
KK Nagar ATM,2/9/2012,197,113,84,15328.390000000001,8577.69,6750.700000000001,SUNDAY,NH,H,HHW
Christ College ATM,2/9/2012,136,37,99,10391.59,3422.1000000000004,6969.490000000001,SUNDAY,NH,H,HHW
Big Street ATM,3/9/2012,62,10,52,3498.7700000000004,822.8000000000001,2675.9700000000003,SUNDAY,NH,H,HHW
Mount Road ATM,3/9/2012,214,101,113,17349.86,11038.61,6311.25,SUNDAY,NH,H,HHW
Airport ATM,3/9/2012,104,86,18,10745.02,10008.240000000002,736.7800000000001,SUNDAY,NH,H,HHW
KK Nagar ATM,3/9/2012,330,244,86,31922.770000000004,24674.65,7248.120000000001,SUNDAY,NH,H,HHW
Christ College ATM,3/9/2012,124,58,66,10372.890000000001,5643.660000000001,4729.2300000000005,SUNDAY,NH,H,HHW
Big Street ATM,4/9/2012,48,17,31,4585.240000000001,2051.3900000000003,2533.8500000000004,SUNDAY,NH,H,HHW
Mount Road ATM,4/9/2012,219,115,104,15825.810000000001,9477.16,6348.650000000001,SUNDAY,NH,H,HHW
Airport ATM,4/9/2012,133,105,28,14806.660000000002,12555.18,2251.48,SUNDAY,NH,H,HHW
KK Nagar ATM,4/9/2012,252,196,56,21076.77,16527.06,4549.71,SUNDAY,NH,H,HHW
Christ College ATM,4/9/2012,114,52,62,13443.43,7618.38,5825.05,SUNDAY,NH,H,HHW
Big Street ATM,5/9/2012,65,26,39,5140.63,2724.59,2416.04,SUNDAY,NH,H,HHW
Mount Road ATM,5/9/2012,223,131,92,18767.32,13462.130000000001,5305.1900000000005,SUNDAY,NH,H,HHW
Airport ATM,5/9/2012,111,80,31,10107.35,8130.76,1976.5900000000001,SUNDAY,NH,H,HHW
KK Nagar ATM,5/9/2012,314,250,64,27107.52,22294.140000000003,4813.38,SUNDAY,NH,H,HHW
Christ College ATM,5/9/2012,118,58,60,12126.95,6980.710000000001,5146.240000000001,SUNDAY,NH,H,HHW
Big Street ATM,6/9/2012,68,21,47,3616.5800000000004,1370.71,2245.8700000000003,SUNDAY,NH,H,HHW
Mount Road ATM,6/9/2012,205,110,95,14935.69,10442.08,4493.610000000001,SUNDAY,NH,H,HHW
Airport ATM,6/9/2012,102,77,25,10419.640000000001,8334.59,2085.05,SUNDAY,NH,H,HHW
KK Nagar ATM,6/9/2012,257,191,66,20555.04,16237.210000000001,4317.83,SUNDAY,NH,H,HHW
Christ College ATM,6/9/2012,113,60,53,10544.93,6875.990000000001,3668.94,SUNDAY,NH,H,HHW
Big Street ATM,7/9/2012,76,28,48,6894.6900000000005,3175.26,3719.4300000000003,SUNDAY,NH,H,HHW
Mount Road ATM,7/9/2012,187,99,88,12521.52,7465.040000000001,5056.4800000000005,SUNDAY,NH,H,HHW
Airport ATM,7/9/2012,124,81,43,10066.210000000001,7715.620000000001,2350.59,SUNDAY,NH,H,HHW
KK Nagar ATM,7/9/2012,212,157,55,15117.080000000002,10528.1,4588.9800000000005,SUNDAY,NH,H,HHW
Christ College ATM,7/9/2012,122,64,58,10412.16,6118.64,4293.52,SUNDAY,NH,H,HHW
Big Street ATM,8/9/2012,79,25,54,5892.370000000001,2356.2000000000003,3536.17,SATURDAY,NH,H,WHH
Mount Road ATM,8/9/2012,256,104,152,14703.810000000001,8364.51,6339.3,SATURDAY,NH,H,WHH
Airport ATM,8/9/2012,90,67,23,7661.39,5955.950000000001,1705.44,SATURDAY,NH,H,WHH
KK Nagar ATM,8/9/2012,275,213,62,19707.93,15442.460000000001,4265.47,SATURDAY,NH,H,WHH
Christ College ATM,8/9/2012,128,55,73,12702.910000000002,7023.72,5679.1900000000005,SATURDAY,NH,H,WHH
Big Street ATM,9/9/2012,97,30,67,5667.97,2743.2900000000004,2924.6800000000003,SUNDAY,NH,H,HHW
Mount Road ATM,9/9/2012,198,56,142,7500.570000000001,3321.1200000000003,4179.450000000001,SUNDAY,NH,H,HHW
Airport ATM,9/9/2012,76,52,24,4755.410000000001,4059.7700000000004,695.6400000000001,SUNDAY,NH,H,HHW
KK Nagar ATM,9/9/2012,121,83,38,10054.990000000002,7135.92,2919.07,SUNDAY,NH,H,HHW
Christ College ATM,9/9/2012,140,35,105,8050.35,2421.65,5628.700000000001,SUNDAY,NH,H,HHW
Big Street ATM,10/9/2012,61,26,35,3420.2300000000005,1939.19,1481.0400000000002,SUNDAY,NH,H,HHW
Mount Road ATM,10/9/2012,145,67,78,8820.79,5436.09,3384.7000000000003,SUNDAY,NH,H,HHW
Airport ATM,10/9/2012,131,98,33,13011.460000000001,11137.720000000001,1873.7400000000002,SUNDAY,NH,H,HHW
KK Nagar ATM,10/9/2012,254,202,52,22112.75,18711.22,3401.53,SUNDAY,NH,H,HHW
Christ College ATM,10/9/2012,108,47,61,8669.320000000002,4411.33,4257.990000000001,SUNDAY,NH,H,HHW
Big Street ATM,11/9/2012,64,20,44,3792.36,1275.3400000000001,2517.02,SUNDAY,NH,H,HHW
Mount Road ATM,11/9/2012,201,113,88,12160.61,8972.26,3188.3500000000004,SUNDAY,NH,H,HHW
Airport ATM,11/9/2012,136,93,43,12557.050000000001,9854.900000000001,2702.15,SUNDAY,NH,H,HHW
KK Nagar ATM,11/9/2012,235,200,35,21753.710000000003,19272.22,2481.4900000000002,SUNDAY,NH,H,HHW
Christ College ATM,11/9/2012,131,40,91,12241.02,4594.59,7646.43,SUNDAY,NH,H,HHW
Big Street ATM,12/9/2012,94,27,67,7848.39,2904.11,4944.280000000001,SUNDAY,NH,H,HHW
Mount Road ATM,12/9/2012,159,88,71,11223.740000000002,7863.35,3360.3900000000003,SUNDAY,NH,H,HHW
Airport ATM,12/9/2012,101,84,17,8446.79,7435.120000000001,1011.6700000000001,SUNDAY,NH,H,HHW
KK Nagar ATM,12/9/2012,232,183,49,19453.61,15881.910000000002,3571.7000000000003,SUNDAY,NH,H,HHW
Christ College ATM,12/9/2012,123,39,84,9417.320000000002,3296.8100000000004,6120.51,SUNDAY,NH,H,HHW
Big Street ATM,13-09-2012,89,35,54,6434.67,3723.17,2711.5,SUNDAY,NH,H,HHW
Mount Road ATM,13-09-2012,122,86,36,7874.570000000001,6167.26,1707.3100000000002,SUNDAY,NH,H,HHW
Airport ATM,13-09-2012,92,73,19,8517.85,7741.8,776.0500000000001,SUNDAY,NH,H,HHW
KK Nagar ATM,13-09-2012,223,171,52,20811.230000000003,16672.920000000002,4138.31,SUNDAY,NH,H,HHW
Christ College ATM,13-09-2012,120,61,59,10644.04,7287.39,3356.65,SUNDAY,NH,H,HHW
Big Street ATM,14-09-2012,86,36,50,6028.88,3704.4700000000003,2324.4100000000003,SUNDAY,NH,H,HHW
Mount Road ATM,14-09-2012,199,98,101,14354.12,9795.060000000001,4559.06,SUNDAY,NH,H,HHW
Airport ATM,14-09-2012,96,79,17,11672.54,10713.230000000001,959.3100000000001,SUNDAY,NH,H,HHW
KK Nagar ATM,14-09-2012,222,171,51,16826.260000000002,13293.830000000002,3532.4300000000003,SUNDAY,NH,H,HHW
Christ College ATM,14-09-2012,97,48,49,8832.01,5043.39,3788.6200000000003,SUNDAY,NH,H,HHW
Big Street ATM,15-09-2012,96,21,75,4065.38,1022.8900000000001,3042.4900000000002,SATURDAY,NH,H,WHH
Mount Road ATM,15-09-2012,224,83,141,15348.960000000001,9215.36,6133.6,SATURDAY,NH,H,WHH
Airport ATM,15-09-2012,126,82,44,11029.26,8547.77,2481.4900000000002,SATURDAY,NH,H,WHH
KK Nagar ATM,15-09-2012,213,163,50,15438.720000000001,11277.970000000001,4160.75,SATURDAY,NH,H,WHH
Christ College ATM,15-09-2012,106,58,48,8256.050000000001,4953.63,3302.42,SATURDAY,NH,H,WHH
Big Street ATM,16-09-2012,112,30,82,6976.97,2922.8100000000004,4054.1600000000003,SUNDAY,NH,H,HHW
Mount Road ATM,16-09-2012,144,40,104,6857.290000000001,3532.4300000000003,3324.86,SUNDAY,NH,H,HHW
Airport ATM,16-09-2012,88,65,23,6453.370000000001,5954.080000000001,499.29,SUNDAY,NH,H,HHW
KK Nagar ATM,16-09-2012,123,100,23,6674.030000000001,5847.490000000001,826.5400000000001,SUNDAY,NH,H,HHW
Christ College ATM,16-09-2012,129,43,86,8280.36,4884.4400000000005,3395.92,SUNDAY,NH,H,HHW
Big Street ATM,17-09-2012,90,27,63,6414.1,2027.0800000000002,4387.02,SUNDAY,NH,H,HHW
Mount Road ATM,17-09-2012,202,114,88,11173.25,7964.330000000001,3208.92,SUNDAY,NH,H,HHW
Airport ATM,17-09-2012,117,88,29,10189.630000000001,8607.61,1582.0200000000002,SUNDAY,NH,H,HHW
KK Nagar ATM,17-09-2012,276,212,64,21016.93,17682.72,3334.21,SUNDAY,NH,H,HHW
Christ College ATM,17-09-2012,87,35,52,6309.38,3919.5200000000004,2389.86,SUNDAY,NH,H,HHW
Big Street ATM,18-09-2012,89,31,58,6002.700000000001,2980.78,3021.92,SUNDAY,NH,H,HHW
Mount Road ATM,18-09-2012,161,87,74,10307.44,6346.780000000001,3960.6600000000003,SUNDAY,NH,H,HHW
Airport ATM,18-09-2012,109,82,27,9402.36,7719.360000000001,1683.0000000000002,SUNDAY,NH,H,HHW
KK Nagar ATM,18-09-2012,262,210,52,19139.45,14786.090000000002,4353.360000000001,SUNDAY,NH,H,HHW
Christ College ATM,18-09-2012,109,43,66,7223.81,3930.7400000000002,3293.07,SUNDAY,NH,H,HHW
Big Street ATM,19-09-2012,91,28,63,4108.39,1785.8500000000001,2322.54,WEDNESDAY,H,H,WHW
Mount Road ATM,19-09-2012,142,42,100,8046.610000000001,4084.0800000000004,3962.53,WEDNESDAY,H,H,WHW
Airport ATM,19-09-2012,44,29,15,4059.7700000000004,3502.51,557.26,WEDNESDAY,H,H,WHW
KK Nagar ATM,19-09-2012,189,111,78,13379.85,8302.800000000001,5077.05,WEDNESDAY,H,H,WHW
Christ College ATM,19-09-2012,116,33,83,6887.210000000001,2483.36,4403.85,WEDNESDAY,H,H,WHW
Big Street ATM,20-09-2012,87,37,50,4437.51,2733.94,1703.5700000000002,WEDNESDAY,H,H,WHW
Mount Road ATM,20-09-2012,130,79,51,8300.93,5462.27,2838.6600000000003,WEDNESDAY,H,H,WHW
Airport ATM,20-09-2012,100,65,35,8774.04,6451.500000000001,2322.54,WEDNESDAY,H,H,WHW
KK Nagar ATM,20-09-2012,188,153,35,14698.2,12392.490000000002,2305.71,WEDNESDAY,H,H,WHW
Christ College ATM,20-09-2012,109,40,69,6402.88,2421.65,3981.2300000000005,WEDNESDAY,H,H,WHW
Big Street ATM,21-09-2012,63,24,39,4044.8100000000004,2186.03,1858.7800000000002,WEDNESDAY,H,H,WHW
Mount Road ATM,21-09-2012,165,91,74,9196.66,5978.39,3218.2700000000004,WEDNESDAY,H,H,WHW
Airport ATM,21-09-2012,90,69,21,10206.460000000001,9093.810000000001,1112.65,WEDNESDAY,H,H,WHW
KK Nagar ATM,21-09-2012,245,196,49,19333.93,16102.570000000002,3231.36,WEDNESDAY,H,H,WHW
Christ College ATM,21-09-2012,144,46,98,8360.77,2741.42,5619.35,WEDNESDAY,H,H,WHW
Big Street ATM,22-09-2012,69,20,49,2434.7400000000002,622.71,1812.0300000000002,SATURDAY,NH,H,WHH
Mount Road ATM,22-09-2012,223,121,102,14677.630000000001,10313.050000000001,4364.58,SATURDAY,NH,H,WHH
Airport ATM,22-09-2012,97,78,19,10210.2,9168.61,1041.5900000000001,SATURDAY,NH,H,WHH
KK Nagar ATM,22-09-2012,250,185,65,17710.77,13379.85,4330.92,SATURDAY,NH,H,WHH
Christ College ATM,22-09-2012,125,56,69,11446.27,6228.97,5217.3,SATURDAY,NH,H,WHH
Big Street ATM,23-09-2012,72,21,51,3356.65,1510.96,1845.69,SUNDAY,NH,H,HHW
Mount Road ATM,23-09-2012,134,34,100,5439.830000000001,1148.18,4291.650000000001,SUNDAY,NH,H,HHW
Airport ATM,23-09-2012,96,61,35,4347.75,3208.92,1138.8300000000002,SUNDAY,NH,H,HHW
KK Nagar ATM,23-09-2012,102,71,31,6546.870000000001,5206.08,1340.7900000000002,SUNDAY,NH,H,HHW
Christ College ATM,23-09-2012,88,39,49,5632.4400000000005,3341.69,2290.75,SUNDAY,NH,H,HHW
Big Street ATM,24-09-2012,66,26,40,2767.6000000000004,1138.8300000000002,1628.7700000000002,SUNDAY,NH,H,HHW
Mount Road ATM,24-09-2012,163,84,79,9937.18,6124.25,3812.9300000000003,SUNDAY,NH,H,HHW
Airport ATM,24-09-2012,128,96,32,9413.58,8250.44,1163.14,SUNDAY,NH,H,HHW
KK Nagar ATM,24-09-2012,229,172,57,18520.48,15190.01,3330.4700000000003,SUNDAY,NH,H,HHW
Christ College ATM,24-09-2012,99,54,45,8265.400000000001,5308.93,2956.4700000000003,SUNDAY,NH,H,HHW
Big Street ATM,25-09-2012,76,25,51,4796.55,1808.2900000000002,2988.26,SUNDAY,NH,H,HHW
Mount Road ATM,25-09-2012,155,76,79,8852.58,4919.97,3932.61,SUNDAY,NH,H,HHW
Airport ATM,25-09-2012,98,79,19,7328.530000000001,6670.290000000001,658.24,SUNDAY,NH,H,HHW
KK Nagar ATM,25-09-2012,248,183,65,19154.41,14664.54,4489.87,SUNDAY,NH,H,HHW
Christ College ATM,25-09-2012,78,34,44,5989.610000000001,3184.61,2805.0,SUNDAY,NH,H,HHW
Big Street ATM,26-09-2012,80,31,49,5538.9400000000005,3113.55,2425.3900000000003,SUNDAY,NH,H,HHW
Mount Road ATM,26-09-2012,168,97,71,8983.480000000001,5927.900000000001,3055.5800000000004,SUNDAY,NH,H,HHW
Airport ATM,26-09-2012,102,75,27,9054.54,7483.740000000001,1570.8000000000002,SUNDAY,NH,H,HHW
KK Nagar ATM,26-09-2012,215,163,52,14064.27,10989.990000000002,3074.28,SUNDAY,NH,H,HHW
Christ College ATM,26-09-2012,74,42,32,5987.740000000001,4132.700000000001,1855.0400000000002,SUNDAY,NH,H,HHW
Big Street ATM,27-09-2012,86,27,59,4768.5,2002.7700000000002,2765.73,SUNDAY,NH,H,HHW
Mount Road ATM,27-09-2012,167,104,63,9522.04,7046.160000000001,2475.88,SUNDAY,NH,H,HHW
Airport ATM,27-09-2012,109,79,30,8489.800000000001,7500.570000000001,989.23,SUNDAY,NH,H,HHW
KK Nagar ATM,27-09-2012,229,171,58,15427.500000000002,11956.78,3470.7200000000003,SUNDAY,NH,H,HHW
Christ College ATM,27-09-2012,108,35,73,7382.76,2971.4300000000003,4411.33,SUNDAY,NH,H,HHW
Big Street ATM,28-09-2012,76,18,58,3472.59,1221.1100000000001,2251.48,SUNDAY,NH,H,HHW
Mount Road ATM,28-09-2012,111,65,46,4929.320000000001,2990.13,1939.19,SUNDAY,NH,H,HHW
Airport ATM,28-09-2012,98,67,31,10040.03,7715.620000000001,2324.4100000000003,SUNDAY,NH,H,HHW
KK Nagar ATM,28-09-2012,278,208,70,23186.13,18548.530000000002,4637.6,SUNDAY,NH,H,HHW
Christ College ATM,28-09-2012,154,40,114,13018.94,4637.6,8381.34,SUNDAY,NH,H,HHW
Big Street ATM,29-09-2012,55,25,30,3132.25,2092.53,1039.72,SATURDAY,NH,H,WHH
Mount Road ATM,29-09-2012,216,110,106,12916.09,8706.720000000001,4209.37,SATURDAY,NH,H,WHH
Airport ATM,29-09-2012,51,41,10,3986.84,3259.4100000000003,727.4300000000001,SATURDAY,NH,H,WHH
KK Nagar ATM,29-09-2012,254,175,79,18849.600000000002,12643.070000000002,6206.530000000001,SATURDAY,NH,H,WHH
Christ College ATM,29-09-2012,101,43,58,7188.280000000001,3702.6000000000004,3485.6800000000003,SATURDAY,NH,H,WHH
Big Street ATM,30-09-2012,89,19,70,4110.26,1099.5600000000002,3010.7000000000003,SUNDAY,NH,H,HHW
Mount Road ATM,30-09-2012,160,34,126,6273.85,1260.38,5013.47,SUNDAY,NH,H,HHW
Airport ATM,30-09-2012,77,56,21,9112.51,7468.780000000001,1643.73,SUNDAY,NH,H,HHW
KK Nagar ATM,30-09-2012,133,74,59,8760.95,4785.33,3975.6200000000003,SUNDAY,NH,H,HHW
Christ College ATM,30-09-2012,81,36,45,5731.55,3579.1800000000003,2152.3700000000003,SUNDAY,NH,H,HHW
Big Street ATM,1/10/2012,97,30,67,8057.830000000001,3723.17,4334.660000000001,SUNDAY,NH,H,HHW
Mount Road ATM,1/10/2012,211,111,100,16712.190000000002,11107.800000000001,5604.39,SUNDAY,NH,H,HHW
Airport ATM,1/10/2012,155,109,46,16534.54,13288.220000000001,3246.32,SUNDAY,NH,H,HHW
KK Nagar ATM,1/10/2012,331,239,92,29559.090000000004,21978.11,7580.9800000000005,SUNDAY,NH,H,HHW
Christ College ATM,1/10/2012,80,45,35,5759.6,2904.11,2855.4900000000002,SUNDAY,NH,H,HHW
Big Street ATM,2/10/2012,118,17,101,6488.900000000001,1309.0,5179.900000000001,TUESDAY,N,H,WHW
Mount Road ATM,2/10/2012,141,31,110,8192.470000000001,3158.4300000000003,5034.04,TUESDAY,N,H,WHW
Airport ATM,2/10/2012,103,67,36,7983.030000000001,6135.47,1847.5600000000002,TUESDAY,N,H,WHW
KK Nagar ATM,2/10/2012,147,95,52,10294.35,6743.22,3551.13,TUESDAY,N,H,WHW
Christ College ATM,2/10/2012,66,32,34,5174.29,2670.36,2503.9300000000003,TUESDAY,N,H,WHW
Big Street ATM,3/10/2012,94,25,69,6352.39,2144.8900000000003,4207.5,TUESDAY,N,H,WHW
Mount Road ATM,3/10/2012,230,122,108,18548.530000000002,13385.460000000001,5163.070000000001,TUESDAY,N,H,WHW
Airport ATM,3/10/2012,130,105,25,9325.69,7719.360000000001,1606.3300000000002,TUESDAY,N,H,WHW
KK Nagar ATM,3/10/2012,350,236,114,31408.520000000004,20093.15,11315.37,TUESDAY,N,H,WHW
Christ College ATM,3/10/2012,215,46,169,15384.490000000002,3760.57,11623.92,TUESDAY,N,H,WHW
Big Street ATM,4/10/2012,65,14,51,4287.91,710.6,3577.3100000000004,TUESDAY,N,H,WHW
Mount Road ATM,4/10/2012,215,108,107,12611.28,7767.9800000000005,4843.3,TUESDAY,N,H,WHW
Airport ATM,4/10/2012,86,66,20,9815.630000000001,8113.93,1701.7,TUESDAY,N,H,WHW
KK Nagar ATM,4/10/2012,309,245,64,29691.86,25566.640000000003,4125.22,TUESDAY,N,H,WHW
Christ College ATM,4/10/2012,139,46,93,13852.960000000001,5148.110000000001,8704.85,TUESDAY,N,H,WHW
Big Street ATM,5/10/2012,74,19,55,5005.990000000001,2187.9,2818.09,TUESDAY,N,H,WHW
Mount Road ATM,5/10/2012,199,80,119,13995.080000000002,6947.05,7048.030000000001,TUESDAY,N,H,WHW
Airport ATM,5/10/2012,92,62,30,10584.2,7964.330000000001,2619.8700000000003,TUESDAY,N,H,WHW
KK Nagar ATM,5/10/2012,310,244,66,25024.34,20502.68,4521.660000000001,TUESDAY,N,H,WHW
Christ College ATM,5/10/2012,157,52,105,13456.52,5368.77,8087.750000000001,TUESDAY,N,H,WHW
Big Street ATM,6/10/2012,89,26,63,6070.02,2487.1000000000004,3582.92,SATURDAY,NH,H,WHH
Mount Road ATM,6/10/2012,188,81,107,13419.12,6791.84,6627.280000000001,SATURDAY,NH,H,WHH
Airport ATM,6/10/2012,115,81,34,9400.49,7908.2300000000005,1492.2600000000002,SATURDAY,NH,H,WHH
KK Nagar ATM,6/10/2012,315,187,128,24912.140000000003,13355.54,11556.6,SATURDAY,NH,H,WHH
Christ College ATM,6/10/2012,170,62,108,15623.85,6429.06,9194.79,SATURDAY,NH,H,WHH
Big Street ATM,7/10/2012,94,23,71,4308.4800000000005,1567.0600000000002,2741.42,SUNDAY,NH,H,HHW
Mount Road ATM,7/10/2012,1,0,1,9.350000000000001,0.0,9.350000000000001,SUNDAY,NH,H,HHW
Airport ATM,7/10/2012,133,81,52,8497.28,5783.910000000001,2713.3700000000003,SUNDAY,NH,H,HHW
KK Nagar ATM,7/10/2012,153,88,65,10141.01,6861.030000000001,3279.98,SUNDAY,NH,H,HHW
Christ College ATM,7/10/2012,99,38,61,7508.05,3343.5600000000004,4164.490000000001,SUNDAY,NH,H,HHW
Big Street ATM,8/10/2012,71,20,51,4147.66,1793.3300000000002,2354.3300000000004,SUNDAY,NH,H,HHW
Mount Road ATM,8/10/2012,220,99,121,14514.94,8211.17,6303.77,SUNDAY,NH,H,HHW
Airport ATM,8/10/2012,148,109,39,14838.45,12199.880000000001,2638.57,SUNDAY,NH,H,HHW
KK Nagar ATM,8/10/2012,312,217,95,26054.710000000003,18363.4,7691.31,SUNDAY,NH,H,HHW
Christ College ATM,8/10/2012,181,54,127,13641.650000000001,4871.35,8770.300000000001,SUNDAY,NH,H,HHW
Big Street ATM,9/10/2012,88,27,61,5264.05,2156.11,3107.94,SUNDAY,NH,H,HHW
Mount Road ATM,9/10/2012,187,85,102,12123.210000000001,6660.9400000000005,5462.27,SUNDAY,NH,H,HHW
Airport ATM,9/10/2012,117,75,42,11622.050000000001,8959.17,2662.88,SUNDAY,NH,H,HHW
KK Nagar ATM,9/10/2012,255,205,50,20895.38,18054.850000000002,2840.53,SUNDAY,NH,H,HHW
Christ College ATM,9/10/2012,138,64,74,12702.910000000002,6866.64,5836.27,SUNDAY,NH,H,HHW
Big Street ATM,10/10/2012,104,27,77,6752.570000000001,2550.6800000000003,4201.89,SUNDAY,NH,H,HHW
Mount Road ATM,10/10/2012,237,101,136,16330.710000000001,8815.18,7515.530000000001,SUNDAY,NH,H,HHW
Airport ATM,10/10/2012,126,90,36,12682.34,9882.95,2799.3900000000003,SUNDAY,NH,H,HHW
KK Nagar ATM,10/10/2012,271,211,60,23909.820000000003,19062.780000000002,4847.04,SUNDAY,NH,H,HHW
Christ College ATM,10/10/2012,144,58,86,13157.320000000002,5022.820000000001,8134.500000000001,SUNDAY,NH,H,HHW
Big Street ATM,11/10/2012,91,30,61,6758.18,3423.9700000000003,3334.21,SUNDAY,NH,H,HHW
Mount Road ATM,11/10/2012,207,104,103,14066.140000000001,8493.54,5572.6,SUNDAY,NH,H,HHW
Airport ATM,11/10/2012,118,86,32,11220.0,9032.1,2187.9,SUNDAY,NH,H,HHW
KK Nagar ATM,11/10/2012,287,198,89,22720.5,14342.900000000001,8377.6,SUNDAY,NH,H,HHW
Christ College ATM,11/10/2012,129,54,75,11564.08,6217.75,5346.330000000001,SUNDAY,NH,H,HHW
Big Street ATM,12/10/2012,70,30,40,4910.620000000001,2670.36,2240.26,SUNDAY,NH,H,HHW
Mount Road ATM,12/10/2012,192,111,81,13753.85,10191.5,3562.3500000000004,SUNDAY,NH,H,HHW
Airport ATM,12/10/2012,36,27,9,3416.4900000000002,3278.11,138.38000000000002,SUNDAY,NH,H,HHW
KK Nagar ATM,12/10/2012,250,183,67,17261.97,12932.92,4329.05,SUNDAY,NH,H,HHW
Christ College ATM,12/10/2012,128,59,69,10550.54,6662.81,3887.7300000000005,SUNDAY,NH,H,HHW
Big Street ATM,13-10-2012,87,30,57,5062.09,2855.4900000000002,2206.6000000000004,SATURDAY,NH,H,WHH
Mount Road ATM,13-10-2012,239,104,135,15979.150000000001,9286.42,6692.7300000000005,SATURDAY,NH,H,WHH
Airport ATM,13-10-2012,46,37,9,4998.51,4772.240000000001,226.27,SATURDAY,NH,H,WHH
KK Nagar ATM,13-10-2012,307,205,102,21675.170000000002,15498.560000000001,6176.610000000001,SATURDAY,NH,H,WHH
Christ College ATM,13-10-2012,129,58,71,9795.060000000001,6199.05,3596.01,SATURDAY,NH,H,WHH
Big Street ATM,14-10-2012,63,17,46,3885.86,1602.5900000000001,2283.27,SUNDAY,NH,H,HHW
Mount Road ATM,14-10-2012,179,66,113,7494.960000000001,4701.18,2793.78,SUNDAY,NH,H,HHW
Airport ATM,14-10-2012,136,89,47,9004.050000000001,7049.900000000001,1954.15,SUNDAY,NH,H,HHW
KK Nagar ATM,14-10-2012,213,125,88,15893.130000000001,9677.25,6215.88,SUNDAY,NH,H,HHW
Christ College ATM,14-10-2012,89,41,48,6947.05,4351.490000000001,2595.5600000000004,SUNDAY,NH,H,HHW
Big Street ATM,15-10-2012,84,37,47,5486.580000000001,4067.2500000000005,1419.3300000000002,SUNDAY,NH,H,HHW
Mount Road ATM,15-10-2012,197,97,100,10602.900000000001,6305.64,4297.26,SUNDAY,NH,H,HHW
Airport ATM,15-10-2012,151,102,49,17701.420000000002,13417.250000000002,4284.17,SUNDAY,NH,H,HHW
KK Nagar ATM,15-10-2012,281,218,63,27105.65,22163.24,4942.410000000001,SUNDAY,NH,H,HHW
Christ College ATM,15-10-2012,143,48,95,12777.710000000001,6038.2300000000005,6739.4800000000005,SUNDAY,NH,H,HHW
Big Street ATM,16-10-2012,80,27,53,5804.4800000000005,3444.5400000000004,2359.94,SUNDAY,NH,H,HHW
Mount Road ATM,16-10-2012,162,85,77,9271.460000000001,5381.860000000001,3889.6000000000004,SUNDAY,NH,H,HHW
Airport ATM,16-10-2012,129,88,41,10365.41,7025.59,3339.82,SUNDAY,NH,H,HHW
KK Nagar ATM,16-10-2012,260,200,60,21847.210000000003,18210.06,3637.15,SUNDAY,NH,H,HHW
Christ College ATM,16-10-2012,110,57,53,8953.560000000001,5623.09,3330.4700000000003,SUNDAY,NH,H,HHW
Big Street ATM,17-10-2012,79,27,52,4714.27,2494.5800000000004,2219.69,SUNDAY,NH,H,HHW
Mount Road ATM,17-10-2012,143,67,76,6649.72,2995.7400000000002,3653.9800000000005,SUNDAY,NH,H,HHW
Airport ATM,17-10-2012,113,86,27,9849.29,8214.91,1634.38,SUNDAY,NH,H,HHW
KK Nagar ATM,17-10-2012,266,207,59,25804.13,21501.260000000002,4302.87,SUNDAY,NH,H,HHW
Christ College ATM,17-10-2012,100,50,50,8686.150000000001,5675.450000000001,3010.7000000000003,SUNDAY,NH,H,HHW
Big Street ATM,18-10-2012,68,20,48,4575.89,2122.4500000000003,2453.44,SUNDAY,NH,H,HHW
Mount Road ATM,18-10-2012,159,77,82,8358.900000000001,4671.26,3687.6400000000003,SUNDAY,NH,H,HHW
Airport ATM,18-10-2012,61,48,13,4420.68,3934.4800000000005,486.20000000000005,SUNDAY,NH,H,HHW
KK Nagar ATM,18-10-2012,176,127,49,13995.080000000002,10737.54,3257.5400000000004,SUNDAY,NH,H,HHW
Christ College ATM,18-10-2012,90,41,49,7117.22,4454.34,2662.88,SUNDAY,NH,H,HHW
Big Street ATM,19-10-2012,69,21,48,3257.5400000000004,1353.88,1903.66,SUNDAY,NH,H,HHW
Mount Road ATM,19-10-2012,188,77,111,14030.61,8050.35,5980.26,SUNDAY,NH,H,HHW
Airport ATM,19-10-2012,68,57,11,5172.42,4862.0,310.42,SUNDAY,NH,H,HHW
KK Nagar ATM,19-10-2012,210,158,52,14075.490000000002,11522.94,2552.55,SUNDAY,NH,H,HHW
Christ College ATM,19-10-2012,88,53,35,9121.86,6726.39,2395.4700000000003,SUNDAY,NH,H,HHW
Big Street ATM,20-10-2012,86,24,62,4944.280000000001,2401.0800000000004,2543.2000000000003,SATURDAY,NH,H,WHH
Mount Road ATM,20-10-2012,222,91,131,11775.390000000001,7162.1,4613.29,SATURDAY,NH,H,WHH
Airport ATM,20-10-2012,124,84,40,10550.54,8198.08,2352.46,SATURDAY,NH,H,WHH
KK Nagar ATM,20-10-2012,267,199,68,20356.82,15623.85,4732.97,SATURDAY,NH,H,WHH
Christ College ATM,20-10-2012,100,49,51,9140.560000000001,5727.81,3412.7500000000005,SATURDAY,NH,H,WHH
Big Street ATM,21-10-2012,102,39,63,6378.570000000001,3377.2200000000003,3001.3500000000004,SUNDAY,NH,H,HHW
Mount Road ATM,21-10-2012,141,38,103,5926.030000000001,2545.07,3380.96,SUNDAY,NH,H,HHW
Airport ATM,21-10-2012,81,56,25,5464.14,4497.35,966.7900000000001,SUNDAY,NH,H,HHW
KK Nagar ATM,21-10-2012,141,113,28,10230.77,8768.43,1462.3400000000001,SUNDAY,NH,H,HHW
Christ College ATM,21-10-2012,57,29,28,4682.4800000000005,3152.82,1529.66,SUNDAY,NH,H,HHW
Big Street ATM,22-10-2012,55,19,36,3255.67,1436.16,1819.5100000000002,SUNDAY,NH,H,HHW
Mount Road ATM,22-10-2012,192,94,98,12080.2,7319.18,4761.02,SUNDAY,NH,H,HHW
Airport ATM,22-10-2012,119,98,21,12175.570000000002,11178.86,996.71,SUNDAY,NH,H,HHW
KK Nagar ATM,22-10-2012,307,238,69,26884.99,22739.2,4145.79,SUNDAY,NH,H,HHW
Christ College ATM,22-10-2012,94,58,36,9924.09,7928.8,1995.2900000000002,SUNDAY,NH,H,HHW
Big Street ATM,23-10-2012,77,31,46,5209.820000000001,3162.17,2047.65,TUESDAY,H,H,WHH
Mount Road ATM,23-10-2012,132,47,85,7379.02,4617.030000000001,2761.9900000000002,TUESDAY,H,H,WHH
Airport ATM,23-10-2012,73,48,25,5860.580000000001,4400.110000000001,1460.47,TUESDAY,H,H,WHH
KK Nagar ATM,23-10-2012,124,99,25,7642.6900000000005,6434.67,1208.02,TUESDAY,H,H,WHH
Christ College ATM,23-10-2012,68,35,33,6838.59,4800.29,2038.3000000000002,TUESDAY,H,H,WHH
Big Street ATM,24-10-2012,76,30,46,4143.92,2399.21,1744.71,WEDNESDAY,H,H,HHW
Mount Road ATM,24-10-2012,143,48,95,6283.200000000001,2818.09,3465.11,WEDNESDAY,H,H,HHW
Airport ATM,24-10-2012,88,67,21,8448.66,6945.18,1503.48,WEDNESDAY,H,H,HHW
KK Nagar ATM,24-10-2012,206,128,78,15966.060000000001,10051.25,5914.81,WEDNESDAY,H,H,HHW
Christ College ATM,24-10-2012,67,45,22,4787.200000000001,3581.05,1206.15,WEDNESDAY,H,H,HHW
Big Street ATM,25-10-2012,64,24,40,4233.68,1610.0700000000002,2623.61,WEDNESDAY,H,H,HHW
Mount Road ATM,25-10-2012,162,80,82,8209.300000000001,4588.9800000000005,3620.32,WEDNESDAY,H,H,HHW
Airport ATM,25-10-2012,108,75,33,8011.080000000001,6580.530000000001,1430.5500000000002,WEDNESDAY,H,H,HHW
KK Nagar ATM,25-10-2012,305,204,101,27988.29,19937.940000000002,8050.35,WEDNESDAY,H,H,HHW
Christ College ATM,25-10-2012,101,63,38,8383.210000000001,6000.830000000001,2382.38,WEDNESDAY,H,H,HHW
Big Street ATM,26-10-2012,76,26,50,5555.77,3055.5800000000004,2500.19,WEDNESDAY,H,H,HHW
Mount Road ATM,26-10-2012,181,90,91,10112.960000000001,6298.160000000001,3814.8,WEDNESDAY,H,H,HHW
Airport ATM,26-10-2012,101,79,22,9690.34,8815.18,875.1600000000001,WEDNESDAY,H,H,HHW
KK Nagar ATM,26-10-2012,288,212,76,23562.0,18127.780000000002,5434.22,WEDNESDAY,H,H,HHW
Christ College ATM,26-10-2012,56,32,24,4252.38,3184.61,1067.77,WEDNESDAY,H,H,HHW
Big Street ATM,27-10-2012,57,21,36,2778.82,1417.46,1361.3600000000001,SATURDAY,M,H,WHH
Mount Road ATM,27-10-2012,156,58,98,8233.61,5131.280000000001,3102.3300000000004,SATURDAY,M,H,WHH
Airport ATM,27-10-2012,111,87,24,9250.890000000001,7738.06,1512.8300000000002,SATURDAY,M,H,WHH
KK Nagar ATM,27-10-2012,227,160,67,19653.7,14625.27,5028.43,SATURDAY,M,H,WHH
Christ College ATM,27-10-2012,74,33,41,5772.6900000000005,3526.82,2245.8700000000003,SATURDAY,M,H,WHH
Big Street ATM,28-10-2012,63,22,41,3470.7200000000003,1817.64,1653.0800000000002,SUNDAY,NH,H,HHW
Mount Road ATM,28-10-2012,163,39,124,8682.41,2591.82,6090.59,SUNDAY,NH,H,HHW
Airport ATM,28-10-2012,92,58,34,5740.900000000001,4719.88,1021.0200000000001,SUNDAY,NH,H,HHW
KK Nagar ATM,28-10-2012,170,120,50,13512.62,9907.26,3605.36,SUNDAY,NH,H,HHW
Christ College ATM,28-10-2012,97,31,66,5931.64,3270.63,2661.01,SUNDAY,NH,H,HHW
Big Street ATM,29-10-2012,53,23,30,2941.51,1598.8500000000001,1342.66,SUNDAY,NH,H,HHW
Mount Road ATM,29-10-2012,77,42,35,3465.11,2404.82,1060.29,SUNDAY,NH,H,HHW
Airport ATM,29-10-2012,118,92,26,10402.810000000001,8736.640000000001,1666.17,SUNDAY,NH,H,HHW
KK Nagar ATM,29-10-2012,281,215,66,18733.66,14557.95,4175.71,SUNDAY,NH,H,HHW
Christ College ATM,29-10-2012,104,37,67,6417.84,2150.5,4267.34,SUNDAY,NH,H,HHW
Big Street ATM,30-10-2012,50,23,27,2812.48,2032.69,779.7900000000001,SUNDAY,NH,H,HHW
Mount Road ATM,30-10-2012,119,63,56,7509.920000000001,5019.08,2490.84,SUNDAY,NH,H,HHW
Airport ATM,30-10-2012,30,20,10,2094.4,1243.5500000000002,850.85,SUNDAY,NH,H,HHW
KK Nagar ATM,30-10-2012,151,123,28,11949.300000000001,9727.740000000002,2221.56,SUNDAY,NH,H,HHW
Christ College ATM,30-10-2012,99,52,47,6889.080000000001,4446.860000000001,2442.2200000000003,SUNDAY,NH,H,HHW
Big Street ATM,31-10-2012,80,29,51,4325.31,1219.24,3106.07,SUNDAY,NH,H,HHW
Mount Road ATM,31-10-2012,146,67,79,9256.5,4678.740000000001,4577.76,SUNDAY,NH,H,HHW
Airport ATM,31-10-2012,62,53,9,6124.25,5516.5,607.75,SUNDAY,NH,H,HHW
KK Nagar ATM,31-10-2012,165,131,34,15027.320000000002,11863.28,3164.0400000000004,SUNDAY,NH,H,HHW
Christ College ATM,31-10-2012,59,21,38,6002.700000000001,2642.3100000000004,3360.3900000000003,SUNDAY,NH,H,HHW
Big Street ATM,1/11/2012,87,32,55,6606.71,3261.28,3345.4300000000003,SUNDAY,NH,H,HHW
Mount Road ATM,1/11/2012,223,124,99,19083.350000000002,13134.880000000001,5948.47,SUNDAY,NH,H,HHW
Airport ATM,1/11/2012,127,99,28,12259.720000000001,10107.35,2152.3700000000003,SUNDAY,NH,H,HHW
KK Nagar ATM,1/11/2012,410,320,90,44556.490000000005,35675.86,8880.630000000001,SUNDAY,NH,H,HHW
Christ College ATM,1/11/2012,112,47,65,12110.12,5344.46,6765.660000000001,SUNDAY,NH,H,HHW
Big Street ATM,2/11/2012,90,30,60,6172.870000000001,3169.65,3003.2200000000003,SUNDAY,NH,H,HHW
Mount Road ATM,2/11/2012,208,102,106,16508.36,11320.980000000001,5187.38,SUNDAY,NH,H,HHW
Airport ATM,2/11/2012,115,92,23,10387.85,8312.150000000001,2075.7000000000003,SUNDAY,NH,H,HHW
KK Nagar ATM,2/11/2012,370,239,131,37594.48,25181.420000000002,12413.060000000001,SUNDAY,NH,H,HHW
Christ College ATM,2/11/2012,131,31,100,10253.210000000001,2836.7900000000004,7416.420000000001,SUNDAY,NH,H,HHW
Big Street ATM,3/11/2012,79,30,49,5952.21,2805.0,3147.21,SATURDAY,NH,H,WHH
Mount Road ATM,3/11/2012,262,121,141,20240.88,12912.35,7328.530000000001,SATURDAY,NH,H,WHH
Airport ATM,3/11/2012,107,83,24,9329.43,8098.97,1230.46,SATURDAY,NH,H,WHH
KK Nagar ATM,3/11/2012,349,256,93,32631.500000000004,23668.59,8962.91,SATURDAY,NH,H,WHH
Christ College ATM,3/11/2012,141,76,65,11633.27,6750.700000000001,4882.570000000001,SATURDAY,NH,H,WHH
Big Street ATM,4/11/2012,76,17,59,4531.01,1490.39,3040.6200000000003,SUNDAY,NH,H,HHW
Mount Road ATM,4/11/2012,153,20,133,8085.880000000001,1202.41,6883.47,SUNDAY,NH,H,HHW
Airport ATM,4/11/2012,115,74,41,11350.900000000001,8304.67,3046.23,SUNDAY,NH,H,HHW
KK Nagar ATM,4/11/2012,209,108,101,18204.45,9780.1,8424.35,SUNDAY,NH,H,HHW
Christ College ATM,4/11/2012,122,45,77,10447.69,4989.160000000001,5458.530000000001,SUNDAY,NH,H,HHW
Big Street ATM,5/11/2012,110,30,80,7369.670000000001,2690.9300000000003,4678.740000000001,SUNDAY,NH,H,HHW
Mount Road ATM,5/11/2012,287,121,166,24246.420000000002,14234.44,10011.980000000001,SUNDAY,NH,H,HHW
Airport ATM,5/11/2012,132,89,43,14167.12,10197.11,3970.01,SUNDAY,NH,H,HHW
KK Nagar ATM,5/11/2012,175,109,66,14230.7,8893.720000000001,5336.9800000000005,SUNDAY,NH,H,HHW
Christ College ATM,5/11/2012,165,54,111,16742.11,5544.55,11197.560000000001,SUNDAY,NH,H,HHW
Big Street ATM,6/11/2012,75,33,42,5613.740000000001,3111.6800000000003,2502.0600000000004,SUNDAY,NH,H,HHW
Mount Road ATM,6/11/2012,249,127,122,16671.050000000003,10993.730000000001,5677.320000000001,SUNDAY,NH,H,HHW
Airport ATM,6/11/2012,94,74,20,9516.43,8893.720000000001,622.71,SUNDAY,NH,H,HHW
KK Nagar ATM,6/11/2012,279,197,82,23124.420000000002,16478.440000000002,6645.9800000000005,SUNDAY,NH,H,HHW
Christ College ATM,6/11/2012,135,72,63,10816.08,6129.860000000001,4686.22,SUNDAY,NH,H,HHW
Big Street ATM,7/11/2012,109,40,69,7332.27,4013.0200000000004,3319.2500000000005,SUNDAY,NH,H,HHW
Mount Road ATM,7/11/2012,249,101,148,16914.15,8798.35,8115.8,SUNDAY,NH,H,HHW
Airport ATM,7/11/2012,155,95,60,17890.29,13456.52,4433.77,SUNDAY,NH,H,HHW
KK Nagar ATM,7/11/2012,264,196,68,26808.320000000003,20820.58,5987.740000000001,SUNDAY,NH,H,HHW
Christ College ATM,7/11/2012,208,78,130,20472.760000000002,9643.59,10829.17,SUNDAY,NH,H,HHW
Big Street ATM,8/11/2012,83,34,49,5662.360000000001,2823.7000000000003,2838.6600000000003,SUNDAY,NH,H,HHW
Mount Road ATM,8/11/2012,193,98,95,11939.95,8345.810000000001,3594.1400000000003,SUNDAY,NH,H,HHW
Airport ATM,8/11/2012,147,95,52,14008.170000000002,10180.28,3827.8900000000003,SUNDAY,NH,H,HHW
KK Nagar ATM,8/11/2012,359,246,113,32169.61,23029.050000000003,9140.560000000001,SUNDAY,NH,H,HHW
Christ College ATM,8/11/2012,160,54,106,12607.54,5424.870000000001,7182.67,SUNDAY,NH,H,HHW
Big Street ATM,9/11/2012,92,21,71,5948.47,2288.88,3659.59,SUNDAY,NH,H,HHW
Mount Road ATM,9/11/2012,306,96,210,18552.27,7279.910000000001,11272.36,SUNDAY,NH,H,HHW
Airport ATM,9/11/2012,115,71,44,12680.470000000001,9219.1,3461.3700000000003,SUNDAY,NH,H,HHW
KK Nagar ATM,9/11/2012,347,228,119,27911.620000000003,19236.690000000002,8674.93,SUNDAY,NH,H,HHW
Christ College ATM,9/11/2012,132,53,79,10488.83,5069.570000000001,5419.26,SUNDAY,NH,H,HHW
Big Street ATM,10/11/2012,132,38,94,9196.66,4572.150000000001,4624.51,SATURDAY,NH,H,WHH
Mount Road ATM,10/11/2012,304,105,199,21770.54,9527.650000000001,12242.890000000001,SATURDAY,NH,H,WHH
Airport ATM,10/11/2012,176,120,56,18052.98,14075.490000000002,3977.4900000000002,SATURDAY,NH,H,WHH
KK Nagar ATM,10/11/2012,373,230,143,30458.56,20972.050000000003,9486.51,SATURDAY,NH,H,WHH
Christ College ATM,10/11/2012,185,67,118,15429.37,6672.160000000001,8757.210000000001,SATURDAY,NH,H,WHH
Big Street ATM,11/11/2012,127,41,86,8729.16,4027.9800000000005,4701.18,SUNDAY,NH,H,HHW
Mount Road ATM,11/11/2012,229,40,189,12575.75,3597.88,8977.87,SUNDAY,NH,H,HHW
Airport ATM,11/11/2012,122,79,43,10445.820000000002,7455.6900000000005,2990.13,SUNDAY,NH,H,HHW
KK Nagar ATM,11/11/2012,409,182,227,23874.29,10730.060000000001,13144.230000000001,SUNDAY,NH,H,HHW
Christ College ATM,11/11/2012,155,47,108,10915.19,3801.7100000000005,7113.4800000000005,SUNDAY,NH,H,HHW
Big Street ATM,12/11/2012,111,37,74,8437.44,2982.65,5454.79,SUNDAY,NH,H,HHW
Mount Road ATM,12/11/2012,190,99,91,11543.51,6814.280000000001,4729.2300000000005,SUNDAY,NH,H,HHW
Airport ATM,12/11/2012,121,79,42,9379.92,6311.25,3068.67,SUNDAY,NH,H,HHW
KK Nagar ATM,12/11/2012,444,269,175,27421.68,16426.08,10995.6,SUNDAY,NH,H,HHW
Christ College ATM,12/11/2012,104,57,47,7676.35,5336.9800000000005,2339.3700000000003,SUNDAY,NH,H,HHW
Big Street ATM,13-11-2012,105,18,87,6997.540000000001,1957.89,5039.650000000001,TUESDAY,H,H,WHW
Mount Road ATM,13-11-2012,86,29,57,5303.320000000001,2995.7400000000002,2307.5800000000004,TUESDAY,H,H,WHW
Airport ATM,13-11-2012,55,34,21,2631.09,1841.95,789.1400000000001,TUESDAY,H,H,WHW
KK Nagar ATM,13-11-2012,111,42,69,3175.26,1245.42,1929.8400000000001,TUESDAY,H,H,WHW
Christ College ATM,13-11-2012,55,22,33,3362.26,1658.69,1703.5700000000002,TUESDAY,H,H,WHW
Big Street ATM,14-11-2012,62,13,49,3468.8500000000004,914.4300000000001,2554.42,TUESDAY,H,H,WHW
Mount Road ATM,14-11-2012,122,63,59,7863.35,4875.09,2988.26,TUESDAY,H,H,WHW
Airport ATM,14-11-2012,99,74,25,9613.67,8220.52,1393.15,TUESDAY,H,H,WHW
KK Nagar ATM,14-11-2012,243,144,99,19027.25,11608.960000000001,7418.290000000001,TUESDAY,H,H,WHW
Christ College ATM,14-11-2012,82,42,40,4994.77,2432.8700000000003,2561.9,TUESDAY,H,H,WHW
Big Street ATM,15-11-2012,76,20,56,4602.070000000001,2176.6800000000003,2425.3900000000003,TUESDAY,H,H,WHW
Mount Road ATM,15-11-2012,125,63,62,7362.1900000000005,4216.85,3145.34,TUESDAY,H,H,WHW
Airport ATM,15-11-2012,109,82,27,9400.49,8059.700000000001,1340.7900000000002,TUESDAY,H,H,WHW
KK Nagar ATM,15-11-2012,270,180,90,16992.690000000002,11702.460000000001,5290.2300000000005,TUESDAY,H,H,WHW
Christ College ATM,15-11-2012,106,53,53,9641.720000000001,5503.410000000001,4138.31,TUESDAY,H,H,WHW
Big Street ATM,16-11-2012,70,29,41,6487.030000000001,4123.35,2363.6800000000003,TUESDAY,H,H,WHW
Mount Road ATM,16-11-2012,120,68,52,6614.1900000000005,4228.070000000001,2386.1200000000003,TUESDAY,H,H,WHW
Airport ATM,16-11-2012,83,67,16,7319.18,6531.910000000001,787.2700000000001,TUESDAY,H,H,WHW
KK Nagar ATM,16-11-2012,246,193,53,19928.59,16384.940000000002,3543.65,TUESDAY,H,H,WHW
Christ College ATM,16-11-2012,98,54,44,6818.02,3674.55,3143.4700000000003,TUESDAY,H,H,WHW
Big Street ATM,17-11-2012,55,19,36,4345.88,2973.3,1372.5800000000002,SATURDAY,NH,H,WHH
Mount Road ATM,17-11-2012,167,87,80,9464.070000000002,5997.09,3466.9800000000005,SATURDAY,NH,H,WHH
Airport ATM,17-11-2012,102,76,26,7868.960000000001,6214.01,1654.95,SATURDAY,NH,H,WHH
KK Nagar ATM,17-11-2012,286,210,76,20958.960000000003,15719.220000000001,5239.740000000001,SATURDAY,NH,H,WHH
Christ College ATM,17-11-2012,118,54,64,10823.560000000001,6075.63,4747.93,SATURDAY,NH,H,WHH
Mount Road ATM,18-11-2012,1,1,0,7.48,7.48,0.0,SUNDAY,NH,H,HHW
Airport ATM,18-11-2012,97,75,22,8158.81,7440.7300000000005,718.08,SUNDAY,NH,H,HHW
KK Nagar ATM,18-11-2012,114,74,40,6530.040000000001,4611.42,1918.6200000000001,SUNDAY,NH,H,HHW
Christ College ATM,18-11-2012,77,26,51,4471.17,1510.96,2960.21,SUNDAY,NH,H,HHW
Big Street ATM,19-11-2012,86,32,54,6223.360000000001,3653.9800000000005,2569.38,SUNDAY,NH,H,HHW
Mount Road ATM,19-11-2012,132,57,75,6326.21,3225.7500000000005,3100.46,SUNDAY,NH,H,HHW
Airport ATM,19-11-2012,107,67,40,9724.0,7392.110000000001,2331.8900000000003,SUNDAY,NH,H,HHW
KK Nagar ATM,19-11-2012,266,178,88,18335.350000000002,12848.77,5486.580000000001,SUNDAY,NH,H,HHW
Christ College ATM,19-11-2012,66,27,39,3786.7500000000005,1735.3600000000001,2051.3900000000003,SUNDAY,NH,H,HHW
Big Street ATM,20-11-2012,81,29,52,5194.860000000001,2316.9300000000003,2877.9300000000003,SUNDAY,NH,H,HHW
Mount Road ATM,20-11-2012,197,102,95,12790.800000000001,8388.82,4401.9800000000005,SUNDAY,NH,H,HHW
Airport ATM,20-11-2012,96,69,27,6257.02,5000.38,1256.64,SUNDAY,NH,H,HHW
KK Nagar ATM,20-11-2012,239,173,66,15786.54,12607.54,3179.0000000000005,SUNDAY,NH,H,HHW
Christ College ATM,20-11-2012,81,50,31,6285.070000000001,4428.160000000001,1856.91,SUNDAY,NH,H,HHW
Big Street ATM,21-11-2012,86,28,58,5351.9400000000005,2816.2200000000003,2535.7200000000003,SUNDAY,NH,H,HHW
Mount Road ATM,21-11-2012,162,81,81,7908.2300000000005,4976.070000000001,2932.1600000000003,SUNDAY,NH,H,HHW
Airport ATM,21-11-2012,93,65,28,6597.360000000001,5202.34,1395.0200000000002,SUNDAY,NH,H,HHW
KK Nagar ATM,21-11-2012,219,156,63,16351.28,11997.92,4353.360000000001,SUNDAY,NH,H,HHW
Christ College ATM,21-11-2012,80,52,28,7979.290000000001,5972.780000000001,2006.5100000000002,SUNDAY,NH,H,HHW
Big Street ATM,22-11-2012,78,27,51,4383.280000000001,1823.2500000000002,2560.03,SUNDAY,NH,H,HHW
Mount Road ATM,22-11-2012,130,69,61,7558.540000000001,5718.46,1840.0800000000002,SUNDAY,NH,H,HHW
Airport ATM,22-11-2012,104,85,19,10352.320000000002,9464.070000000002,888.2500000000001,SUNDAY,NH,H,HHW
KK Nagar ATM,22-11-2012,250,178,72,17729.47,12672.990000000002,5056.4800000000005,SUNDAY,NH,H,HHW
Christ College ATM,22-11-2012,82,45,37,6281.330000000001,4716.14,1565.19,SUNDAY,NH,H,HHW
Big Street ATM,23-11-2012,85,23,62,4890.05,1931.71,2958.34,SUNDAY,NH,H,HHW
Mount Road ATM,23-11-2012,45,24,21,1520.3100000000002,1219.24,301.07000000000005,SUNDAY,NH,H,HHW
Airport ATM,23-11-2012,92,66,26,7130.31,6049.450000000001,1080.8600000000001,SUNDAY,NH,H,HHW
KK Nagar ATM,23-11-2012,218,157,61,15571.490000000002,12024.1,3547.3900000000003,SUNDAY,NH,H,HHW
Christ College ATM,23-11-2012,96,54,42,7999.860000000001,5653.01,2346.8500000000004,SUNDAY,NH,H,HHW
Big Street ATM,24-11-2012,85,20,65,4716.14,1217.3700000000001,3498.7700000000004,SATURDAY,NH,H,WHH
Mount Road ATM,24-11-2012,161,73,88,8220.52,4880.700000000001,3339.82,SATURDAY,NH,H,WHH
Airport ATM,24-11-2012,88,69,19,8093.360000000001,7360.320000000001,733.0400000000001,SATURDAY,NH,H,WHH
KK Nagar ATM,24-11-2012,293,205,88,27186.06,18546.66,8639.400000000001,SATURDAY,NH,H,WHH
Christ College ATM,24-11-2012,86,44,42,6393.530000000001,4843.3,1550.23,SATURDAY,NH,H,WHH
Big Street ATM,25-11-2012,80,22,58,3977.4900000000002,1034.1100000000001,2943.38,SUNDAY,M,H,HHW
Mount Road ATM,25-11-2012,36,13,23,1787.72,650.76,1136.96,SUNDAY,M,H,HHW
Airport ATM,25-11-2012,79,66,13,6724.52,6232.71,491.81000000000006,SUNDAY,M,H,HHW
KK Nagar ATM,25-11-2012,120,79,41,8740.380000000001,5929.77,2810.61,SUNDAY,M,H,HHW
Christ College ATM,25-11-2012,83,36,47,4444.990000000001,1675.5200000000002,2769.4700000000003,SUNDAY,M,H,HHW
Big Street ATM,26-11-2012,90,32,58,5434.22,3414.6200000000003,2019.6000000000001,SUNDAY,M,H,HHW
Mount Road ATM,26-11-2012,126,73,53,7635.210000000001,4718.01,2917.2000000000003,SUNDAY,M,H,HHW
Airport ATM,26-11-2012,94,71,23,5899.85,4929.320000000001,970.5300000000001,SUNDAY,M,H,HHW
KK Nagar ATM,26-11-2012,260,211,49,22683.100000000002,19879.97,2803.13,SUNDAY,M,H,HHW
Christ College ATM,26-11-2012,78,49,29,6730.13,5063.96,1666.17,SUNDAY,M,H,HHW
Big Street ATM,27-11-2012,78,34,44,5093.88,2535.7200000000003,2558.1600000000003,SUNDAY,M,H,HHW
Mount Road ATM,27-11-2012,131,65,66,5907.330000000001,3975.6200000000003,1931.71,SUNDAY,M,H,HHW
Airport ATM,27-11-2012,85,70,15,4843.3,4108.39,734.9100000000001,SUNDAY,M,H,HHW
KK Nagar ATM,27-11-2012,195,166,29,11889.460000000001,10303.7,1585.7600000000002,SUNDAY,M,H,HHW
Christ College ATM,27-11-2012,97,51,46,8224.26,5009.7300000000005,3214.53,SUNDAY,M,H,HHW
Big Street ATM,28-11-2012,76,16,60,2862.9700000000003,1007.9300000000001,1855.0400000000002,SUNDAY,M,H,HHW
Mount Road ATM,28-11-2012,139,71,68,7640.820000000001,3968.1400000000003,3672.6800000000003,SUNDAY,M,H,HHW
Airport ATM,28-11-2012,95,74,21,7859.610000000001,6713.3,1146.3100000000002,SUNDAY,M,H,HHW
KK Nagar ATM,28-11-2012,221,147,74,20945.870000000003,13974.51,6971.360000000001,SUNDAY,M,H,HHW
Christ College ATM,28-11-2012,97,52,45,8888.11,6286.9400000000005,2601.17,SUNDAY,M,H,HHW
Big Street ATM,29-11-2012,81,19,62,5387.47,1840.0800000000002,3547.3900000000003,SUNDAY,M,H,HHW
Mount Road ATM,29-11-2012,136,80,56,5802.610000000001,3702.6000000000004,2100.01,SUNDAY,M,H,HHW
Airport ATM,29-11-2012,50,41,9,4833.950000000001,4332.79,501.16,SUNDAY,M,H,HHW
KK Nagar ATM,29-11-2012,233,173,60,18183.88,13226.51,4957.370000000001,SUNDAY,M,H,HHW
Christ College ATM,29-11-2012,99,53,46,7659.52,5806.35,1853.17,SUNDAY,M,H,HHW
Big Street ATM,30-11-2012,96,25,71,6371.09,1583.89,4787.200000000001,SUNDAY,M,H,HHW
Mount Road ATM,30-11-2012,187,102,85,12940.400000000001,8226.130000000001,4714.27,SUNDAY,M,H,HHW
Airport ATM,30-11-2012,113,85,28,8889.980000000001,6775.01,2114.9700000000003,SUNDAY,M,H,HHW
KK Nagar ATM,30-11-2012,259,182,77,22202.510000000002,16656.09,5546.42,SUNDAY,M,H,HHW
Christ College ATM,30-11-2012,111,49,62,9566.92,4609.55,4957.370000000001,SUNDAY,M,H,HHW
Big Street ATM,1/12/2012,117,28,89,8098.97,2275.79,5823.18,SATURDAY,NH,H,WHH
Mount Road ATM,1/12/2012,184,85,99,13164.800000000001,9075.11,4089.6900000000005,SATURDAY,NH,H,WHH
Airport ATM,1/12/2012,127,94,33,9927.83,7291.13,2636.7000000000003,SATURDAY,NH,H,WHH
KK Nagar ATM,1/12/2012,309,212,97,30237.9,21604.11,8633.79,SATURDAY,NH,H,WHH
Christ College ATM,1/12/2012,143,71,72,14797.310000000001,8646.880000000001,6150.43,SATURDAY,NH,H,WHH
Big Street ATM,2/12/2012,141,38,103,8089.620000000001,3336.0800000000004,4753.54,SUNDAY,NH,H,HHW
Mount Road ATM,2/12/2012,219,53,166,16012.810000000001,7266.820000000001,8745.99,SUNDAY,NH,H,HHW
Airport ATM,2/12/2012,106,69,37,9217.230000000001,6715.17,2502.0600000000004,SUNDAY,NH,H,HHW
KK Nagar ATM,2/12/2012,242,120,122,18883.260000000002,9445.37,9437.890000000001,SUNDAY,NH,H,HHW
Christ College ATM,2/12/2012,181,50,131,15158.220000000001,5224.780000000001,9933.44,SUNDAY,NH,H,HHW
Big Street ATM,3/12/2012,105,24,81,7446.34,2477.75,4968.59,SUNDAY,NH,H,HHW
Mount Road ATM,3/12/2012,181,72,109,13002.11,6645.9800000000005,6356.13,SUNDAY,NH,H,HHW
Airport ATM,3/12/2012,95,68,27,11182.6,7513.660000000001,3668.94,SUNDAY,NH,H,HHW
KK Nagar ATM,3/12/2012,239,173,66,21366.620000000003,15900.61,5466.01,SUNDAY,NH,H,HHW
Christ College ATM,3/12/2012,132,43,89,10062.470000000001,3261.28,6801.1900000000005,SUNDAY,NH,H,HHW
Big Street ATM,4/12/2012,127,30,97,8340.2,2376.77,5963.43,SUNDAY,NH,H,HHW
Mount Road ATM,4/12/2012,212,80,132,14976.830000000002,7152.750000000001,7824.080000000001,SUNDAY,NH,H,HHW
Airport ATM,4/12/2012,87,72,15,7889.530000000001,6885.34,1004.19,SUNDAY,NH,H,HHW
KK Nagar ATM,4/12/2012,255,190,65,22022.99,16880.49,5142.5,SUNDAY,NH,H,HHW
Christ College ATM,4/12/2012,139,60,79,12687.95,5776.43,6911.52,SUNDAY,NH,H,HHW
Big Street ATM,5/12/2012,112,32,80,7177.06,2952.73,4224.33,SUNDAY,NH,H,HHW
Mount Road ATM,5/12/2012,192,96,96,12702.910000000002,6582.400000000001,6120.51,SUNDAY,NH,H,HHW
Airport ATM,5/12/2012,95,66,29,10253.210000000001,7983.030000000001,2270.1800000000003,SUNDAY,NH,H,HHW
KK Nagar ATM,5/12/2012,296,211,85,27530.140000000003,21390.93,6139.21,SUNDAY,NH,H,HHW
Christ College ATM,5/12/2012,147,56,91,14967.480000000001,6743.22,8224.26,SUNDAY,NH,H,HHW
Big Street ATM,6/12/2012,82,24,58,5017.21,1537.14,3480.07,SUNDAY,NH,H,HHW
Mount Road ATM,6/12/2012,169,80,89,9679.12,5196.7300000000005,4482.39,SUNDAY,NH,H,HHW
Airport ATM,6/12/2012,139,88,51,11737.990000000002,9353.74,2384.25,SUNDAY,NH,H,HHW
KK Nagar ATM,6/12/2012,263,185,78,23687.29,17073.100000000002,6614.1900000000005,SUNDAY,NH,H,HHW
Christ College ATM,6/12/2012,146,56,90,10945.11,4319.700000000001,6625.410000000001,SUNDAY,NH,H,HHW
Big Street ATM,7/12/2012,98,29,69,6902.17,2386.1200000000003,4516.05,SUNDAY,NH,H,HHW
Mount Road ATM,7/12/2012,138,74,64,9091.94,5856.84,3235.1000000000004,SUNDAY,NH,H,HHW
Airport ATM,7/12/2012,143,81,62,13714.580000000002,8622.570000000002,5092.01,SUNDAY,NH,H,HHW
KK Nagar ATM,7/12/2012,241,187,54,16700.97,13387.330000000002,3313.6400000000003,SUNDAY,NH,H,HHW
Christ College ATM,7/12/2012,119,55,64,9871.730000000001,5697.89,4173.84,SUNDAY,NH,H,HHW
Big Street ATM,8/12/2012,90,30,60,6775.01,3934.4800000000005,2840.53,SATURDAY,NH,H,WHH
Mount Road ATM,8/12/2012,234,114,120,15074.070000000002,9275.2,5798.870000000001,SATURDAY,NH,H,WHH
Airport ATM,8/12/2012,148,106,42,14565.43,11206.910000000002,3358.5200000000004,SATURDAY,NH,H,WHH
KK Nagar ATM,8/12/2012,320,224,96,25392.730000000003,18623.33,6769.400000000001,SATURDAY,NH,H,WHH
Christ College ATM,8/12/2012,146,81,65,14378.43,9275.2,5103.2300000000005,SATURDAY,NH,H,WHH
Big Street ATM,9/12/2012,113,24,89,6129.860000000001,2346.8500000000004,3783.01,SUNDAY,NH,H,HHW
Mount Road ATM,9/12/2012,150,53,97,7706.27,3347.3,4358.97,SUNDAY,NH,H,HHW
Airport ATM,9/12/2012,111,62,49,8472.970000000001,6296.290000000001,2176.6800000000003,SUNDAY,NH,H,HHW
KK Nagar ATM,9/12/2012,56,34,22,3629.67,2113.1000000000004,1516.5700000000002,SUNDAY,NH,H,HHW
Christ College ATM,9/12/2012,108,46,62,8222.390000000001,3760.57,4461.820000000001,SUNDAY,NH,H,HHW
Big Street ATM,10/12/2012,95,27,68,5623.09,2315.06,3308.03,SUNDAY,NH,H,HHW
Mount Road ATM,10/12/2012,189,113,76,13574.330000000002,10382.240000000002,3192.09,SUNDAY,NH,H,HHW
Airport ATM,10/12/2012,95,59,36,9346.26,7429.51,1916.7500000000002,SUNDAY,NH,H,HHW
KK Nagar ATM,10/12/2012,257,179,78,20411.050000000003,15135.78,5275.27,SUNDAY,NH,H,HHW
Christ College ATM,10/12/2012,106,52,54,8910.550000000001,4998.51,3912.0400000000004,SUNDAY,NH,H,HHW
Big Street ATM,11/12/2012,85,26,59,6083.110000000001,2603.04,3480.07,SUNDAY,NH,H,HHW
Mount Road ATM,11/12/2012,119,67,52,7079.820000000001,5082.660000000001,1997.16,SUNDAY,NH,H,HHW
Airport ATM,11/12/2012,100,81,19,9480.900000000001,8508.5,972.4000000000001,SUNDAY,NH,H,HHW
KK Nagar ATM,11/12/2012,323,259,64,26957.920000000002,22127.710000000003,4830.21,SUNDAY,NH,H,HHW
Christ College ATM,11/12/2012,125,50,75,10892.75,4734.84,6157.910000000001,SUNDAY,NH,H,HHW
Big Street ATM,12/12/2012,90,15,75,6847.9400000000005,1617.5500000000002,5230.39,SUNDAY,NH,H,HHW
Mount Road ATM,12/12/2012,167,93,74,12820.720000000001,9209.75,3610.9700000000003,SUNDAY,NH,H,HHW
Airport ATM,12/12/2012,130,110,20,12171.830000000002,11096.58,1075.25,SUNDAY,NH,H,HHW
KK Nagar ATM,12/12/2012,282,222,60,21695.74,17346.120000000003,4349.62,SUNDAY,NH,H,HHW
Christ College ATM,12/12/2012,109,44,65,7609.030000000001,2730.2000000000003,4878.83,SUNDAY,NH,H,HHW
Big Street ATM,13-12-2012,90,29,61,6335.56,3811.0600000000004,2524.5,SUNDAY,NH,H,HHW
Mount Road ATM,13-12-2012,163,96,67,10625.34,7375.280000000001,3250.0600000000004,SUNDAY,NH,H,HHW
Airport ATM,13-12-2012,57,43,14,4749.8,3444.5400000000004,1305.26,SUNDAY,NH,H,HHW
KK Nagar ATM,13-12-2012,201,148,53,16439.170000000002,12824.460000000001,3614.71,SUNDAY,NH,H,HHW
Christ College ATM,13-12-2012,116,43,73,9583.75,3653.9800000000005,5929.77,SUNDAY,NH,H,HHW
Big Street ATM,14-12-2012,76,23,53,5770.820000000001,2795.65,2975.17,SUNDAY,NH,H,HHW
Mount Road ATM,14-12-2012,155,71,84,8979.74,5200.47,3779.2700000000004,SUNDAY,NH,H,HHW
Airport ATM,14-12-2012,94,66,28,8444.92,6948.92,1496.0,SUNDAY,NH,H,HHW
KK Nagar ATM,14-12-2012,229,187,42,16138.1,13538.800000000001,2599.3,SUNDAY,NH,H,HHW
Christ College ATM,14-12-2012,80,43,37,6846.070000000001,4727.360000000001,2118.71,SUNDAY,NH,H,HHW
Big Street ATM,15-12-2012,120,23,97,7595.9400000000005,1989.68,5606.26,SATURDAY,NH,H,WHH
Mount Road ATM,15-12-2012,173,84,89,10417.77,6844.200000000001,3573.57,SATURDAY,NH,H,WHH
Airport ATM,15-12-2012,117,94,23,10625.34,8618.83,2006.5100000000002,SATURDAY,NH,H,WHH
KK Nagar ATM,15-12-2012,271,220,51,24994.420000000002,21624.68,3369.7400000000002,SATURDAY,NH,H,WHH
Christ College ATM,15-12-2012,105,53,52,10634.69,7046.160000000001,3588.53,SATURDAY,NH,H,WHH
Big Street ATM,16-12-2012,118,23,95,6528.17,1926.1000000000001,4602.070000000001,SUNDAY,NH,H,HHW
Mount Road ATM,16-12-2012,167,29,138,5198.6,804.1,4394.5,SUNDAY,NH,H,HHW
Airport ATM,16-12-2012,107,77,30,8046.610000000001,6144.820000000001,1901.7900000000002,SUNDAY,NH,H,HHW
KK Nagar ATM,16-12-2012,108,77,31,6651.59,5196.7300000000005,1454.8600000000001,SUNDAY,NH,H,HHW
Christ College ATM,16-12-2012,119,33,86,5894.240000000001,1806.42,4087.82,SUNDAY,NH,H,HHW
Big Street ATM,17-12-2012,95,32,63,5447.31,1707.3100000000002,3740.0000000000005,SUNDAY,NH,H,HHW
Mount Road ATM,17-12-2012,171,81,90,10950.720000000001,5088.27,5862.450000000001,SUNDAY,NH,H,HHW
Airport ATM,17-12-2012,110,70,40,9838.070000000002,6333.6900000000005,3504.38,SUNDAY,NH,H,HHW
KK Nagar ATM,17-12-2012,221,182,39,21922.010000000002,19404.99,2517.02,SUNDAY,NH,H,HHW
Christ College ATM,17-12-2012,94,51,43,5189.25,2591.82,2597.4300000000003,SUNDAY,NH,H,HHW
Big Street ATM,18-12-2012,76,22,54,4523.530000000001,1439.9,3083.63,SUNDAY,NH,H,HHW
Mount Road ATM,18-12-2012,190,84,106,10520.62,5776.43,4744.1900000000005,SUNDAY,NH,H,HHW
Airport ATM,18-12-2012,101,66,35,9413.58,6844.200000000001,2569.38,SUNDAY,NH,H,HHW
KK Nagar ATM,18-12-2012,208,174,34,17516.29,14647.710000000001,2868.5800000000004,SUNDAY,NH,H,HHW
Christ College ATM,18-12-2012,106,52,54,8018.56,4701.18,3317.38,SUNDAY,NH,H,HHW
Big Street ATM,19-12-2012,77,19,58,4229.9400000000005,1381.93,2848.01,SUNDAY,NH,H,HHW
Mount Road ATM,19-12-2012,195,73,122,15420.02,7177.06,8242.960000000001,SUNDAY,NH,H,HHW
Airport ATM,19-12-2012,124,84,40,10247.6,8160.68,2086.92,SUNDAY,NH,H,HHW
KK Nagar ATM,19-12-2012,244,196,48,18969.280000000002,16628.04,2341.2400000000002,SUNDAY,NH,H,HHW
Christ College ATM,19-12-2012,107,43,64,6066.280000000001,3293.07,2773.21,SUNDAY,NH,H,HHW
Big Street ATM,20-12-2012,90,28,62,5370.64,2040.17,3330.4700000000003,SUNDAY,NH,H,HHW
Mount Road ATM,20-12-2012,188,84,104,10013.85,5409.910000000001,4603.9400000000005,SUNDAY,NH,H,HHW
Airport ATM,20-12-2012,92,65,27,7698.790000000001,6427.1900000000005,1271.6000000000001,SUNDAY,NH,H,HHW
KK Nagar ATM,20-12-2012,212,181,31,16250.300000000001,15204.970000000001,1045.3300000000002,SUNDAY,NH,H,HHW
Christ College ATM,20-12-2012,106,65,41,9752.050000000001,7150.88,2601.17,SUNDAY,NH,H,HHW
Big Street ATM,21-12-2012,77,26,51,5696.02,3579.1800000000003,2116.84,SUNDAY,NH,H,HHW
Mount Road ATM,21-12-2012,116,71,45,7412.68,5063.96,2348.7200000000003,SUNDAY,NH,H,HHW
Airport ATM,21-12-2012,107,79,28,8317.76,6688.990000000001,1628.7700000000002,SUNDAY,NH,H,HHW
KK Nagar ATM,21-12-2012,239,192,47,20420.4,16897.32,3523.0800000000004,SUNDAY,NH,H,HHW
Christ College ATM,21-12-2012,92,64,28,6601.1,5512.76,1088.3400000000001,SUNDAY,NH,H,HHW
Big Street ATM,22-12-2012,130,31,99,8153.200000000001,2634.8300000000004,5518.370000000001,SATURDAY,NH,H,WHH
Mount Road ATM,22-12-2012,162,79,83,10601.03,6432.8,4168.2300000000005,SATURDAY,NH,H,WHH
Airport ATM,22-12-2012,104,72,32,8970.390000000001,6821.76,2148.63,SATURDAY,NH,H,WHH
KK Nagar ATM,22-12-2012,291,212,79,22382.030000000002,16074.52,6307.51,SATURDAY,NH,H,WHH
Christ College ATM,22-12-2012,84,55,29,8175.64,6629.150000000001,1546.49,SATURDAY,NH,H,WHH
Big Street ATM,23-12-2012,67,21,46,4127.09,2068.2200000000003,2058.8700000000003,SUNDAY,NH,H,HHW
Mount Road ATM,23-12-2012,160,42,118,7796.030000000001,2790.0400000000004,5005.990000000001,SUNDAY,NH,H,HHW
Airport ATM,23-12-2012,76,52,24,5170.55,3917.65,1252.9,SUNDAY,NH,H,HHW
KK Nagar ATM,23-12-2012,146,110,36,8545.900000000001,6348.650000000001,2197.25,SUNDAY,NH,H,HHW
Christ College ATM,23-12-2012,78,28,50,6707.6900000000005,2848.01,3859.6800000000003,SUNDAY,NH,H,HHW
Big Street ATM,24-12-2012,97,30,67,6804.93,2838.6600000000003,3966.2700000000004,SUNDAY,NH,H,HHW
Mount Road ATM,24-12-2012,144,69,75,9249.02,5647.400000000001,3601.6200000000003,SUNDAY,NH,H,HHW
Airport ATM,24-12-2012,84,63,21,8832.01,7997.990000000001,834.0200000000001,SUNDAY,NH,H,HHW
KK Nagar ATM,24-12-2012,243,189,54,21976.24,17783.7,4192.54,SUNDAY,NH,H,HHW
Christ College ATM,24-12-2012,108,49,59,6724.52,3270.63,3453.8900000000003,SUNDAY,NH,H,HHW
Big Street ATM,25-12-2012,76,26,50,4401.9800000000005,2460.92,1941.0600000000002,TUESDAY,C,H,WHW
Mount Road ATM,25-12-2012,85,41,44,4306.610000000001,3459.5000000000005,847.11,TUESDAY,C,H,WHW
Airport ATM,25-12-2012,76,60,16,4600.200000000001,4252.38,347.82000000000005,TUESDAY,C,H,WHW
KK Nagar ATM,25-12-2012,111,79,32,7193.89,5192.990000000001,2000.9,TUESDAY,C,H,WHW
Christ College ATM,25-12-2012,68,36,32,3048.1000000000004,1871.8700000000001,1176.23,TUESDAY,C,H,WHW
Big Street ATM,26-12-2012,89,29,60,3941.9600000000005,1795.2,2146.76,TUESDAY,C,H,WHW
Mount Road ATM,26-12-2012,114,64,50,8332.720000000001,5739.030000000001,2593.69,TUESDAY,C,H,WHW
Airport ATM,26-12-2012,101,69,32,6434.67,5170.55,1264.1200000000001,TUESDAY,C,H,WHW
KK Nagar ATM,26-12-2012,243,169,74,18127.780000000002,13566.85,4560.93,TUESDAY,C,H,WHW
Christ College ATM,26-12-2012,105,47,58,8989.09,4011.15,4977.9400000000005,TUESDAY,C,H,WHW
Big Street ATM,27-12-2012,94,48,46,6417.84,4495.4800000000005,1922.3600000000001,TUESDAY,C,H,WHW
Mount Road ATM,27-12-2012,133,70,63,7442.6,4951.76,2490.84,TUESDAY,C,H,WHW
Airport ATM,27-12-2012,121,88,33,6786.2300000000005,5353.81,1432.42,TUESDAY,C,H,WHW
KK Nagar ATM,27-12-2012,212,169,43,20356.82,17196.52,3160.3,TUESDAY,C,H,WHW
Christ College ATM,27-12-2012,100,41,59,8046.610000000001,3988.7100000000005,4057.9,TUESDAY,C,H,WHW
Big Street ATM,28-12-2012,109,56,53,8764.69,6535.650000000001,2229.04,TUESDAY,C,H,WHW
Mount Road ATM,28-12-2012,126,69,57,9095.68,5170.55,3925.13,TUESDAY,C,H,WHW
Airport ATM,28-12-2012,53,37,16,3321.1200000000003,2528.2400000000002,792.8800000000001,TUESDAY,C,H,WHW
KK Nagar ATM,28-12-2012,195,152,43,15973.54,12912.35,3061.19,TUESDAY,C,H,WHW
Christ College ATM,28-12-2012,80,41,39,4574.02,2797.52,1776.5000000000002,TUESDAY,C,H,WHW
Big Street ATM,29-12-2012,98,39,59,4942.410000000001,1948.5400000000002,2993.8700000000003,SATURDAY,NH,H,WHH
Mount Road ATM,29-12-2012,85,43,42,3205.1800000000003,1673.65,1531.5300000000002,SATURDAY,NH,H,WHH
Airport ATM,29-12-2012,33,22,11,2737.6800000000003,1905.5300000000002,832.1500000000001,SATURDAY,NH,H,WHH
KK Nagar ATM,29-12-2012,233,177,56,18539.18,14602.830000000002,3936.3500000000004,SATURDAY,NH,H,WHH
Christ College ATM,29-12-2012,103,51,52,10271.91,5273.400000000001,4998.51,SATURDAY,NH,H,WHH
Big Street ATM,30-12-2012,106,29,77,7031.200000000001,2992.0,4039.2000000000003,SUNDAY,NH,H,HHW
Mount Road ATM,30-12-2012,117,45,72,4910.620000000001,2756.38,2154.2400000000002,SUNDAY,NH,H,HHW
Airport ATM,30-12-2012,107,81,26,8280.36,7287.39,992.97,SUNDAY,NH,H,HHW
KK Nagar ATM,30-12-2012,140,92,48,8411.26,5342.59,3068.67,SUNDAY,NH,H,HHW
Christ College ATM,30-12-2012,69,26,43,3171.5200000000004,791.0100000000001,2380.51,SUNDAY,NH,H,HHW
Big Street ATM,31-12-2012,118,31,87,6812.410000000001,2612.3900000000003,4200.02,SUNDAY,NH,H,HHW
Mount Road ATM,31-12-2012,251,130,121,19406.86,12179.310000000001,7227.55,SUNDAY,NH,H,HHW
Airport ATM,31-12-2012,155,121,34,15358.310000000001,13168.54,2189.77,SUNDAY,NH,H,HHW
KK Nagar ATM,31-12-2012,370,275,95,29689.99,22913.11,6776.88,SUNDAY,NH,H,HHW
Christ College ATM,31-12-2012,105,58,47,7137.790000000001,4888.18,2249.61,SUNDAY,NH,H,HHW
Big Street ATM,1/1/2013,125,26,99,7596.84,1336.3500000000001,6260.49,TUESDAY,C,H,WHW
Mount Road ATM,1/1/2013,144,49,95,6688.83,2747.04,3941.79,TUESDAY,C,H,WHW
Airport ATM,1/1/2013,78,58,20,5582.58,4763.07,819.51,TUESDAY,C,H,WHW
KK Nagar ATM,1/1/2013,268,176,92,22836.54,16420.29,6416.25,TUESDAY,C,H,WHW
Christ College ATM,1/1/2013,95,39,56,7559.67,4171.89,3387.78,TUESDAY,C,H,WHW
Big Street ATM,2/1/2013,108,32,76,7097.7,2196.57,4901.13,WEDNESDAY,NH,W,HWW
Mount Road ATM,2/1/2013,191,97,94,13669.710000000001,8216.34,5453.37,WEDNESDAY,NH,W,HWW
Airport ATM,2/1/2013,137,109,28,11871.39,9927.93,1943.46,WEDNESDAY,NH,W,HWW
KK Nagar ATM,2/1/2013,346,267,79,30275.850000000002,23273.73,7002.12,WEDNESDAY,NH,W,HWW
Christ College ATM,2/1/2013,106,40,66,8002.17,3040.86,4961.31,WEDNESDAY,NH,W,HWW
Big Street ATM,3/1/2013,94,29,65,5571.96,1635.48,3936.48,THURSDAY,NH,W,WWW
Mount Road ATM,3/1/2013,188,92,96,13064.37,7386.21,5678.16,THURSDAY,NH,W,WWW
Airport ATM,3/1/2013,91,68,23,8508.39,6768.4800000000005,1739.91,THURSDAY,NH,W,WWW
KK Nagar ATM,3/1/2013,304,241,63,26978.34,21827.64,5150.7,THURSDAY,NH,W,WWW
Christ College ATM,3/1/2013,117,66,51,11887.32,8193.33,3693.9900000000002,THURSDAY,NH,W,WWW
Big Street ATM,4/1/2013,104,33,71,6317.13,2564.73,3752.4,FRIDAY,NH,W,WHH
Mount Road ATM,4/1/2013,185,100,85,11205.87,7088.85,4117.02,FRIDAY,NH,W,WHH
Airport ATM,4/1/2013,104,78,26,8949.12,7529.58,1419.54,FRIDAY,NH,W,WHH
KK Nagar ATM,4/1/2013,305,234,71,30049.29,24523.350000000002,5525.9400000000005,FRIDAY,NH,W,WHH
Christ College ATM,4/1/2013,143,56,87,12087.33,6218.01,5869.32,FRIDAY,NH,W,WHH
Big Street ATM,5/1/2013,47,23,24,2633.76,1030.14,1603.6200000000001,SATURDAY,NH,H,HHW
Mount Road ATM,5/1/2013,245,106,139,17400.87,9874.83,7526.04,SATURDAY,NH,H,HHW
Airport ATM,5/1/2013,169,124,45,18301.8,14521.08,3780.7200000000003,SATURDAY,NH,H,HHW
KK Nagar ATM,5/1/2013,248,189,59,18269.94,14271.51,3998.4300000000003,SATURDAY,NH,H,HHW
Christ College ATM,5/1/2013,160,66,94,13241.37,6646.35,6595.02,SATURDAY,NH,H,HHW
Big Street ATM,6/1/2013,95,25,70,5437.4400000000005,1738.14,3699.3,SUNDAY,NH,H,HWW
Mount Road ATM,6/1/2013,233,61,172,10327.95,4125.87,6202.08,SUNDAY,NH,H,HWW
Airport ATM,6/1/2013,105,62,43,6646.35,4757.76,1888.5900000000001,SUNDAY,NH,H,HWW
KK Nagar ATM,6/1/2013,131,94,37,9607.56,7014.51,2593.05,SUNDAY,NH,H,HWW
Christ College ATM,6/1/2013,65,34,31,5189.64,3313.44,1876.2,SUNDAY,NH,H,HWW
Big Street ATM,7/1/2013,99,28,71,4840.95,1539.9,3301.05,MONDAY,NH,W,WWW
Mount Road ATM,7/1/2013,152,86,66,7504.8,4699.35,2805.4500000000003,MONDAY,NH,W,WWW
Airport ATM,7/1/2013,152,107,45,15276.87,11850.15,3426.7200000000003,MONDAY,NH,W,WWW
KK Nagar ATM,7/1/2013,296,248,48,24227.760000000002,20864.760000000002,3363.0,MONDAY,NH,W,WWW
Christ College ATM,7/1/2013,140,56,84,13506.87,4991.400000000001,8515.47,MONDAY,NH,W,WWW
Big Street ATM,8/1/2013,68,22,46,4294.02,1633.71,2660.31,TUESDAY,NH,W,WWW
Mount Road ATM,8/1/2013,204,103,101,10662.48,6225.09,4437.39,TUESDAY,NH,W,WWW
Airport ATM,8/1/2013,135,97,38,10784.61,9071.25,1713.3600000000001,TUESDAY,NH,W,WWW
KK Nagar ATM,8/1/2013,265,219,46,19953.21,16891.11,3062.1,TUESDAY,NH,W,WWW
Christ College ATM,8/1/2013,114,41,73,9697.83,4237.38,5460.45,TUESDAY,NH,W,WWW
Big Street ATM,9/1/2013,73,22,51,3810.81,1463.79,2347.02,WEDNESDAY,NH,W,WWW
Mount Road ATM,9/1/2013,217,108,109,11823.6,7412.76,4410.84,WEDNESDAY,NH,W,WWW
Airport ATM,9/1/2013,113,81,32,9625.26,7308.33,2316.93,WEDNESDAY,NH,W,WWW
KK Nagar ATM,9/1/2013,242,192,50,19999.23,16698.18,3301.05,WEDNESDAY,NH,W,WWW
Christ College ATM,9/1/2013,152,67,85,12512.130000000001,6881.76,5630.37,WEDNESDAY,NH,W,WWW
Big Street ATM,10/1/2013,100,33,67,5947.2,3555.9300000000003,2391.27,THURSDAY,NH,W,WWW
Mount Road ATM,10/1/2013,168,92,76,13117.470000000001,10156.26,2961.21,THURSDAY,NH,W,WWW
Airport ATM,10/1/2013,132,98,34,12554.61,9784.56,2770.05,THURSDAY,NH,W,WWW
KK Nagar ATM,10/1/2013,286,236,50,27341.190000000002,23974.65,3366.54,THURSDAY,NH,W,WWW
Christ College ATM,10/1/2013,118,45,73,10069.53,4708.2,5361.33,THURSDAY,NH,W,WWW
Big Street ATM,11/1/2013,106,36,70,6046.32,2768.28,3278.04,FRIDAY,NH,W,WWH
Mount Road ATM,11/1/2013,218,88,130,10439.460000000001,5214.42,5225.04,FRIDAY,NH,W,WWH
Airport ATM,11/1/2013,132,108,24,12998.880000000001,11529.78,1469.1000000000001,FRIDAY,NH,W,WWH
KK Nagar ATM,11/1/2013,311,235,76,27942.99,22418.82,5524.17,FRIDAY,NH,W,WWH
Christ College ATM,11/1/2013,179,61,118,16121.16,6377.31,9743.85,FRIDAY,NH,W,WWH
Big Street ATM,12/1/2013,111,35,76,5828.610000000001,2709.87,3118.7400000000002,SATURDAY,NH,H,HHH
Mount Road ATM,12/1/2013,215,89,126,9982.800000000001,4747.14,5235.66,SATURDAY,NH,H,HHH
Airport ATM,12/1/2013,140,113,27,12329.82,10572.210000000001,1757.6100000000001,SATURDAY,NH,H,HHH
KK Nagar ATM,12/1/2013,284,190,94,19264.68,13864.41,5400.27,SATURDAY,NH,H,HHH
Christ College ATM,12/1/2013,84,38,46,5894.1,3003.69,2890.41,SATURDAY,NH,H,HHH
Big Street ATM,13-01-2013,103,20,83,5129.46,1196.52,3932.94,SUNDAY,NH,H,HHH
Mount Road ATM,13-01-2013,138,37,101,6097.650000000001,2584.2000000000003,3513.4500000000003,SUNDAY,NH,H,HHH
Airport ATM,13-01-2013,94,67,27,6984.42,5109.99,1874.43,SUNDAY,NH,H,HHH
KK Nagar ATM,13-01-2013,234,137,97,14906.94,9235.86,5671.08,SUNDAY,NH,H,HHH
Christ College ATM,13-01-2013,104,30,74,5642.76,1603.6200000000001,4039.1400000000003,SUNDAY,NH,H,HHH
Big Street ATM,14-01-2013,96,20,76,4759.53,1718.67,3040.86,MONDAY,H,H,HHH
Mount Road ATM,14-01-2013,4,2,2,46.02,35.4,10.620000000000001,MONDAY,H,H,HHH
Airport ATM,14-01-2013,41,30,11,3079.8,2092.14,987.6600000000001,MONDAY,H,H,HHH
KK Nagar ATM,14-01-2013,153,104,49,7064.070000000001,4828.56,2235.51,MONDAY,H,H,HHH
Christ College ATM,14-01-2013,60,18,42,2938.2000000000003,1456.71,1481.49,MONDAY,H,H,HHH
Big Street ATM,15-01-2013,83,25,58,4621.47,1743.45,2878.02,TUESDAY,H,H,HHH
Mount Road ATM,15-01-2013,33,14,19,1778.8500000000001,446.04,1332.81,TUESDAY,H,H,HHH
Airport ATM,15-01-2013,57,47,10,3486.9,2688.63,798.27,TUESDAY,H,H,HHH
KK Nagar ATM,15-01-2013,160,98,62,7839.33,3692.2200000000003,4147.11,TUESDAY,H,H,HHH
Christ College ATM,15-01-2013,62,30,32,5003.79,2251.44,2752.35,TUESDAY,H,H,HHH
Big Street ATM,16-01-2013,120,29,91,6699.45,1784.16,4915.29,WEDNESDAY,H,H,HHW
Mount Road ATM,16-01-2013,90,23,67,4194.900000000001,1308.03,2886.87,WEDNESDAY,H,H,HHW
Airport ATM,16-01-2013,90,56,34,5278.14,3472.7400000000002,1805.4,WEDNESDAY,H,H,HHW
KK Nagar ATM,16-01-2013,201,107,94,10678.41,5548.95,5129.46,WEDNESDAY,H,H,HHW
Christ College ATM,16-01-2013,65,36,29,2706.33,1766.46,939.87,WEDNESDAY,H,H,HHW
Big Street ATM,17-01-2013,90,35,55,5741.88,3467.4300000000003,2274.4500000000003,THURSDAY,NH,W,HWW
Mount Road ATM,17-01-2013,151,84,67,9857.130000000001,6288.81,3568.32,THURSDAY,NH,W,HWW
Airport ATM,17-01-2013,86,66,20,8614.59,7347.27,1267.32,THURSDAY,NH,W,HWW
KK Nagar ATM,17-01-2013,351,246,105,26856.21,21144.420000000002,5711.79,THURSDAY,NH,W,HWW
Christ College ATM,17-01-2013,55,26,29,4763.07,3495.75,1267.32,THURSDAY,NH,W,HWW
Big Street ATM,18-01-2013,107,32,75,4502.88,1699.2,2803.6800000000003,FRIDAY,NH,W,WWH
Mount Road ATM,18-01-2013,165,83,82,12572.31,7626.93,4945.38,FRIDAY,NH,W,WWH
Airport ATM,18-01-2013,90,62,28,6170.22,3586.02,2584.2000000000003,FRIDAY,NH,W,WWH
KK Nagar ATM,18-01-2013,251,192,59,20482.440000000002,16427.37,4055.07,FRIDAY,NH,W,WWH
Christ College ATM,18-01-2013,102,58,44,7278.24,4789.62,2488.62,FRIDAY,NH,W,WWH
Big Street ATM,19-01-2013,84,24,60,4391.37,2246.13,2145.2400000000002,SATURDAY,NH,H,WHH
Mount Road ATM,19-01-2013,139,57,82,7223.37,3246.1800000000003,3977.19,SATURDAY,NH,H,WHH
Airport ATM,19-01-2013,116,84,32,9204.0,7503.03,1700.97,SATURDAY,NH,H,WHH
KK Nagar ATM,19-01-2013,240,182,58,15186.6,11835.99,3350.61,SATURDAY,NH,H,WHH
Christ College ATM,19-01-2013,110,46,64,8412.81,3922.32,4490.49,SATURDAY,NH,H,WHH
Big Street ATM,20-01-2013,106,28,78,3945.33,1915.14,2030.19,SUNDAY,NH,H,HHW
Mount Road ATM,20-01-2013,130,26,104,5568.42,1970.01,3598.4100000000003,SUNDAY,NH,H,HHW
Airport ATM,20-01-2013,89,61,28,7005.66,5600.28,1405.38,SUNDAY,NH,H,HHW
KK Nagar ATM,20-01-2013,123,85,38,6279.96,4398.45,1881.51,SUNDAY,NH,H,HHW
Christ College ATM,20-01-2013,124,32,92,10244.76,2511.63,7733.13,SUNDAY,NH,H,HHW
Big Street ATM,21-01-2013,86,27,59,6972.03,3520.53,3451.5,MONDAY,NH,W,HWW
Mount Road ATM,21-01-2013,155,86,69,9099.57,5687.01,3412.56,MONDAY,NH,W,HWW
Airport ATM,21-01-2013,124,98,26,10327.95,9536.76,791.19,MONDAY,NH,W,HWW
KK Nagar ATM,21-01-2013,225,178,47,19397.43,15430.86,3966.57,MONDAY,NH,W,HWW
Christ College ATM,21-01-2013,147,74,73,9805.800000000001,5156.01,4649.79,MONDAY,NH,W,HWW
Big Street ATM,22-01-2013,89,32,57,5488.77,3688.6800000000003,1800.0900000000001,TUESDAY,NH,W,WWW
Mount Road ATM,22-01-2013,124,67,57,7071.150000000001,3950.6400000000003,3120.51,TUESDAY,NH,W,WWW
Airport ATM,22-01-2013,106,80,26,9062.4,7637.55,1424.8500000000001,TUESDAY,NH,W,WWW
KK Nagar ATM,22-01-2013,239,198,41,19567.350000000002,16586.670000000002,2980.6800000000003,TUESDAY,NH,W,WWW
Christ College ATM,22-01-2013,89,52,37,6541.92,4180.74,2361.18,TUESDAY,NH,W,WWW
Big Street ATM,23-01-2013,102,36,66,5826.84,3656.82,2170.02,WEDNESDAY,NH,W,WWW
Mount Road ATM,23-01-2013,196,114,82,13050.210000000001,9733.23,3316.98,WEDNESDAY,NH,W,WWW
Airport ATM,23-01-2013,68,57,11,5890.56,5396.7300000000005,493.83000000000004,WEDNESDAY,NH,W,WWW
KK Nagar ATM,23-01-2013,246,198,48,20201.010000000002,17183.16,3017.85,WEDNESDAY,NH,W,WWW
Christ College ATM,23-01-2013,97,53,44,5952.51,3563.01,2389.5,WEDNESDAY,NH,W,WWW
Big Street ATM,24-01-2013,96,44,52,6202.08,3759.48,2442.6,THURSDAY,NH,W,WWH
Mount Road ATM,24-01-2013,199,118,81,11119.14,7586.22,3532.92,THURSDAY,NH,W,WWH
Airport ATM,24-01-2013,123,89,34,11481.99,10127.94,1354.05,THURSDAY,NH,W,WWH
KK Nagar ATM,24-01-2013,306,247,59,16528.260000000002,13133.4,3394.86,THURSDAY,NH,W,WWH
Christ College ATM,24-01-2013,102,58,44,9032.31,6849.900000000001,2182.41,THURSDAY,NH,W,WWH
Big Street ATM,25-01-2013,74,25,49,4039.1400000000003,2371.8,1667.3400000000001,FRIDAY,M,H,WHH
Mount Road ATM,25-01-2013,89,33,56,2701.02,805.35,1895.67,FRIDAY,M,H,WHH
Airport ATM,25-01-2013,73,50,23,6465.81,5483.46,982.35,FRIDAY,M,H,WHH
KK Nagar ATM,25-01-2013,152,99,53,11375.79,8674.77,2701.02,FRIDAY,M,H,WHH
Christ College ATM,25-01-2013,83,45,38,4667.49,2660.31,2007.18,FRIDAY,M,H,WHH
Big Street ATM,26-01-2013,58,19,39,2279.76,1292.1000000000001,987.6600000000001,SATURDAY,N,H,HHH
Mount Road ATM,26-01-2013,3,2,1,371.7,212.4,159.3,SATURDAY,N,H,HHH
Airport ATM,26-01-2013,82,67,15,7009.2,6380.85,628.35,SATURDAY,N,H,HHH
KK Nagar ATM,26-01-2013,155,123,32,14935.26,12503.28,2431.98,SATURDAY,N,H,HHH
Christ College ATM,26-01-2013,68,45,23,4228.53,3067.41,1161.1200000000001,SATURDAY,N,H,HHH
Big Street ATM,27-01-2013,98,30,68,3488.67,1185.9,2302.77,SUNDAY,NH,H,HHH
Airport ATM,27-01-2013,75,51,24,4370.13,3640.89,729.24,SUNDAY,NH,H,HHH
KK Nagar ATM,27-01-2013,116,88,28,6764.9400000000005,5292.3,1472.64,SUNDAY,NH,H,HHH
Christ College ATM,27-01-2013,85,48,37,7437.54,5285.22,2152.32,SUNDAY,NH,H,HHH
Big Street ATM,28-01-2013,129,37,92,8747.34,3593.1,5154.24,MONDAY,NH,W,HWW
Mount Road ATM,28-01-2013,148,83,65,9262.41,6290.58,2971.83,MONDAY,NH,W,HWW
Airport ATM,28-01-2013,132,97,35,11906.79,10046.52,1860.27,MONDAY,NH,W,HWW
KK Nagar ATM,28-01-2013,272,191,81,21790.47,16176.03,5614.4400000000005,MONDAY,NH,W,HWW
Christ College ATM,28-01-2013,113,41,72,10062.45,4681.650000000001,5380.8,MONDAY,NH,W,HWW
Big Street ATM,29-01-2013,116,33,83,6692.37,1557.6000000000001,5134.77,TUESDAY,NH,W,WWW
Mount Road ATM,29-01-2013,148,85,63,9297.81,6563.16,2734.65,TUESDAY,NH,W,WWW
Airport ATM,29-01-2013,102,92,10,8934.960000000001,8244.66,690.3000000000001,TUESDAY,NH,W,WWW
KK Nagar ATM,29-01-2013,220,184,36,20280.66,18395.61,1885.05,TUESDAY,NH,W,WWW
Christ College ATM,29-01-2013,108,49,59,7814.55,4095.78,3718.77,TUESDAY,NH,W,WWW
Big Street ATM,30-01-2013,85,32,53,3743.55,1506.27,2237.28,WEDNESDAY,NH,W,WWW
Mount Road ATM,30-01-2013,139,70,69,9205.77,5922.42,3283.35,WEDNESDAY,NH,W,WWW
Airport ATM,30-01-2013,71,51,20,6575.55,5111.76,1463.79,WEDNESDAY,NH,W,WWW
KK Nagar ATM,30-01-2013,266,215,51,22149.78,18365.52,3784.26,WEDNESDAY,NH,W,WWW
Christ College ATM,30-01-2013,98,39,59,7768.53,3550.62,4217.91,WEDNESDAY,NH,W,WWW
Big Street ATM,31-01-2013,99,30,69,5256.900000000001,1895.67,3361.23,THURSDAY,NH,W,WWW
Mount Road ATM,31-01-2013,173,86,87,11066.04,6102.96,4963.08,THURSDAY,NH,W,WWW
Airport ATM,31-01-2013,106,87,19,10158.03,9327.9,830.13,THURSDAY,NH,W,WWW
KK Nagar ATM,31-01-2013,270,209,61,22263.06,17889.39,4373.67,THURSDAY,NH,W,WWW
Christ College ATM,31-01-2013,130,69,61,12236.01,8481.84,3754.17,THURSDAY,NH,W,WWW
Big Street ATM,1/2/2013,120,45,75,8310.15,3527.61,4782.54,FRIDAY,NH,W,WWH
Mount Road ATM,1/2/2013,221,105,116,14034.33,7069.38,6964.95,FRIDAY,NH,W,WWH
Airport ATM,1/2/2013,127,92,35,10738.59,8308.380000000001,2430.21,FRIDAY,NH,W,WWH
KK Nagar ATM,1/2/2013,282,199,83,24767.61,17970.81,6796.8,FRIDAY,NH,W,WWH
Christ College ATM,1/2/2013,98,47,51,11115.6,6414.4800000000005,4701.12,FRIDAY,NH,W,WWH
Big Street ATM,2/2/2013,122,18,104,5115.3,738.09,4377.21,SATURDAY,NH,H,WHH
Mount Road ATM,2/2/2013,221,101,120,16317.630000000001,9115.5,7202.13,SATURDAY,NH,H,WHH
Airport ATM,2/2/2013,134,101,33,12189.99,10209.36,1980.63,SATURDAY,NH,H,WHH
KK Nagar ATM,2/2/2013,316,233,83,31251.120000000003,24647.25,6603.87,SATURDAY,NH,H,WHH
Christ College ATM,2/2/2013,126,64,62,13575.9,7632.24,5943.66,SATURDAY,NH,H,WHH
Big Street ATM,3/2/2013,94,20,74,5994.99,1481.49,4513.5,SUNDAY,NH,H,HHW
Mount Road ATM,3/2/2013,193,32,161,9140.28,2674.4700000000003,6465.81,SUNDAY,NH,H,HHW
Airport ATM,3/2/2013,122,84,38,9193.380000000001,7193.28,2000.1000000000001,SUNDAY,NH,H,HHW
KK Nagar ATM,3/2/2013,170,101,69,11338.62,5975.52,5363.1,SUNDAY,NH,H,HHW
Christ College ATM,3/2/2013,114,42,72,10327.95,4154.1900000000005,6173.76,SUNDAY,NH,H,HHW
Big Street ATM,4/2/2013,81,28,53,4095.78,2109.84,1985.94,MONDAY,NH,W,HWW
Mount Road ATM,4/2/2013,205,95,110,15714.060000000001,9097.800000000001,6616.26,MONDAY,NH,W,HWW
Airport ATM,4/2/2013,135,96,39,13515.720000000001,10396.98,3118.7400000000002,MONDAY,NH,W,HWW
KK Nagar ATM,4/2/2013,338,267,71,30265.23,25249.05,5016.18,MONDAY,NH,W,HWW
Christ College ATM,4/2/2013,180,62,118,16091.07,6964.95,9126.12,MONDAY,NH,W,HWW
Big Street ATM,5/2/2013,110,40,70,6495.900000000001,2755.89,3740.01,TUESDAY,NH,W,WWW
Mount Road ATM,5/2/2013,215,91,124,14195.4,7747.29,6448.110000000001,TUESDAY,NH,W,WWW
Airport ATM,5/2/2013,124,84,40,9876.6,8087.13,1789.47,TUESDAY,NH,W,WWW
KK Nagar ATM,5/2/2013,246,182,64,20468.28,15361.83,5106.45,TUESDAY,NH,W,WWW
Christ College ATM,5/2/2013,175,56,119,14172.390000000001,5786.13,8386.26,TUESDAY,NH,W,WWW
Big Street ATM,6/2/2013,90,30,60,4175.43,1844.3400000000001,2331.09,WEDNESDAY,NH,W,WWW
Mount Road ATM,6/2/2013,174,110,64,12220.08,8798.67,3421.4100000000003,WEDNESDAY,NH,W,WWW
Airport ATM,6/2/2013,153,116,37,15225.54,12342.210000000001,2883.33,WEDNESDAY,NH,W,WWW
KK Nagar ATM,6/2/2013,284,234,50,24592.38,21372.75,3219.63,WEDNESDAY,NH,W,WWW
Christ College ATM,6/2/2013,172,65,107,14236.11,5733.03,8503.08,WEDNESDAY,NH,W,WWW
Big Street ATM,7/2/2013,118,42,76,10579.29,6042.78,4536.51,THURSDAY,NH,W,WWW
Mount Road ATM,7/2/2013,222,122,100,14423.73,8552.64,5871.09,THURSDAY,NH,W,WWW
Airport ATM,7/2/2013,173,135,38,16197.27,13528.11,2669.16,THURSDAY,NH,W,WWW
KK Nagar ATM,7/2/2013,282,216,66,22192.260000000002,17245.11,4947.150000000001,THURSDAY,NH,W,WWW
Christ College ATM,7/2/2013,89,44,45,7007.43,3991.35,3016.08,THURSDAY,NH,W,WWW
Big Street ATM,8/2/2013,54,21,33,4145.34,2467.38,1677.96,FRIDAY,NH,W,WWH
Mount Road ATM,8/2/2013,186,90,96,10811.16,6403.860000000001,4407.3,FRIDAY,NH,W,WWH
Airport ATM,8/2/2013,125,84,41,9862.44,7671.18,2191.26,FRIDAY,NH,W,WWH
KK Nagar ATM,8/2/2013,278,225,53,21871.89,18489.420000000002,3382.4700000000003,FRIDAY,NH,W,WWH
Christ College ATM,8/2/2013,134,53,81,11949.27,5150.7,6798.570000000001,FRIDAY,NH,W,WWH
Big Street ATM,9/2/2013,54,16,38,2460.3,846.0600000000001,1614.24,SATURDAY,NH,H,WHH
Mount Road ATM,9/2/2013,296,80,216,16680.48,5904.72,10775.76,SATURDAY,NH,H,WHH
Airport ATM,9/2/2013,146,108,38,14526.390000000001,12471.42,2054.9700000000003,SATURDAY,NH,H,WHH
KK Nagar ATM,9/2/2013,311,223,88,26631.420000000002,20480.670000000002,6150.75,SATURDAY,NH,H,WHH
Christ College ATM,9/2/2013,116,55,61,10168.65,6023.31,4145.34,SATURDAY,NH,H,WHH
Big Street ATM,10/2/2013,122,34,88,7219.83,2378.88,4840.95,SUNDAY,NH,H,HHW
Mount Road ATM,10/2/2013,164,39,125,7885.35,4205.52,3679.83,SUNDAY,NH,H,HHW
Airport ATM,10/2/2013,76,61,15,4366.59,4164.81,201.78,SUNDAY,NH,H,HHW
KK Nagar ATM,10/2/2013,150,93,57,10395.210000000001,7140.18,3255.03,SUNDAY,NH,H,HHW
Christ College ATM,10/2/2013,102,49,53,5899.41,3258.57,2640.84,SUNDAY,NH,H,HHW
Big Street ATM,11/2/2013,84,25,59,5171.9400000000005,2396.58,2775.36,MONDAY,NH,W,HWW
Mount Road ATM,11/2/2013,188,94,94,11050.11,6892.38,4157.7300000000005,MONDAY,NH,W,HWW
Airport ATM,11/2/2013,148,115,33,12439.56,10696.11,1743.45,MONDAY,NH,W,HWW
KK Nagar ATM,11/2/2013,254,186,68,19645.23,13885.65,5759.58,MONDAY,NH,W,HWW
Christ College ATM,11/2/2013,115,48,67,10942.14,5948.97,4993.17,MONDAY,NH,W,HWW
Big Street ATM,12/2/2013,127,51,76,8124.3,4205.52,3918.78,TUESDAY,NH,W,WWW
Mount Road ATM,12/2/2013,201,95,106,11775.81,7324.26,4451.55,TUESDAY,NH,W,WWW
Airport ATM,12/2/2013,111,89,22,9313.74,8603.97,709.77,TUESDAY,NH,W,WWW
KK Nagar ATM,12/2/2013,231,177,54,19354.95,15177.75,4177.2,TUESDAY,NH,W,WWW
Christ College ATM,12/2/2013,131,50,81,9770.4,5649.84,4120.56,TUESDAY,NH,W,WWW
Big Street ATM,13-02-2013,90,28,62,4996.71,2214.27,2782.44,WEDNESDAY,NH,W,WWW
Mount Road ATM,13-02-2013,176,77,99,10182.81,5232.12,4950.6900000000005,WEDNESDAY,NH,W,WWW
Airport ATM,13-02-2013,117,95,22,11303.220000000001,9860.67,1442.55,WEDNESDAY,NH,W,WWW
KK Nagar ATM,13-02-2013,239,181,58,19597.44,15129.960000000001,4467.4800000000005,WEDNESDAY,NH,W,WWW
Christ College ATM,13-02-2013,110,63,47,11627.130000000001,8257.050000000001,3370.08,WEDNESDAY,NH,W,WWW
Big Street ATM,14-02-2013,91,34,57,5003.79,2417.82,2585.9700000000003,THURSDAY,NH,W,WWW
Mount Road ATM,14-02-2013,119,80,39,9242.94,7711.89,1531.05,THURSDAY,NH,W,WWW
Airport ATM,14-02-2013,124,97,27,11409.42,9570.39,1839.03,THURSDAY,NH,W,WWW
KK Nagar ATM,14-02-2013,215,173,42,15735.300000000001,12936.93,2798.37,THURSDAY,NH,W,WWW
Christ College ATM,14-02-2013,98,52,46,7848.18,4849.8,2998.38,THURSDAY,NH,W,WWW
Big Street ATM,15-02-2013,72,23,49,5262.21,2366.4900000000002,2895.7200000000003,FRIDAY,NH,W,WWH
Mount Road ATM,15-02-2013,113,45,68,6425.1,3485.13,2939.9700000000003,FRIDAY,NH,W,WWH
Airport ATM,15-02-2013,117,87,30,11522.7,9952.710000000001,1569.99,FRIDAY,NH,W,WWH
KK Nagar ATM,15-02-2013,196,160,36,16855.71,13726.35,3129.36,FRIDAY,NH,W,WWH
Christ College ATM,15-02-2013,143,51,92,7522.5,3547.08,3975.42,FRIDAY,NH,W,WWH
Big Street ATM,16-02-2013,81,22,59,4143.57,1688.5800000000002,2454.9900000000002,SATURDAY,NH,H,WHH
Mount Road ATM,16-02-2013,150,73,77,8757.960000000001,5697.63,3060.33,SATURDAY,NH,H,WHH
Airport ATM,16-02-2013,125,88,37,9754.47,7908.360000000001,1846.1100000000001,SATURDAY,NH,H,WHH
KK Nagar ATM,16-02-2013,260,199,61,19880.64,16650.39,3230.25,SATURDAY,NH,H,WHH
Christ College ATM,16-02-2013,96,49,47,7272.93,4947.150000000001,2325.78,SATURDAY,NH,H,WHH
Big Street ATM,17-02-2013,115,31,84,6743.7,2805.4500000000003,3938.25,SUNDAY,NH,H,HHW
Mount Road ATM,17-02-2013,132,39,93,7791.54,4237.38,3554.1600000000003,SUNDAY,NH,H,HHW
Airport ATM,17-02-2013,103,63,40,8570.34,5720.64,2849.7000000000003,SUNDAY,NH,H,HHW
KK Nagar ATM,17-02-2013,111,69,42,6885.3,3378.9300000000003,3506.37,SUNDAY,NH,H,HHW
Christ College ATM,17-02-2013,75,37,38,4909.9800000000005,2908.11,2001.8700000000001,SUNDAY,NH,H,HHW
Big Street ATM,18-02-2013,72,19,53,5196.72,1426.6200000000001,3770.1,MONDAY,NH,W,HWW
Mount Road ATM,18-02-2013,170,77,93,10782.84,5839.2300000000005,4943.61,MONDAY,NH,W,HWW
Airport ATM,18-02-2013,99,69,30,8575.65,6633.96,1941.69,MONDAY,NH,W,HWW
KK Nagar ATM,18-02-2013,247,191,56,20261.190000000002,17351.31,2909.88,MONDAY,NH,W,HWW
Christ College ATM,18-02-2013,135,57,78,10080.15,5260.4400000000005,4819.71,MONDAY,NH,W,HWW
Big Street ATM,19-02-2013,76,17,59,4267.47,2037.27,2230.2000000000003,TUESDAY,NH,W,WWW
Mount Road ATM,19-02-2013,229,91,138,12945.78,6187.92,6757.860000000001,TUESDAY,NH,W,WWW
Airport ATM,19-02-2013,106,79,27,9752.7,8272.98,1479.72,TUESDAY,NH,W,WWW
KK Nagar ATM,19-02-2013,214,173,41,15896.37,13089.15,2807.2200000000003,TUESDAY,NH,W,WWW
Christ College ATM,19-02-2013,134,75,59,11223.57,7363.2,3860.37,TUESDAY,NH,W,WWW
Big Street ATM,20-02-2013,104,44,60,6729.54,3616.11,3113.4300000000003,WEDNESDAY,NH,W,WWW
Mount Road ATM,20-02-2013,201,86,115,11559.87,7897.74,3662.13,WEDNESDAY,NH,W,WWW
Airport ATM,20-02-2013,96,78,18,8110.14,7634.01,476.13,WEDNESDAY,NH,W,WWW
KK Nagar ATM,20-02-2013,241,203,38,17783.19,15413.16,2370.03,WEDNESDAY,NH,W,WWW
Christ College ATM,20-02-2013,63,34,29,4210.83,2699.25,1511.58,WEDNESDAY,NH,W,WWW
Big Street ATM,21-02-2013,71,32,39,3414.33,1950.54,1463.79,THURSDAY,NH,W,WWW
Mount Road ATM,21-02-2013,155,68,87,9873.06,5548.95,4324.11,THURSDAY,NH,W,WWW
Airport ATM,21-02-2013,91,69,22,9235.86,7134.87,2100.9900000000002,THURSDAY,NH,W,WWW
KK Nagar ATM,21-02-2013,218,165,53,13453.77,9511.98,3941.79,THURSDAY,NH,W,WWW
Christ College ATM,21-02-2013,92,54,38,7717.2,5111.76,2605.44,THURSDAY,NH,W,WWW
Big Street ATM,22-02-2013,81,15,66,3439.11,525.69,2913.42,FRIDAY,NH,W,WWH
Mount Road ATM,22-02-2013,156,79,77,8708.4,5386.110000000001,3322.29,FRIDAY,NH,W,WWH
Airport ATM,22-02-2013,88,71,17,7117.17,6347.22,769.95,FRIDAY,NH,W,WWH
KK Nagar ATM,22-02-2013,204,156,48,14754.720000000001,10669.56,4085.1600000000003,FRIDAY,NH,W,WWH
Christ College ATM,22-02-2013,89,44,45,7000.35,4536.51,2463.84,FRIDAY,NH,W,WWH
Big Street ATM,23-02-2013,96,23,73,3102.81,1053.15,2049.66,SATURDAY,NH,H,WHH
Mount Road ATM,23-02-2013,215,97,118,12611.25,6844.59,5766.66,SATURDAY,NH,H,WHH
Airport ATM,23-02-2013,99,71,28,10604.07,8595.12,2008.95,SATURDAY,NH,H,WHH
KK Nagar ATM,23-02-2013,184,154,30,16287.54,14421.960000000001,1865.5800000000002,SATURDAY,NH,H,WHH
Christ College ATM,23-02-2013,103,44,59,8934.960000000001,5219.7300000000005,3715.23,SATURDAY,NH,H,WHH
Big Street ATM,24-02-2013,107,28,79,4302.87,1624.8600000000001,2678.01,SUNDAY,NH,H,HHW
Mount Road ATM,24-02-2013,14,2,12,472.59000000000003,35.4,437.19,SUNDAY,NH,H,HHW
Airport ATM,24-02-2013,98,71,27,6340.14,5520.63,819.51,SUNDAY,NH,H,HHW
KK Nagar ATM,24-02-2013,76,55,21,3807.27,3051.48,755.79,SUNDAY,NH,H,HHW
Christ College ATM,24-02-2013,78,27,51,2839.08,1012.44,1826.64,SUNDAY,NH,H,HHW
Big Street ATM,25-02-2013,91,45,46,6931.320000000001,4867.5,2063.82,MONDAY,NH,W,HWW
Mount Road ATM,25-02-2013,162,92,70,11122.68,9007.53,2115.15,MONDAY,NH,W,HWW
Airport ATM,25-02-2013,122,98,24,10133.25,8936.73,1196.52,MONDAY,NH,W,HWW
KK Nagar ATM,25-02-2013,315,258,57,29054.55,25226.04,3828.51,MONDAY,NH,W,HWW
Christ College ATM,25-02-2013,121,69,52,9425.25,6533.070000000001,2892.1800000000003,MONDAY,NH,W,HWW
Big Street ATM,26-02-2013,82,52,30,5384.34,3849.75,1534.5900000000001,TUESDAY,NH,W,WWW
Mount Road ATM,26-02-2013,174,108,66,11864.31,8152.62,3711.69,TUESDAY,NH,W,WWW
Airport ATM,26-02-2013,57,44,13,5221.5,4564.83,656.6700000000001,TUESDAY,NH,W,WWW
KK Nagar ATM,26-02-2013,212,168,44,16338.87,14271.51,2067.36,TUESDAY,NH,W,WWW
Christ College ATM,26-02-2013,127,56,71,9104.880000000001,3534.69,5570.1900000000005,TUESDAY,NH,W,WWW
Big Street ATM,27-02-2013,96,38,58,5982.6,3235.56,2747.04,WEDNESDAY,NH,W,WWW
Mount Road ATM,27-02-2013,133,80,53,9345.6,5825.07,3520.53,WEDNESDAY,NH,W,WWW
Airport ATM,27-02-2013,101,77,24,8497.77,6600.33,1897.44,WEDNESDAY,NH,W,WWW
KK Nagar ATM,27-02-2013,188,126,62,12457.26,9145.59,3311.67,WEDNESDAY,NH,W,WWW
Christ College ATM,27-02-2013,114,69,45,9096.03,5775.51,3320.52,WEDNESDAY,NH,W,WWW
Big Street ATM,28-02-2013,111,26,85,8092.4400000000005,2447.91,5644.53,THURSDAY,NH,W,WWW
Mount Road ATM,28-02-2013,172,107,65,10740.36,7520.7300000000005,3219.63,THURSDAY,NH,W,WWW
Airport ATM,28-02-2013,150,114,36,14754.720000000001,11595.27,3159.4500000000003,THURSDAY,NH,W,WWW
KK Nagar ATM,28-02-2013,294,228,66,24264.93,19567.350000000002,4697.58,THURSDAY,NH,W,WWW
Christ College ATM,28-02-2013,102,53,49,8708.4,5633.91,3074.4900000000002,THURSDAY,NH,W,WWW
Big Street ATM,1/3/2013,74,27,47,4341.81,1778.8500000000001,2562.96,FRIDAY,NH,W,WWH
Mount Road ATM,1/3/2013,193,107,86,14715.78,9175.68,5540.1,FRIDAY,NH,W,WWH
Airport ATM,1/3/2013,109,89,20,8336.7,7439.31,897.39,FRIDAY,NH,W,WWH
KK Nagar ATM,1/3/2013,269,210,59,21094.86,15514.050000000001,5580.81,FRIDAY,NH,W,WWH
Christ College ATM,1/3/2013,122,51,71,10264.23,5426.82,4837.41,FRIDAY,NH,W,WWH
Big Street ATM,2/3/2013,46,11,35,2164.71,608.88,1555.83,SATURDAY,NH,H,WHH
Mount Road ATM,2/3/2013,229,98,131,14705.16,7577.37,7127.79,SATURDAY,NH,H,WHH
Airport ATM,2/3/2013,141,99,42,14223.720000000001,11434.2,2789.52,SATURDAY,NH,H,WHH
KK Nagar ATM,2/3/2013,311,232,79,24525.12,18795.63,5729.49,SATURDAY,NH,H,WHH
Christ College ATM,2/3/2013,195,82,113,21760.38,11274.9,10485.48,SATURDAY,NH,H,WHH
Big Street ATM,3/3/2013,74,14,60,3557.7000000000003,746.94,2810.76,SUNDAY,NH,H,HHW
Mount Road ATM,3/3/2013,171,35,136,7315.41,1998.3300000000002,5317.08,SUNDAY,NH,H,HHW
Airport ATM,3/3/2013,120,67,53,9292.5,5543.64,3748.86,SUNDAY,NH,H,HHW
KK Nagar ATM,3/3/2013,131,86,45,9154.44,6419.79,2734.65,SUNDAY,NH,H,HHW
Christ College ATM,3/3/2013,119,50,69,8426.97,4501.11,3925.86,SUNDAY,NH,H,HHW
Big Street ATM,4/3/2013,82,34,48,5658.6900000000005,3525.84,2132.85,MONDAY,NH,W,HWW
Mount Road ATM,4/3/2013,225,101,124,17494.68,8635.83,8858.85,MONDAY,NH,W,HWW
Airport ATM,4/3/2013,118,88,30,10768.68,8395.11,2373.57,MONDAY,NH,W,HWW
KK Nagar ATM,4/3/2013,355,293,62,33058.29,28836.84,4221.45,MONDAY,NH,W,HWW
Christ College ATM,4/3/2013,127,61,66,10977.54,5947.2,5030.34,MONDAY,NH,W,HWW
Big Street ATM,5/3/2013,88,31,57,4479.87,2219.58,2260.29,TUESDAY,NH,W,WWW
Mount Road ATM,5/3/2013,174,84,90,12271.41,7662.33,4609.08,TUESDAY,NH,W,WWW
Airport ATM,5/3/2013,117,75,42,8320.77,6533.070000000001,1787.7,TUESDAY,NH,W,WWW
KK Nagar ATM,5/3/2013,293,232,61,30861.72,25353.48,5508.24,TUESDAY,NH,W,WWW
Christ College ATM,5/3/2013,149,66,83,12690.9,6267.57,6423.33,TUESDAY,NH,W,WWW
Big Street ATM,6/3/2013,96,28,68,5076.360000000001,2424.9,2651.46,WEDNESDAY,NH,W,WWW
Mount Road ATM,6/3/2013,190,74,116,12997.11,6294.12,6702.99,WEDNESDAY,NH,W,WWW
Airport ATM,6/3/2013,135,111,24,12489.12,11317.380000000001,1171.74,WEDNESDAY,NH,W,WWW
KK Nagar ATM,6/3/2013,264,210,54,20195.7,16153.02,4042.6800000000003,WEDNESDAY,NH,W,WWW
Christ College ATM,6/3/2013,156,61,95,11174.01,5154.24,6019.77,WEDNESDAY,NH,W,WWW
Big Street ATM,7/3/2013,104,39,65,5460.45,2762.9700000000003,2697.48,THURSDAY,NH,W,WWW
Mount Road ATM,7/3/2013,164,97,67,7733.13,5752.5,1980.63,THURSDAY,NH,W,WWW
Airport ATM,7/3/2013,131,95,36,10065.99,7727.820000000001,2338.17,THURSDAY,NH,W,WWW
KK Nagar ATM,7/3/2013,240,193,47,18792.09,16094.61,2697.48,THURSDAY,NH,W,WWW
Christ College ATM,7/3/2013,149,75,74,12414.78,7439.31,4975.47,THURSDAY,NH,W,WWW
Big Street ATM,8/3/2013,87,40,47,4867.5,3325.83,1541.67,FRIDAY,NH,W,WWH
Mount Road ATM,8/3/2013,208,92,116,11345.7,5701.17,5644.53,FRIDAY,NH,W,WWH
Airport ATM,8/3/2013,130,74,56,11142.15,7364.97,3777.1800000000003,FRIDAY,NH,W,WWH
KK Nagar ATM,8/3/2013,242,162,80,19647.0,12046.62,7600.38,FRIDAY,NH,W,WWH
Christ College ATM,8/3/2013,128,75,53,13216.59,9216.39,4000.2000000000003,FRIDAY,NH,W,WWH
Big Street ATM,9/3/2013,104,45,59,6713.610000000001,4032.06,2681.55,SATURDAY,NH,H,WHH
Mount Road ATM,9/3/2013,115,47,68,9356.22,4851.57,4504.650000000001,SATURDAY,NH,H,WHH
Airport ATM,9/3/2013,173,123,50,16707.03,13898.04,2808.9900000000002,SATURDAY,NH,H,WHH
KK Nagar ATM,9/3/2013,245,197,48,18995.64,15105.18,3890.46,SATURDAY,NH,H,WHH
Christ College ATM,9/3/2013,102,52,50,11666.07,7972.08,3693.9900000000002,SATURDAY,NH,H,WHH
Big Street ATM,10/3/2013,113,31,82,5380.8,1798.32,3582.48,SUNDAY,NH,H,HWW
Airport ATM,10/3/2013,110,79,31,9288.960000000001,7832.25,1456.71,SUNDAY,NH,H,HWW
KK Nagar ATM,10/3/2013,154,117,37,9687.210000000001,7830.4800000000005,1856.73,SUNDAY,NH,H,HWW
Christ College ATM,10/3/2013,69,35,34,4874.58,3125.82,1748.76,SUNDAY,NH,H,HWW
Big Street ATM,11/3/2013,80,29,51,4667.49,2269.14,2398.35,MONDAY,NH,W,HWW
Mount Road ATM,11/3/2013,154,70,84,10660.710000000001,6265.8,4394.91,MONDAY,NH,W,HWW
Airport ATM,11/3/2013,100,68,32,7685.34,5313.54,2371.8,MONDAY,NH,W,HWW
KK Nagar ATM,11/3/2013,267,201,66,24369.36,19144.32,5225.04,MONDAY,NH,W,HWW
Christ College ATM,11/3/2013,134,67,67,12290.880000000001,8685.39,3605.4900000000002,MONDAY,NH,W,HWW
Big Street ATM,12/3/2013,94,41,53,7543.74,5202.03,2341.71,TUESDAY,NH,W,WWW
Mount Road ATM,12/3/2013,163,76,87,11067.81,6572.01,4495.8,TUESDAY,NH,W,WWW
Airport ATM,12/3/2013,130,98,32,11878.470000000001,10149.18,1729.29,TUESDAY,NH,W,WWW
KK Nagar ATM,12/3/2013,218,179,39,19500.09,17227.41,2272.68,TUESDAY,NH,W,WWW
Christ College ATM,12/3/2013,113,59,54,8065.89,4676.34,3389.55,TUESDAY,NH,W,WWW
Big Street ATM,13-03-2013,76,34,42,5069.28,3662.13,1407.15,WEDNESDAY,NH,W,WWW
Mount Road ATM,13-03-2013,124,72,52,7000.35,4501.11,2499.2400000000002,WEDNESDAY,NH,W,WWW
Airport ATM,13-03-2013,122,91,31,13590.06,11926.26,1663.8,WEDNESDAY,NH,W,WWW
KK Nagar ATM,13-03-2013,236,183,53,20799.27,16786.68,4012.59,WEDNESDAY,NH,W,WWW
Christ College ATM,13-03-2013,86,49,37,7048.14,4991.400000000001,2056.7400000000002,WEDNESDAY,NH,W,WWW
Big Street ATM,14-03-2013,99,34,65,5979.06,2784.21,3194.85,THURSDAY,NH,W,WWW
Mount Road ATM,14-03-2013,126,63,63,6704.76,3747.09,2957.67,THURSDAY,NH,W,WWW
Airport ATM,14-03-2013,115,96,19,10499.64,8775.66,1723.98,THURSDAY,NH,W,WWW
KK Nagar ATM,14-03-2013,214,164,50,17197.32,12528.06,4669.26,THURSDAY,NH,W,WWW
Christ College ATM,14-03-2013,95,53,42,8202.18,5674.62,2527.56,THURSDAY,NH,W,WWW
Big Street ATM,15-03-2013,97,37,60,8018.1,4251.54,3766.56,FRIDAY,NH,W,WWH
Mount Road ATM,15-03-2013,170,86,84,8713.710000000001,5060.43,3653.28,FRIDAY,NH,W,WWH
Airport ATM,15-03-2013,107,75,32,7922.52,5294.07,2628.4500000000003,FRIDAY,NH,W,WWH
KK Nagar ATM,15-03-2013,243,193,50,18905.37,16032.66,2872.71,FRIDAY,NH,W,WWH
Christ College ATM,15-03-2013,81,49,32,6366.6900000000005,4403.76,1962.93,FRIDAY,NH,W,WWH
Big Street ATM,16-03-2013,111,35,76,5860.47,2493.9300000000003,3366.54,SATURDAY,NH,H,WHH
Mount Road ATM,16-03-2013,224,90,134,11428.89,5816.22,5612.67,SATURDAY,NH,H,WHH
Airport ATM,16-03-2013,115,90,25,9835.89,9088.95,746.94,SATURDAY,NH,H,WHH
KK Nagar ATM,16-03-2013,286,205,81,20742.63,14361.78,6380.85,SATURDAY,NH,H,WHH
Christ College ATM,16-03-2013,107,57,50,9391.62,5858.7,3532.92,SATURDAY,NH,H,WHH
Big Street ATM,17-03-2013,103,31,72,5402.04,2012.49,3389.55,SUNDAY,NH,H,HHW
Mount Road ATM,17-03-2013,144,33,111,5122.38,1787.7,3334.6800000000003,SUNDAY,NH,H,HHW
Airport ATM,17-03-2013,98,80,18,8835.84,7271.16,1564.68,SUNDAY,NH,H,HHW
KK Nagar ATM,17-03-2013,143,93,50,7782.6900000000005,5911.8,1870.89,SUNDAY,NH,H,HHW
Christ College ATM,17-03-2013,87,37,50,5187.87,3005.46,2182.41,SUNDAY,NH,H,HHW
Big Street ATM,18-03-2013,84,41,43,5548.95,3702.84,1846.1100000000001,MONDAY,NH,W,HWW
Mount Road ATM,18-03-2013,103,40,63,4049.76,1600.0800000000002,2449.68,MONDAY,NH,W,HWW
Airport ATM,18-03-2013,104,81,23,10437.69,8853.54,1584.15,MONDAY,NH,W,HWW
KK Nagar ATM,18-03-2013,237,196,41,17976.12,14988.36,2987.76,MONDAY,NH,W,HWW
Christ College ATM,18-03-2013,114,39,75,6317.13,2092.14,4224.99,MONDAY,NH,W,HWW
Big Street ATM,19-03-2013,86,26,60,3670.98,1242.54,2428.44,TUESDAY,NH,W,WWW
Mount Road ATM,19-03-2013,198,85,113,9717.300000000001,5412.66,4304.64,TUESDAY,NH,W,WWW
Airport ATM,19-03-2013,99,78,21,9145.59,8104.83,1040.76,TUESDAY,NH,W,WWW
KK Nagar ATM,19-03-2013,237,191,46,21070.08,16862.79,4207.29,TUESDAY,NH,W,WWW
Christ College ATM,19-03-2013,110,45,65,8754.42,4364.82,4389.6,TUESDAY,NH,W,WWW
Big Street ATM,20-03-2013,119,43,76,7862.34,3426.7200000000003,4435.62,WEDNESDAY,NH,W,WWW
Mount Road ATM,20-03-2013,157,72,85,8237.58,3715.23,4522.35,WEDNESDAY,NH,W,WWW
Airport ATM,20-03-2013,145,127,18,11322.69,10754.52,568.17,WEDNESDAY,NH,W,WWW
KK Nagar ATM,20-03-2013,353,308,45,22974.600000000002,19868.25,3106.35,WEDNESDAY,NH,W,WWW
Christ College ATM,20-03-2013,122,53,69,7874.7300000000005,4455.09,3419.64,WEDNESDAY,NH,W,WWW
Big Street ATM,21-03-2013,115,41,74,4826.79,2214.27,2612.52,THURSDAY,NH,W,WWW
Mount Road ATM,21-03-2013,182,92,90,9421.710000000001,5819.76,3601.9500000000003,THURSDAY,NH,W,WWW
Airport ATM,21-03-2013,73,62,11,6952.56,6697.68,254.88,THURSDAY,NH,W,WWW
KK Nagar ATM,21-03-2013,238,181,57,18193.83,14662.68,3531.15,THURSDAY,NH,W,WWW
Christ College ATM,21-03-2013,117,58,59,10791.69,7743.75,3047.94,THURSDAY,NH,W,WWW
Big Street ATM,22-03-2013,89,29,60,4548.900000000001,2509.86,2039.04,FRIDAY,NH,W,WWH
Mount Road ATM,22-03-2013,171,75,96,7357.89,2906.34,4451.55,FRIDAY,NH,W,WWH
Airport ATM,22-03-2013,93,70,23,6145.4400000000005,5389.650000000001,755.79,FRIDAY,NH,W,WWH
KK Nagar ATM,22-03-2013,196,153,43,17321.22,13510.41,3810.81,FRIDAY,NH,W,WWH
Christ College ATM,22-03-2013,127,50,77,10267.77,4872.81,5394.96,FRIDAY,NH,W,WWH
Big Street ATM,23-03-2013,98,36,62,3881.61,1764.69,2116.92,SATURDAY,NH,H,WHH
Mount Road ATM,23-03-2013,152,74,78,10021.74,4786.08,5235.66,SATURDAY,NH,H,WHH
Airport ATM,23-03-2013,118,86,32,8881.86,8166.780000000001,715.08,SATURDAY,NH,H,WHH
KK Nagar ATM,23-03-2013,321,256,65,22563.96,18501.81,4062.15,SATURDAY,NH,H,WHH
Christ College ATM,23-03-2013,101,60,41,6922.47,4375.4400000000005,2547.03,SATURDAY,NH,H,WHH
Big Street ATM,24-03-2013,96,33,63,4771.92,2989.53,1782.39,SUNDAY,NH,H,HHW
Mount Road ATM,24-03-2013,127,31,96,4263.93,1230.15,3033.78,SUNDAY,NH,H,HHW
Airport ATM,24-03-2013,72,56,16,3501.06,3154.14,346.92,SUNDAY,NH,H,HHW
KK Nagar ATM,24-03-2013,121,100,21,6239.25,5196.72,1042.53,SUNDAY,NH,H,HHW
Christ College ATM,24-03-2013,79,37,42,5210.88,3085.11,2125.77,SUNDAY,NH,H,HHW
Big Street ATM,25-03-2013,85,31,54,5233.89,2697.48,2536.41,MONDAY,NH,W,HWW
Mount Road ATM,25-03-2013,135,79,56,6963.18,3993.12,2970.06,MONDAY,NH,W,HWW
Airport ATM,25-03-2013,96,62,34,8412.81,6699.45,1713.3600000000001,MONDAY,NH,W,HWW
KK Nagar ATM,25-03-2013,229,176,53,16894.65,13634.31,3260.34,MONDAY,NH,W,HWW
Christ College ATM,25-03-2013,118,53,65,8630.52,4541.82,4088.7000000000003,MONDAY,NH,W,HWW
Big Street ATM,26-03-2013,102,27,75,4499.34,1782.39,2716.9500000000003,TUESDAY,NH,W,WWW
Mount Road ATM,26-03-2013,138,71,67,7860.570000000001,4136.49,3724.08,TUESDAY,NH,W,WWW
Airport ATM,26-03-2013,53,39,14,4423.2300000000005,4063.92,359.31,TUESDAY,NH,W,WWW
KK Nagar ATM,26-03-2013,276,207,69,22682.55,18914.22,3768.33,TUESDAY,NH,W,WWW
Christ College ATM,26-03-2013,96,42,54,6924.24,3566.55,3357.69,TUESDAY,NH,W,WWW
Big Street ATM,27-03-2013,47,12,35,1614.24,531.0,1083.24,WEDNESDAY,NH,W,WWW
Mount Road ATM,27-03-2013,162,91,71,8446.44,5872.860000000001,2573.58,WEDNESDAY,NH,W,WWW
Airport ATM,27-03-2013,79,57,22,5653.38,4357.74,1295.64,WEDNESDAY,NH,W,WWW
KK Nagar ATM,27-03-2013,205,167,38,16183.11,14160.0,2023.1100000000001,WEDNESDAY,NH,W,WWW
Christ College ATM,27-03-2013,118,63,55,9956.25,6674.67,3281.58,WEDNESDAY,NH,W,WWW
Big Street ATM,28-03-2013,97,37,60,6372.0,3430.26,2941.7400000000002,THURSDAY,NH,W,WWH
Mount Road ATM,28-03-2013,48,27,21,2164.71,1290.33,874.38,THURSDAY,NH,W,WWH
Airport ATM,28-03-2013,107,82,25,11901.48,10510.26,1391.22,THURSDAY,NH,W,WWH
KK Nagar ATM,28-03-2013,255,203,52,21581.61,18572.61,3009.0,THURSDAY,NH,W,WWH
Christ College ATM,28-03-2013,170,78,92,13772.37,7177.35,6595.02,THURSDAY,NH,W,WWH
Big Street ATM,29-03-2013,105,29,76,6391.47,2724.03,3667.44,FRIDAY,C,H,WHH
Mount Road ATM,29-03-2013,119,46,73,6800.34,3191.31,3609.03,FRIDAY,C,H,WHH
Airport ATM,29-03-2013,94,65,29,9193.380000000001,8046.42,1146.96,FRIDAY,C,H,WHH
KK Nagar ATM,29-03-2013,202,150,52,15953.01,13761.75,2191.26,FRIDAY,C,H,WHH
Christ College ATM,29-03-2013,82,40,42,6244.56,3830.28,2414.28,FRIDAY,C,H,WHH
Big Street ATM,30-03-2013,111,35,76,6876.45,2674.4700000000003,4201.9800000000005,SATURDAY,NH,H,HHH
Mount Road ATM,30-03-2013,191,87,104,10699.65,7060.53,3639.12,SATURDAY,NH,H,HHH
Airport ATM,30-03-2013,114,76,38,7858.8,5819.76,2039.04,SATURDAY,NH,H,HHH
KK Nagar ATM,30-03-2013,264,214,50,23705.61,20093.04,3612.57,SATURDAY,NH,H,HHH
Christ College ATM,30-03-2013,147,58,89,12795.33,5522.400000000001,7272.93,SATURDAY,NH,H,HHH
Big Street ATM,31-03-2013,113,22,91,6722.46,1600.0800000000002,5122.38,SUNDAY,NH,H,HHW
Mount Road ATM,31-03-2013,141,50,91,5979.06,2777.13,3201.9300000000003,SUNDAY,NH,H,HHW
Airport ATM,31-03-2013,102,70,32,8071.2,5223.27,2847.9300000000003,SUNDAY,NH,H,HHW
KK Nagar ATM,31-03-2013,126,96,30,5993.22,3934.71,2058.51,SUNDAY,NH,H,HHW
Christ College ATM,31-03-2013,98,42,56,6085.26,2840.85,3244.4100000000003,SUNDAY,NH,H,HHW
Big Street ATM,1/4/2013,102,20,82,6685.29,1978.8600000000001,4706.43,MONDAY,NH,W,HWW
Mount Road ATM,1/4/2013,134,71,63,9019.92,5817.99,3201.9300000000003,MONDAY,NH,W,HWW
Airport ATM,1/4/2013,63,58,5,4764.84,4686.96,77.88,MONDAY,NH,W,HWW
KK Nagar ATM,1/4/2013,287,221,66,21087.78,17276.97,3810.81,MONDAY,NH,W,HWW
Christ College ATM,1/4/2013,144,54,90,12621.87,6559.62,6062.25,MONDAY,NH,W,HWW
Big Street ATM,2/4/2013,103,31,72,7161.42,3561.2400000000002,3600.1800000000003,TUESDAY,NH,W,WWW
Mount Road ATM,2/4/2013,179,106,73,11175.78,6285.27,4890.51,TUESDAY,NH,W,WWW
Airport ATM,2/4/2013,139,93,46,13368.81,9572.16,3796.65,TUESDAY,NH,W,WWW
KK Nagar ATM,2/4/2013,312,242,70,26079.18,19627.53,6451.650000000001,TUESDAY,NH,W,WWW
Christ College ATM,2/4/2013,147,62,85,9179.22,4186.05,4993.17,TUESDAY,NH,W,WWW
Big Street ATM,3/4/2013,98,41,57,5269.29,2316.93,2952.36,WEDNESDAY,NH,W,WWW
Mount Road ATM,3/4/2013,152,74,78,8214.57,4235.61,3978.96,WEDNESDAY,NH,W,WWW
Airport ATM,3/4/2013,117,88,29,10218.210000000001,7632.24,2585.9700000000003,WEDNESDAY,NH,W,WWW
KK Nagar ATM,3/4/2013,307,230,77,28231.5,21829.41,6402.09,WEDNESDAY,NH,W,WWW
Christ College ATM,3/4/2013,133,71,62,11004.09,6421.56,4582.53,WEDNESDAY,NH,W,WWW
Big Street ATM,4/4/2013,100,26,74,5265.75,1826.64,3439.11,THURSDAY,NH,W,WWW
Mount Road ATM,4/4/2013,234,89,145,18039.84,7556.13,10483.710000000001,THURSDAY,NH,W,WWW
Airport ATM,4/4/2013,129,92,37,11593.5,9292.5,2301.0,THURSDAY,NH,W,WWW
KK Nagar ATM,4/4/2013,361,266,95,33615.840000000004,25905.72,7710.12,THURSDAY,NH,W,WWW
Christ College ATM,4/4/2013,135,57,78,8083.59,3678.06,4405.53,THURSDAY,NH,W,WWW
Big Street ATM,5/4/2013,115,38,77,7083.54,2959.44,4124.1,FRIDAY,NH,W,WWH
Mount Road ATM,5/4/2013,190,99,91,11834.220000000001,5777.28,6056.9400000000005,FRIDAY,NH,W,WWH
Airport ATM,5/4/2013,100,64,36,9607.56,7483.56,2124.0,FRIDAY,NH,W,WWH
KK Nagar ATM,5/4/2013,344,235,109,32716.68,23477.28,9239.4,FRIDAY,NH,W,WWH
Christ College ATM,5/4/2013,171,81,90,14572.41,8904.87,5667.54,FRIDAY,NH,W,WWH
Big Street ATM,6/4/2013,86,34,52,3945.33,1665.57,2279.76,SATURDAY,NH,H,WHH
Mount Road ATM,6/4/2013,249,101,148,14655.6,6572.01,8083.59,SATURDAY,NH,H,WHH
Airport ATM,6/4/2013,151,109,42,13409.52,11142.15,2267.37,SATURDAY,NH,H,WHH
KK Nagar ATM,6/4/2013,366,258,108,33872.49,24250.77,9621.72,SATURDAY,NH,H,WHH
Christ College ATM,6/4/2013,169,69,100,15476.880000000001,7287.09,8189.79,SATURDAY,NH,H,WHH
Big Street ATM,7/4/2013,124,32,92,6549.0,2920.5,3628.5,SUNDAY,NH,H,HHW
Mount Road ATM,7/4/2013,183,52,131,7287.09,3301.05,3986.04,SUNDAY,NH,H,HHW
Airport ATM,7/4/2013,128,84,44,11179.32,8322.54,2856.78,SUNDAY,NH,H,HHW
KK Nagar ATM,7/4/2013,158,84,74,13262.61,7872.96,5389.650000000001,SUNDAY,NH,H,HHW
Christ College ATM,7/4/2013,109,39,70,7423.38,3324.06,4099.32,SUNDAY,NH,H,HHW
Big Street ATM,8/4/2013,92,25,67,5232.12,1831.95,3400.17,MONDAY,NH,W,HWW
Mount Road ATM,8/4/2013,132,83,49,8503.08,5465.76,3037.32,MONDAY,NH,W,HWW
Airport ATM,8/4/2013,107,75,32,9510.210000000001,7403.91,2106.3,MONDAY,NH,W,HWW
KK Nagar ATM,8/4/2013,285,206,79,20487.75,14747.640000000001,5740.110000000001,MONDAY,NH,W,HWW
Christ College ATM,8/4/2013,118,35,83,9547.380000000001,3051.48,6495.900000000001,MONDAY,NH,W,HWW
Big Street ATM,9/4/2013,88,24,64,4860.42,1191.21,3669.21,TUESDAY,NH,W,WWW
Mount Road ATM,9/4/2013,187,86,101,11903.25,5410.89,6492.360000000001,TUESDAY,NH,W,WWW
Airport ATM,9/4/2013,111,86,25,11545.710000000001,9988.11,1557.6000000000001,TUESDAY,NH,W,WWW
KK Nagar ATM,9/4/2013,239,176,63,19020.420000000002,15045.0,3975.42,TUESDAY,NH,W,WWW
Christ College ATM,9/4/2013,101,47,54,10041.210000000001,5878.17,4163.04,TUESDAY,NH,W,WWW
Big Street ATM,10/4/2013,118,43,75,8110.14,4019.67,4090.4700000000003,WEDNESDAY,NH,W,WWH
Mount Road ATM,10/4/2013,178,90,88,10795.23,7129.56,3665.67,WEDNESDAY,NH,W,WWH
Airport ATM,10/4/2013,150,123,27,16947.75,15122.880000000001,1824.8700000000001,WEDNESDAY,NH,W,WWH
KK Nagar ATM,10/4/2013,263,205,58,20852.37,17342.46,3509.9100000000003,WEDNESDAY,NH,W,WWH
Christ College ATM,10/4/2013,85,42,43,5832.150000000001,3366.54,2465.61,WEDNESDAY,NH,W,WWH
Big Street ATM,11/4/2013,122,27,95,7138.41,1817.79,5320.62,THURSDAY,H,H,WHW
Mount Road ATM,11/4/2013,136,51,85,8651.76,3440.88,5210.88,THURSDAY,H,H,WHW
Airport ATM,11/4/2013,102,67,35,10611.15,8871.24,1739.91,THURSDAY,H,H,WHW
KK Nagar ATM,11/4/2013,168,123,45,13154.640000000001,10411.14,2743.5,THURSDAY,H,H,WHW
Christ College ATM,11/4/2013,100,40,60,6055.17,2842.62,3212.55,THURSDAY,H,H,WHW
Big Street ATM,12/4/2013,105,22,83,5655.150000000001,1527.51,4127.64,FRIDAY,NH,W,HWH
Mount Road ATM,12/4/2013,206,83,123,9329.67,4294.02,5035.650000000001,FRIDAY,NH,W,HWH
Airport ATM,12/4/2013,88,47,41,6549.0,3670.98,2878.02,FRIDAY,NH,W,HWH
KK Nagar ATM,12/4/2013,315,235,80,21112.56,16791.99,4320.57,FRIDAY,NH,W,HWH
Christ College ATM,12/4/2013,125,54,71,8582.73,5025.03,3557.7000000000003,FRIDAY,NH,W,HWH
Big Street ATM,13-04-2013,109,33,76,4658.64,2053.2000000000003,2605.44,SATURDAY,NH,H,WHH
Mount Road ATM,13-04-2013,217,95,122,14667.99,9646.5,5021.49,SATURDAY,NH,H,WHH
Airport ATM,13-04-2013,114,94,20,8938.5,7913.67,1024.83,SATURDAY,NH,H,WHH
KK Nagar ATM,13-04-2013,283,216,67,20816.97,16476.93,4340.04,SATURDAY,NH,H,WHH
Christ College ATM,13-04-2013,140,79,61,10954.53,7180.89,3773.64,SATURDAY,NH,H,WHH
Big Street ATM,14-04-2013,110,25,85,4129.41,1336.3500000000001,2793.06,SUNDAY,N,H,HHW
Mount Road ATM,14-04-2013,132,35,97,7237.53,3081.57,4155.96,SUNDAY,N,H,HHW
Airport ATM,14-04-2013,66,50,16,5897.64,4663.95,1233.69,SUNDAY,N,H,HHW
KK Nagar ATM,14-04-2013,158,109,49,12156.36,8379.18,3777.1800000000003,SUNDAY,N,H,HHW
Christ College ATM,14-04-2013,98,40,58,6816.27,3550.62,3265.65,SUNDAY,N,H,HHW
Big Street ATM,15-04-2013,102,36,66,5964.900000000001,3010.77,2954.13,MONDAY,NH,W,HWW
Mount Road ATM,15-04-2013,137,71,66,8616.36,5223.27,3393.09,MONDAY,NH,W,HWW
Airport ATM,15-04-2013,86,68,18,6141.900000000001,5032.110000000001,1109.79,MONDAY,NH,W,HWW
KK Nagar ATM,15-04-2013,308,235,73,24254.31,17984.97,6269.34,MONDAY,NH,W,HWW
Christ College ATM,15-04-2013,106,41,65,8825.22,4355.97,4469.25,MONDAY,NH,W,HWW
Big Street ATM,16-04-2013,115,42,73,7848.18,3761.25,4086.9300000000003,TUESDAY,NH,W,WWW
Mount Road ATM,16-04-2013,157,85,72,10972.23,7536.66,3435.57,TUESDAY,NH,W,WWW
Airport ATM,16-04-2013,97,87,10,8161.47,7724.28,437.19,TUESDAY,NH,W,WWW
KK Nagar ATM,16-04-2013,253,210,43,17471.670000000002,14836.140000000001,2635.53,TUESDAY,NH,W,WWW
Christ College ATM,16-04-2013,127,63,64,8472.99,5750.7300000000005,2722.26,TUESDAY,NH,W,WWW
Big Street ATM,17-04-2013,97,23,74,4042.6800000000003,1483.26,2559.42,WEDNESDAY,NH,W,WWW
Mount Road ATM,17-04-2013,166,96,70,14432.58,10418.220000000001,4014.36,WEDNESDAY,NH,W,WWW
Airport ATM,17-04-2013,104,83,21,9497.82,8315.460000000001,1182.3600000000001,WEDNESDAY,NH,W,WWW
KK Nagar ATM,17-04-2013,110,72,38,8727.87,5837.46,2890.41,WEDNESDAY,NH,W,WWW
Christ College ATM,17-04-2013,133,67,66,10308.48,6049.860000000001,4258.62,WEDNESDAY,NH,W,WWW
Big Street ATM,18-04-2013,49,19,30,2628.4500000000003,1423.08,1205.3700000000001,THURSDAY,NH,W,WWW
Mount Road ATM,18-04-2013,200,84,116,12142.2,6348.99,5793.21,THURSDAY,NH,W,WWW
Airport ATM,18-04-2013,91,66,25,6049.860000000001,4570.14,1479.72,THURSDAY,NH,W,WWW
KK Nagar ATM,18-04-2013,266,218,48,25411.89,22160.4,3251.4900000000002,THURSDAY,NH,W,WWW
Christ College ATM,18-04-2013,106,44,62,7200.360000000001,3720.54,3479.82,THURSDAY,NH,W,WWW
Big Street ATM,19-04-2013,93,27,66,5892.33,3239.1,2653.23,FRIDAY,NH,W,WWH
Mount Road ATM,19-04-2013,222,84,138,13614.84,5550.72,8064.12,FRIDAY,NH,W,WWH
Airport ATM,19-04-2013,116,85,31,10678.41,9310.2,1368.21,FRIDAY,NH,W,WWH
KK Nagar ATM,19-04-2013,318,245,73,24002.97,18659.34,5343.63,FRIDAY,NH,W,WWH
Christ College ATM,19-04-2013,162,69,93,10083.69,4975.47,5108.22,FRIDAY,NH,W,WWH
Big Street ATM,20-04-2013,111,39,72,6888.84,3363.0,3525.84,SATURDAY,NH,H,WHH
Mount Road ATM,20-04-2013,220,89,131,18335.43,7888.89,10446.54,SATURDAY,NH,H,WHH
Airport ATM,20-04-2013,119,94,25,10457.16,9221.7,1235.46,SATURDAY,NH,H,WHH
KK Nagar ATM,20-04-2013,382,262,120,31865.31,21751.53,10113.78,SATURDAY,NH,H,WHH
Christ College ATM,20-04-2013,138,64,74,9303.12,5400.27,3902.85,SATURDAY,NH,H,WHH
Big Street ATM,21-04-2013,111,38,73,4262.16,2547.03,1715.13,SUNDAY,NH,H,HHW
Mount Road ATM,21-04-2013,136,40,96,9133.2,3104.58,6028.62,SUNDAY,NH,H,HHW
Airport ATM,21-04-2013,99,72,27,9703.14,8354.4,1348.74,SUNDAY,NH,H,HHW
KK Nagar ATM,21-04-2013,182,117,65,15956.550000000001,10237.68,5718.87,SUNDAY,NH,H,HHW
Christ College ATM,21-04-2013,91,42,49,4150.650000000001,2056.7400000000002,2093.91,SUNDAY,NH,H,HHW
Big Street ATM,22-04-2013,84,25,59,3750.63,1062.0,2688.63,MONDAY,NH,W,HWW
Airport ATM,22-04-2013,106,82,24,9699.6,8021.64,1677.96,MONDAY,NH,W,HWW
KK Nagar ATM,22-04-2013,302,217,85,21859.5,15968.94,5890.56,MONDAY,NH,W,HWW
Christ College ATM,22-04-2013,105,45,60,5917.110000000001,2545.26,3371.85,MONDAY,NH,W,HWW
Big Street ATM,23-04-2013,100,39,61,6382.62,4157.7300000000005,2224.89,TUESDAY,NH,W,WWH
Mount Road ATM,23-04-2013,131,68,63,8012.79,5302.92,2709.87,TUESDAY,NH,W,WWH
Airport ATM,23-04-2013,99,73,26,9915.54,8467.68,1447.8600000000001,TUESDAY,NH,W,WWH
KK Nagar ATM,23-04-2013,278,226,52,27203.13,22721.49,4481.64,TUESDAY,NH,W,WWH
Christ College ATM,23-04-2013,99,53,46,7380.900000000001,5449.83,1931.07,TUESDAY,NH,W,WWH
Big Street ATM,24-04-2013,110,31,79,5474.610000000001,1141.65,4332.96,WEDNESDAY,H,H,WHW
Mount Road ATM,24-04-2013,125,62,63,7970.31,4973.7,2996.61,WEDNESDAY,H,H,WHW
Airport ATM,24-04-2013,98,82,16,12193.53,11191.710000000001,1001.82,WEDNESDAY,H,H,WHW
KK Nagar ATM,24-04-2013,211,149,62,15112.26,11565.18,3547.08,WEDNESDAY,H,H,WHW
Christ College ATM,24-04-2013,71,35,36,3430.26,1931.07,1499.19,WEDNESDAY,H,H,WHW
Big Street ATM,25-04-2013,89,25,64,4996.71,2904.57,2092.14,THURSDAY,NH,W,HWW
Mount Road ATM,25-04-2013,94,48,46,6579.09,3851.52,2727.57,THURSDAY,NH,W,HWW
Airport ATM,25-04-2013,93,70,23,8044.650000000001,6757.860000000001,1286.79,THURSDAY,NH,W,HWW
KK Nagar ATM,25-04-2013,222,174,48,18841.65,14954.73,3886.92,THURSDAY,NH,W,HWW
Christ College ATM,25-04-2013,125,57,68,10343.880000000001,6018.0,4325.88,THURSDAY,NH,W,HWW
Big Street ATM,26-04-2013,102,35,67,5479.92,2639.07,2840.85,FRIDAY,NH,W,WWH
Mount Road ATM,26-04-2013,118,60,58,4989.63,2069.13,2920.5,FRIDAY,NH,W,WWH
Airport ATM,26-04-2013,62,46,16,6094.110000000001,5446.29,647.82,FRIDAY,NH,W,WWH
KK Nagar ATM,26-04-2013,265,205,60,20397.48,15790.17,4607.31,FRIDAY,NH,W,WWH
Christ College ATM,26-04-2013,120,47,73,8510.16,3642.6600000000003,4867.5,FRIDAY,NH,W,WWH
Big Street ATM,27-04-2013,129,38,91,8412.81,4072.77,4340.04,SATURDAY,NH,H,WHH
Mount Road ATM,27-04-2013,179,90,89,12131.58,8850.0,3281.58,SATURDAY,NH,H,WHH
Airport ATM,27-04-2013,111,78,33,11643.06,9402.24,2240.82,SATURDAY,NH,H,WHH
KK Nagar ATM,27-04-2013,294,230,64,26070.33,20675.37,5394.96,SATURDAY,NH,H,WHH
Christ College ATM,27-04-2013,118,53,65,9743.85,5637.45,4106.400000000001,SATURDAY,NH,H,WHH
Big Street ATM,28-04-2013,131,38,93,5433.900000000001,2516.94,2916.96,SUNDAY,NH,H,HHW
Mount Road ATM,28-04-2013,153,52,101,9758.01,5950.74,3807.27,SUNDAY,NH,H,HHW
Airport ATM,28-04-2013,27,21,6,2108.07,2019.5700000000002,88.5,SUNDAY,NH,H,HHW
KK Nagar ATM,28-04-2013,111,72,39,6903.0,4317.03,2585.9700000000003,SUNDAY,NH,H,HHW
Christ College ATM,28-04-2013,70,32,38,3472.7400000000002,2495.7000000000003,977.0400000000001,SUNDAY,NH,H,HHW
Big Street ATM,29-04-2013,104,36,68,5495.85,2431.98,3063.87,MONDAY,NH,W,HWW
Mount Road ATM,29-04-2013,170,77,93,11512.08,6113.58,5398.5,MONDAY,NH,W,HWW
Airport ATM,29-04-2013,64,47,17,3773.64,2693.94,1079.7,MONDAY,NH,W,HWW
KK Nagar ATM,29-04-2013,285,219,66,20643.510000000002,16119.390000000001,4524.12,MONDAY,NH,W,HWW
Christ College ATM,29-04-2013,116,51,65,8673.0,5370.18,3302.82,MONDAY,NH,W,HWW
Big Street ATM,30-04-2013,116,40,76,8156.16,3902.85,4253.31,TUESDAY,NH,W,WWH
Mount Road ATM,30-04-2013,185,89,96,13806.0,8637.6,5168.400000000001,TUESDAY,NH,W,WWH
Airport ATM,30-04-2013,118,97,21,11407.65,10285.470000000001,1122.18,TUESDAY,NH,W,WWH
KK Nagar ATM,30-04-2013,342,279,63,31569.72,26847.36,4722.36,TUESDAY,NH,W,WWH
Christ College ATM,30-04-2013,134,56,78,11179.32,5628.6,5550.72,TUESDAY,NH,W,WWH
Big Street ATM,1/5/2013,100,19,81,6292.35,1683.27,4609.08,WEDNESDAY,N,H,WHW
Mount Road ATM,1/5/2013,205,44,161,11243.04,3863.9100000000003,7379.13,WEDNESDAY,N,H,WHW
Airport ATM,1/5/2013,80,66,14,8106.6,7292.400000000001,814.2,WEDNESDAY,N,H,WHW
KK Nagar ATM,1/5/2013,248,151,97,21859.5,14993.67,6865.83,WEDNESDAY,N,H,WHW
Christ College ATM,1/5/2013,122,38,84,8165.01,2955.9,5209.110000000001,WEDNESDAY,N,H,WHW
Big Street ATM,2/5/2013,74,40,34,4191.36,2361.18,1830.18,THURSDAY,NH,W,HWW
Mount Road ATM,2/5/2013,182,82,100,11320.92,6202.08,5118.84,THURSDAY,NH,W,HWW
Airport ATM,2/5/2013,110,77,33,9830.58,8092.4400000000005,1738.14,THURSDAY,NH,W,HWW
KK Nagar ATM,2/5/2013,418,290,128,41152.5,29134.2,12018.300000000001,THURSDAY,NH,W,HWW
Christ College ATM,2/5/2013,143,67,76,14613.12,8533.17,6079.95,THURSDAY,NH,W,HWW
Big Street ATM,3/5/2013,138,39,99,10182.81,3605.4900000000002,6577.320000000001,FRIDAY,NH,W,WWH
Mount Road ATM,3/5/2013,243,75,168,12988.26,4086.9300000000003,8901.33,FRIDAY,NH,W,WWH
Airport ATM,3/5/2013,102,74,28,8706.630000000001,6936.63,1770.0,FRIDAY,NH,W,WWH
KK Nagar ATM,3/5/2013,332,214,118,29068.71,19893.03,9175.68,FRIDAY,NH,W,WWH
Christ College ATM,3/5/2013,142,65,77,13811.31,7752.6,6058.71,FRIDAY,NH,W,WWH
Big Street ATM,4/5/2013,85,24,61,4894.05,1918.68,2975.37,SATURDAY,NH,H,WHH
Mount Road ATM,4/5/2013,260,95,165,18124.8,9827.04,8297.76,SATURDAY,NH,H,WHH
Airport ATM,4/5/2013,118,91,27,13646.7,12223.62,1423.08,SATURDAY,NH,H,WHH
KK Nagar ATM,4/5/2013,348,240,108,30144.87,21809.940000000002,8334.93,SATURDAY,NH,H,WHH
Christ College ATM,4/5/2013,156,71,85,12763.470000000001,6908.31,5855.16,SATURDAY,NH,H,WHH
Big Street ATM,5/5/2013,139,28,111,10135.02,2159.4,7975.62,SUNDAY,NH,H,HHW
Mount Road ATM,5/5/2013,184,33,151,8772.12,1663.8,7108.320000000001,SUNDAY,NH,H,HHW
Airport ATM,5/5/2013,113,71,42,7195.05,5230.35,1964.7,SUNDAY,NH,H,HHW
KK Nagar ATM,5/5/2013,175,116,59,9559.77,6228.63,3331.14,SUNDAY,NH,H,HHW
Christ College ATM,5/5/2013,145,62,83,9333.210000000001,4386.06,4947.150000000001,SUNDAY,NH,H,HHW
Big Street ATM,6/5/2013,77,29,48,3495.75,893.85,2601.9,MONDAY,NH,W,HWW
Mount Road ATM,6/5/2013,184,83,101,12237.78,7126.02,5111.76,MONDAY,NH,W,HWW
Airport ATM,6/5/2013,86,63,23,7595.070000000001,6226.860000000001,1368.21,MONDAY,NH,W,HWW
KK Nagar ATM,6/5/2013,325,226,99,29530.68,22517.940000000002,7012.74,MONDAY,NH,W,HWW
Christ College ATM,6/5/2013,148,57,91,9361.53,3722.31,5639.22,MONDAY,NH,W,HWW
Big Street ATM,7/5/2013,71,18,53,3729.39,1283.25,2446.14,TUESDAY,NH,W,WWW
Mount Road ATM,7/5/2013,209,90,119,14285.67,7717.2,6568.47,TUESDAY,NH,W,WWW
Airport ATM,7/5/2013,111,69,42,6465.81,4035.6,2430.21,TUESDAY,NH,W,WWW
KK Nagar ATM,7/5/2013,269,210,59,21137.34,16145.94,4991.400000000001,TUESDAY,NH,W,WWW
Christ College ATM,7/5/2013,156,70,86,12905.07,6398.55,6506.52,TUESDAY,NH,W,WWW
Big Street ATM,8/5/2013,110,46,64,7972.08,5067.51,2904.57,WEDNESDAY,NH,W,WWW
Mount Road ATM,8/5/2013,189,83,106,12154.59,6511.83,5642.76,WEDNESDAY,NH,W,WWW
Airport ATM,8/5/2013,107,78,29,8152.62,6041.01,2111.61,WEDNESDAY,NH,W,WWW
KK Nagar ATM,8/5/2013,299,228,71,24999.48,19877.100000000002,5122.38,WEDNESDAY,NH,W,WWW
Christ College ATM,8/5/2013,145,76,69,14053.800000000001,9011.07,5042.7300000000005,WEDNESDAY,NH,W,WWW
Big Street ATM,9/5/2013,103,26,77,6175.53,2844.39,3331.14,THURSDAY,NH,W,WWW
Mount Road ATM,9/5/2013,158,73,85,11243.04,6018.0,5225.04,THURSDAY,NH,W,WWW
Airport ATM,9/5/2013,101,72,29,8026.95,6168.45,1858.5,THURSDAY,NH,W,WWW
KK Nagar ATM,9/5/2013,200,134,66,13636.08,8821.68,4814.400000000001,THURSDAY,NH,W,WWW
Christ College ATM,9/5/2013,104,42,62,8809.29,4272.78,4536.51,THURSDAY,NH,W,WWW
Big Street ATM,10/5/2013,92,36,56,5582.58,3070.9500000000003,2511.63,FRIDAY,NH,W,WWH
Mount Road ATM,10/5/2013,197,92,105,16158.33,9363.300000000001,6795.03,FRIDAY,NH,W,WWH
Airport ATM,10/5/2013,105,80,25,10443.0,9242.94,1200.06,FRIDAY,NH,W,WWH
KK Nagar ATM,10/5/2013,317,227,90,23185.23,16784.91,6400.320000000001,FRIDAY,NH,W,WWH
Christ College ATM,10/5/2013,34,16,18,2817.84,1824.8700000000001,992.97,FRIDAY,NH,W,WWH
Big Street ATM,11/5/2013,91,38,53,5989.68,3632.04,2357.64,SATURDAY,NH,H,WHH
Mount Road ATM,11/5/2013,185,89,96,10866.03,7458.78,3407.25,SATURDAY,NH,H,WHH
Airport ATM,11/5/2013,87,65,22,6212.7,4970.16,1242.54,SATURDAY,NH,H,WHH
KK Nagar ATM,11/5/2013,314,234,80,25318.08,21137.34,4180.74,SATURDAY,NH,H,WHH
Christ College ATM,11/5/2013,157,56,101,11827.14,4074.54,7752.6,SATURDAY,NH,H,WHH
Big Street ATM,12/5/2013,121,37,84,5823.3,2865.63,2957.67,SUNDAY,NH,H,HHW
Mount Road ATM,12/5/2013,209,35,174,9064.17,2262.06,6802.110000000001,SUNDAY,NH,H,HHW
Airport ATM,12/5/2013,113,83,30,7913.67,6488.820000000001,1424.8500000000001,SUNDAY,NH,H,HHW
KK Nagar ATM,12/5/2013,193,90,103,12158.130000000001,5324.16,6833.97,SUNDAY,NH,H,HHW
Christ College ATM,12/5/2013,139,34,105,9630.57,2419.59,7210.9800000000005,SUNDAY,NH,H,HHW
Big Street ATM,13-05-2013,109,38,71,7487.1,2778.9,4708.2,MONDAY,NH,W,HWW
Mount Road ATM,13-05-2013,186,69,117,14747.640000000001,6382.62,8365.02,MONDAY,NH,W,HWW
Airport ATM,13-05-2013,126,101,25,11428.89,10315.56,1113.33,MONDAY,NH,W,HWW
KK Nagar ATM,13-05-2013,444,302,142,43527.840000000004,33560.97,9966.87,MONDAY,NH,W,HWW
Christ College ATM,13-05-2013,190,72,118,15754.77,6851.67,8903.1,MONDAY,NH,W,HWW
Big Street ATM,14-05-2013,107,42,65,7168.5,3963.03,3205.4700000000003,TUESDAY,NH,W,WWW
Mount Road ATM,14-05-2013,156,74,82,9301.35,5794.9800000000005,3506.37,TUESDAY,NH,W,WWW
Airport ATM,14-05-2013,81,67,14,6180.84,5451.6,729.24,TUESDAY,NH,W,WWW
KK Nagar ATM,14-05-2013,272,188,84,22135.62,15731.76,6403.860000000001,TUESDAY,NH,W,WWW
Christ College ATM,14-05-2013,111,53,58,8327.85,5904.72,2423.13,TUESDAY,NH,W,WWW
Big Street ATM,15-05-2013,89,40,49,6334.83,3764.79,2570.04,WEDNESDAY,NH,W,WWW
Mount Road ATM,15-05-2013,150,73,77,8221.65,5051.58,3170.07,WEDNESDAY,NH,W,WWW
Airport ATM,15-05-2013,123,100,23,9793.41,8911.95,881.46,WEDNESDAY,NH,W,WWW
KK Nagar ATM,15-05-2013,247,169,78,18869.97,14170.62,4699.35,WEDNESDAY,NH,W,WWW
Christ College ATM,15-05-2013,103,50,53,10915.59,7124.25,3791.34,WEDNESDAY,NH,W,WWW
Big Street ATM,16-05-2013,100,40,60,5154.24,2272.68,2881.56,THURSDAY,NH,W,WWW
Mount Road ATM,16-05-2013,115,67,48,7041.06,5166.63,1874.43,THURSDAY,NH,W,WWW
Airport ATM,16-05-2013,119,99,20,8745.57,7527.81,1217.76,THURSDAY,NH,W,WWW
KK Nagar ATM,16-05-2013,241,165,76,20887.77,16388.43,4499.34,THURSDAY,NH,W,WWW
Christ College ATM,16-05-2013,94,46,48,8982.75,5235.66,3747.09,THURSDAY,NH,W,WWW
Big Street ATM,17-05-2013,75,33,42,2996.61,1435.47,1561.14,FRIDAY,NH,W,WWH
Mount Road ATM,17-05-2013,122,53,69,7802.16,3651.51,4150.650000000001,FRIDAY,NH,W,WWH
Airport ATM,17-05-2013,71,55,16,5435.67,4812.63,623.04,FRIDAY,NH,W,WWH
KK Nagar ATM,17-05-2013,278,197,81,20567.4,15298.11,5269.29,FRIDAY,NH,W,WWH
Christ College ATM,17-05-2013,101,54,47,7423.38,5729.49,1693.89,FRIDAY,NH,W,WWH
Big Street ATM,18-05-2013,118,36,82,7844.64,3456.81,4387.83,SATURDAY,NH,H,WHH
Mount Road ATM,18-05-2013,209,85,124,12770.550000000001,7048.14,5722.41,SATURDAY,NH,H,WHH
Airport ATM,18-05-2013,106,84,22,9016.380000000001,7984.47,1031.91,SATURDAY,NH,H,WHH
KK Nagar ATM,18-05-2013,289,208,81,21139.11,16110.54,5028.57,SATURDAY,NH,H,WHH
Christ College ATM,18-05-2013,95,55,40,7357.89,4251.54,3106.35,SATURDAY,NH,H,WHH
Big Street ATM,19-05-2013,113,35,78,5690.55,3088.65,2601.9,SUNDAY,NH,H,HHW
Mount Road ATM,19-05-2013,144,31,113,6356.07,1853.19,4502.88,SUNDAY,NH,H,HHW
Airport ATM,19-05-2013,76,59,17,4931.22,4039.1400000000003,892.08,SUNDAY,NH,H,HHW
KK Nagar ATM,19-05-2013,179,124,55,14110.44,9248.25,4862.1900000000005,SUNDAY,NH,H,HHW
Christ College ATM,19-05-2013,82,41,41,4401.99,2922.27,1479.72,SUNDAY,NH,H,HHW
Big Street ATM,20-05-2013,108,41,67,4642.71,2216.04,2426.67,MONDAY,NH,W,HWW
Mount Road ATM,20-05-2013,129,56,73,6437.49,3741.78,2695.71,MONDAY,NH,W,HWW
Airport ATM,20-05-2013,97,72,25,7260.54,5708.25,1552.29,MONDAY,NH,W,HWW
KK Nagar ATM,20-05-2013,275,199,76,22886.100000000002,16884.03,6002.07,MONDAY,NH,W,HWW
Christ College ATM,20-05-2013,104,45,59,7524.27,2998.38,4525.89,MONDAY,NH,W,HWW
Big Street ATM,21-05-2013,107,35,72,7531.35,3217.86,4313.49,TUESDAY,NH,W,WWW
Mount Road ATM,21-05-2013,168,79,89,12250.17,6655.2,5594.97,TUESDAY,NH,W,WWW
Airport ATM,21-05-2013,112,75,37,11685.54,9924.39,1761.15,TUESDAY,NH,W,WWW
KK Nagar ATM,21-05-2013,307,216,91,23466.66,18030.99,5435.67,TUESDAY,NH,W,WWW
Christ College ATM,21-05-2013,105,56,49,10566.9,6713.610000000001,3853.29,TUESDAY,NH,W,WWW
Big Street ATM,22-05-2013,120,39,81,7529.58,3233.79,4295.79,WEDNESDAY,NH,W,WWW
Mount Road ATM,22-05-2013,134,67,67,8149.08,5858.7,2290.38,WEDNESDAY,NH,W,WWW
Airport ATM,22-05-2013,131,108,23,12554.61,11549.25,1005.36,WEDNESDAY,NH,W,WWW
KK Nagar ATM,22-05-2013,298,233,65,24850.8,20344.38,4506.42,WEDNESDAY,NH,W,WWW
Christ College ATM,22-05-2013,108,52,56,8658.84,4409.07,4249.77,WEDNESDAY,NH,W,WWW
Big Street ATM,23-05-2013,99,36,63,5789.67,3166.53,2623.14,THURSDAY,NH,W,WWW
Mount Road ATM,23-05-2013,130,71,59,8428.74,6060.4800000000005,2368.26,THURSDAY,NH,W,WWW
Airport ATM,23-05-2013,113,81,32,7457.01,6531.3,925.71,THURSDAY,NH,W,WWW
KK Nagar ATM,23-05-2013,244,181,63,17225.64,13968.84,3256.8,THURSDAY,NH,W,WWW
Christ College ATM,23-05-2013,126,45,81,9280.11,3844.44,5435.67,THURSDAY,NH,W,WWW
Big Street ATM,24-05-2013,106,26,80,5009.1,1833.72,3175.38,FRIDAY,NH,W,WWH
Mount Road ATM,24-05-2013,131,74,57,8218.11,5446.29,2771.82,FRIDAY,NH,W,WWH
Airport ATM,24-05-2013,90,67,23,7878.27,7143.72,734.5500000000001,FRIDAY,NH,W,WWH
KK Nagar ATM,24-05-2013,235,182,53,19181.49,15931.77,3249.7200000000003,FRIDAY,NH,W,WWH
Christ College ATM,24-05-2013,87,43,44,5472.84,2817.84,2655.0,FRIDAY,NH,W,WWH
Big Street ATM,25-05-2013,40,17,23,2423.13,1966.47,456.66,SATURDAY,H,H,WHH
Mount Road ATM,25-05-2013,139,70,69,9558.0,6883.53,2674.4700000000003,SATURDAY,H,H,WHH
Airport ATM,25-05-2013,121,100,21,11671.380000000001,11181.09,490.29,SATURDAY,H,H,WHH
KK Nagar ATM,25-05-2013,266,198,68,18301.8,14404.26,3897.54,SATURDAY,H,H,WHH
Christ College ATM,25-05-2013,124,54,70,10724.43,5373.72,5350.71,SATURDAY,H,H,WHH
Mount Road ATM,26-05-2013,80,11,69,2469.15,313.29,2155.86,SUNDAY,NH,H,HHW
Airport ATM,26-05-2013,98,68,30,4819.71,3869.2200000000003,950.49,SUNDAY,NH,H,HHW
KK Nagar ATM,26-05-2013,107,77,30,7586.22,5386.110000000001,2200.11,SUNDAY,NH,H,HHW
Christ College ATM,26-05-2013,88,41,47,5193.18,3228.48,1964.7,SUNDAY,NH,H,HHW
Big Street ATM,27-05-2013,59,14,45,1814.25,569.94,1244.31,MONDAY,NH,W,HWW
Mount Road ATM,27-05-2013,178,102,76,11280.210000000001,8411.04,2869.17,MONDAY,NH,W,HWW
Airport ATM,27-05-2013,113,88,25,8543.79,7067.610000000001,1476.18,MONDAY,NH,W,HWW
KK Nagar ATM,27-05-2013,284,202,82,22802.91,16859.25,5943.66,MONDAY,NH,W,HWW
Christ College ATM,27-05-2013,170,51,119,15501.66,5109.99,10391.67,MONDAY,NH,W,HWW
Big Street ATM,28-05-2013,75,27,48,3386.01,1773.54,1612.47,TUESDAY,NH,W,WWW
Mount Road ATM,28-05-2013,132,70,62,5775.51,3796.65,1978.8600000000001,TUESDAY,NH,W,WWW
Airport ATM,28-05-2013,120,83,37,8807.52,6924.24,1883.28,TUESDAY,NH,W,WWW
KK Nagar ATM,28-05-2013,283,210,73,20395.71,16269.84,4125.87,TUESDAY,NH,W,WWW
Christ College ATM,28-05-2013,125,65,60,10448.31,5244.51,5203.8,TUESDAY,NH,W,WWW
Big Street ATM,29-05-2013,90,37,53,3879.84,2077.98,1801.8600000000001,WEDNESDAY,NH,W,WWW
Mount Road ATM,29-05-2013,126,54,72,6295.89,1824.8700000000001,4471.02,WEDNESDAY,NH,W,WWW
Airport ATM,29-05-2013,101,78,23,11294.37,10798.77,495.6,WEDNESDAY,NH,W,WWW
KK Nagar ATM,29-05-2013,207,161,46,15437.94,11958.12,3479.82,WEDNESDAY,NH,W,WWW
Christ College ATM,29-05-2013,128,51,77,11418.27,5621.52,5796.75,WEDNESDAY,NH,W,WWW
Big Street ATM,30-05-2013,93,29,64,5124.150000000001,2361.18,2762.9700000000003,THURSDAY,NH,W,WWW
Mount Road ATM,30-05-2013,136,71,65,8653.53,5239.2,3414.33,THURSDAY,NH,W,WWW
Airport ATM,30-05-2013,103,84,19,7071.150000000001,6515.37,555.78,THURSDAY,NH,W,WWW
KK Nagar ATM,30-05-2013,288,214,74,23310.9,16813.23,6497.67,THURSDAY,NH,W,WWW
Christ College ATM,30-05-2013,121,52,69,7888.89,4260.39,3628.5,THURSDAY,NH,W,WWW
Big Street ATM,31-05-2013,128,43,85,7104.78,2338.17,4766.61,FRIDAY,NH,W,WWH
Mount Road ATM,31-05-2013,154,76,78,8869.47,4207.29,4662.18,FRIDAY,NH,W,WWH
Airport ATM,31-05-2013,102,74,28,7198.59,5463.99,1734.6000000000001,FRIDAY,NH,W,WWH
KK Nagar ATM,31-05-2013,244,200,44,20510.760000000002,17806.2,2704.56,FRIDAY,NH,W,WWH
Christ College ATM,31-05-2013,149,51,98,13386.51,4506.42,8880.09,FRIDAY,NH,W,WWH
Big Street ATM,1/6/2013,127,42,85,7630.47,2693.94,4936.53,SATURDAY,NH,H,WHH
Mount Road ATM,1/6/2013,225,101,124,14860.92,7819.860000000001,7041.06,SATURDAY,NH,H,WHH
Airport ATM,1/6/2013,145,113,32,16032.66,13549.35,2483.31,SATURDAY,NH,H,WHH
KK Nagar ATM,1/6/2013,335,280,55,29879.37,25275.600000000002,4603.77,SATURDAY,NH,H,WHH
Christ College ATM,1/6/2013,146,50,96,13407.75,4635.63,8772.12,SATURDAY,NH,H,WHH
Big Street ATM,2/6/2013,132,21,111,8272.98,1711.5900000000001,6561.39,SUNDAY,NH,H,HHW
Mount Road ATM,2/6/2013,194,32,162,11559.87,3097.5,8462.37,SUNDAY,NH,H,HHW
Airport ATM,2/6/2013,148,83,65,13078.53,8846.460000000001,4232.07,SUNDAY,NH,H,HHW
KK Nagar ATM,2/6/2013,197,94,103,15108.720000000001,7341.96,7766.76,SUNDAY,NH,H,HHW
Christ College ATM,2/6/2013,174,40,134,15836.19,3233.79,12602.4,SUNDAY,NH,H,HHW
Big Street ATM,3/6/2013,86,30,56,5816.22,2660.31,3155.91,MONDAY,NH,W,HWW
Mount Road ATM,3/6/2013,195,103,92,13657.32,6959.64,6697.68,MONDAY,NH,W,HWW
Airport ATM,3/6/2013,143,112,31,11768.73,10016.43,1752.3,MONDAY,NH,W,HWW
KK Nagar ATM,3/6/2013,386,238,148,34782.270000000004,22772.82,12009.45,MONDAY,NH,W,HWW
Christ College ATM,3/6/2013,133,54,79,13885.65,8170.320000000001,5715.33,MONDAY,NH,W,HWW
Big Street ATM,4/6/2013,127,48,79,7223.37,3253.26,3970.11,TUESDAY,NH,W,WWW
Mount Road ATM,4/6/2013,198,71,127,12448.41,5228.58,7219.83,TUESDAY,NH,W,WWW
Airport ATM,4/6/2013,114,78,36,9917.31,7396.83,2520.48,TUESDAY,NH,W,WWW
KK Nagar ATM,4/6/2013,318,202,116,27803.16,17928.33,9874.83,TUESDAY,NH,W,WWW
Christ College ATM,4/6/2013,177,56,121,16958.37,6556.08,10402.29,TUESDAY,NH,W,WWW
Big Street ATM,5/6/2013,95,36,59,5106.45,2116.92,2989.53,WEDNESDAY,NH,W,WWW
Mount Road ATM,5/6/2013,231,101,130,15407.85,8529.630000000001,6878.22,WEDNESDAY,NH,W,WWW
Airport ATM,5/6/2013,142,92,50,13549.35,9400.47,4148.88,WEDNESDAY,NH,W,WWW
KK Nagar ATM,5/6/2013,404,279,125,41740.14,29962.56,11777.58,WEDNESDAY,NH,W,WWW
Christ College ATM,5/6/2013,205,61,144,16910.58,4971.93,11938.65,WEDNESDAY,NH,W,WWW
Big Street ATM,6/6/2013,96,22,74,5193.18,731.01,4462.17,THURSDAY,NH,W,WWW
Mount Road ATM,6/6/2013,201,83,118,17652.21,9487.2,8165.01,THURSDAY,NH,W,WWW
Airport ATM,6/6/2013,134,100,34,12869.67,10012.89,2856.78,THURSDAY,NH,W,WWW
KK Nagar ATM,6/6/2013,318,226,92,25064.97,17395.56,7669.41,THURSDAY,NH,W,WWW
Christ College ATM,6/6/2013,121,67,54,10573.98,6343.68,4230.3,THURSDAY,NH,W,WWW
Big Street ATM,7/6/2013,73,27,46,3711.69,1566.45,2145.2400000000002,FRIDAY,NH,W,WWH
Mount Road ATM,7/6/2013,126,71,55,9350.91,5529.4800000000005,3821.4300000000003,FRIDAY,NH,W,WWH
Airport ATM,7/6/2013,101,75,26,8021.64,6416.25,1605.39,FRIDAY,NH,W,WWH
KK Nagar ATM,7/6/2013,303,220,83,27771.3,21468.33,6302.97,FRIDAY,NH,W,WWH
Christ College ATM,7/6/2013,123,55,68,9326.130000000001,4559.52,4766.61,FRIDAY,NH,W,WWH
Big Street ATM,8/6/2013,116,34,82,8380.95,2701.02,5679.93,SATURDAY,NH,H,WHH
Mount Road ATM,8/6/2013,168,86,82,12784.710000000001,8357.94,4426.77,SATURDAY,NH,H,WHH
Airport ATM,8/6/2013,188,111,77,15806.1,10363.35,5442.75,SATURDAY,NH,H,WHH
KK Nagar ATM,8/6/2013,396,275,121,33222.9,23641.89,9581.01,SATURDAY,NH,H,WHH
Christ College ATM,8/6/2013,127,68,59,11542.17,7159.650000000001,4382.52,SATURDAY,NH,H,WHH
Big Street ATM,9/6/2013,105,28,77,6708.3,1849.65,4858.650000000001,SUNDAY,NH,H,HHW
Mount Road ATM,9/6/2013,165,42,123,6662.28,3145.29,3516.9900000000002,SUNDAY,NH,H,HHW
Airport ATM,9/6/2013,133,84,49,9432.33,5971.9800000000005,3460.35,SUNDAY,NH,H,HHW
KK Nagar ATM,9/6/2013,194,100,94,12604.17,6007.38,6596.79,SUNDAY,NH,H,HHW
Christ College ATM,9/6/2013,94,43,51,6435.72,3409.02,3026.7000000000003,SUNDAY,NH,H,HHW
Big Street ATM,10/6/2013,95,36,59,5479.92,1952.31,3527.61,MONDAY,NH,W,HWW
Mount Road ATM,10/6/2013,174,85,89,8642.91,3780.7200000000003,4862.1900000000005,MONDAY,NH,W,HWW
Airport ATM,10/6/2013,124,86,38,10124.4,7786.2300000000005,2338.17,MONDAY,NH,W,HWW
KK Nagar ATM,10/6/2013,258,203,55,20648.82,17068.11,3580.71,MONDAY,NH,W,HWW
Christ College ATM,10/6/2013,115,40,75,9235.86,3010.77,6225.09,MONDAY,NH,W,HWW
Big Street ATM,11/6/2013,135,37,98,8566.800000000001,3297.51,5269.29,TUESDAY,NH,W,WWW
Mount Road ATM,11/6/2013,190,96,94,13889.19,8641.14,5248.05,TUESDAY,NH,W,WWW
Airport ATM,11/6/2013,108,89,19,10556.28,9550.92,1005.36,TUESDAY,NH,W,WWW
KK Nagar ATM,11/6/2013,308,244,64,26912.850000000002,22732.11,4180.74,TUESDAY,NH,W,WWW
Christ College ATM,11/6/2013,136,43,93,10352.73,3994.8900000000003,6357.84,TUESDAY,NH,W,WWW
Big Street ATM,12/6/2013,110,29,81,6044.55,1932.8400000000001,4111.71,WEDNESDAY,NH,W,WWW
Mount Road ATM,12/6/2013,128,59,69,8538.48,4538.28,4000.2000000000003,WEDNESDAY,NH,W,WWW
Airport ATM,12/6/2013,116,80,36,9874.83,8011.02,1863.81,WEDNESDAY,NH,W,WWW
KK Nagar ATM,12/6/2013,246,167,79,17261.04,12759.93,4501.11,WEDNESDAY,NH,W,WWW
Christ College ATM,12/6/2013,111,49,62,9347.37,4378.9800000000005,4968.39,WEDNESDAY,NH,W,WWW
Big Street ATM,13-06-2013,102,27,75,5761.35,1762.92,3998.4300000000003,THURSDAY,NH,W,WWW
Mount Road ATM,13-06-2013,167,81,86,9230.550000000001,5009.1,4221.45,THURSDAY,NH,W,WWW
Airport ATM,13-06-2013,106,81,25,10027.050000000001,8536.710000000001,1490.3400000000001,THURSDAY,NH,W,WWW
KK Nagar ATM,13-06-2013,159,120,39,13103.31,11080.2,2023.1100000000001,THURSDAY,NH,W,WWW
Christ College ATM,13-06-2013,76,34,42,5929.5,3378.9300000000003,2550.57,THURSDAY,NH,W,WWW
Big Street ATM,14-06-2013,104,34,70,6777.33,3757.71,3019.62,FRIDAY,NH,W,WWH
Mount Road ATM,14-06-2013,151,69,82,8726.1,6382.62,2343.48,FRIDAY,NH,W,WWH
Airport ATM,14-06-2013,97,73,24,9752.7,7936.68,1816.02,FRIDAY,NH,W,WWH
KK Nagar ATM,14-06-2013,255,183,72,23967.57,17696.46,6271.110000000001,FRIDAY,NH,W,WWH
Christ College ATM,14-06-2013,104,50,54,8444.67,4525.89,3918.78,FRIDAY,NH,W,WWH
Big Street ATM,15-06-2013,120,43,77,7467.63,3180.69,4286.9400000000005,SATURDAY,NH,H,WHH
Mount Road ATM,15-06-2013,176,78,98,11501.460000000001,6885.3,4616.16,SATURDAY,NH,H,WHH
Airport ATM,15-06-2013,156,116,40,14149.380000000001,11363.4,2785.98,SATURDAY,NH,H,WHH
KK Nagar ATM,15-06-2013,310,218,92,22454.22,15719.37,6734.85,SATURDAY,NH,H,WHH
Christ College ATM,15-06-2013,111,50,61,9947.4,5825.07,4122.33,SATURDAY,NH,H,WHH
Big Street ATM,16-06-2013,111,22,89,5888.79,1663.8,4224.99,SUNDAY,NH,H,HHW
Mount Road ATM,16-06-2013,113,26,87,3955.9500000000003,1146.96,2808.9900000000002,SUNDAY,NH,H,HHW
Airport ATM,16-06-2013,28,21,7,2757.66,2184.18,573.48,SUNDAY,NH,H,HHW
KK Nagar ATM,16-06-2013,103,62,41,5552.49,3600.1800000000003,1952.31,SUNDAY,NH,H,HHW
Christ College ATM,16-06-2013,72,36,36,5433.900000000001,3446.19,1987.71,SUNDAY,NH,H,HHW
Big Street ATM,17-06-2013,118,45,73,6853.4400000000005,2961.21,3892.23,MONDAY,NH,W,HWW
Mount Road ATM,17-06-2013,141,74,67,11110.29,7299.4800000000005,3810.81,MONDAY,NH,W,HWW
Airport ATM,17-06-2013,93,74,19,7315.41,5655.150000000001,1660.26,MONDAY,NH,W,HWW
KK Nagar ATM,17-06-2013,303,240,63,26252.64,20986.89,5265.75,MONDAY,NH,W,HWW
Christ College ATM,17-06-2013,120,54,66,9428.79,4830.33,4598.46,MONDAY,NH,W,HWW
Big Street ATM,18-06-2013,115,32,83,7032.21,2520.48,4511.7300000000005,TUESDAY,NH,W,WWW
Mount Road ATM,18-06-2013,191,72,119,9858.9,4306.41,5552.49,TUESDAY,NH,W,WWW
Airport ATM,18-06-2013,117,86,31,7871.1900000000005,6472.89,1398.3,TUESDAY,NH,W,WWW
KK Nagar ATM,18-06-2013,256,194,62,18551.37,13692.720000000001,4858.650000000001,TUESDAY,NH,W,WWW
Christ College ATM,18-06-2013,85,51,34,5729.49,4421.46,1308.03,TUESDAY,NH,W,WWW
Big Street ATM,19-06-2013,97,40,57,6088.8,3400.17,2688.63,WEDNESDAY,NH,W,WWW
Mount Road ATM,19-06-2013,173,63,110,10481.94,5274.6,5207.34,WEDNESDAY,NH,W,WWW
Airport ATM,19-06-2013,123,89,34,10807.62,8784.51,2023.1100000000001,WEDNESDAY,NH,W,WWW
KK Nagar ATM,19-06-2013,248,194,54,21744.45,17707.08,4037.37,WEDNESDAY,NH,W,WWW
Christ College ATM,19-06-2013,111,61,50,10897.89,6317.13,4580.76,WEDNESDAY,NH,W,WWW
Big Street ATM,20-06-2013,128,44,84,9871.29,4088.7000000000003,5782.59,THURSDAY,NH,W,WWW
Mount Road ATM,20-06-2013,145,69,76,11158.08,7104.78,4053.3,THURSDAY,NH,W,WWW
Airport ATM,20-06-2013,105,87,18,9212.85,8235.81,977.0400000000001,THURSDAY,NH,W,WWW
KK Nagar ATM,20-06-2013,334,267,67,23663.13,18993.87,4669.26,THURSDAY,NH,W,WWW
Christ College ATM,20-06-2013,87,49,38,4669.26,2655.0,2014.26,THURSDAY,NH,W,WWW
Big Street ATM,21-06-2013,84,23,61,4754.22,1508.04,3246.1800000000003,FRIDAY,NH,W,WWH
Mount Road ATM,21-06-2013,161,96,65,13375.890000000001,10035.9,3339.9900000000002,FRIDAY,NH,W,WWH
Airport ATM,21-06-2013,96,69,27,7980.93,6782.64,1198.29,FRIDAY,NH,W,WWH
KK Nagar ATM,21-06-2013,251,170,81,17723.010000000002,12609.48,5113.53,FRIDAY,NH,W,WWH
Christ College ATM,21-06-2013,89,39,50,7927.83,4587.84,3339.9900000000002,FRIDAY,NH,W,WWH
Big Street ATM,22-06-2013,141,51,90,8209.26,3989.58,4219.68,SATURDAY,NH,H,WHH
Mount Road ATM,22-06-2013,160,83,77,9207.54,5556.03,3651.51,SATURDAY,NH,H,WHH
Airport ATM,22-06-2013,147,108,39,12775.86,9673.050000000001,3102.81,SATURDAY,NH,H,WHH
KK Nagar ATM,22-06-2013,268,173,95,19889.49,14021.94,5867.55,SATURDAY,NH,H,WHH
Christ College ATM,22-06-2013,154,65,89,13814.85,8772.12,5042.7300000000005,SATURDAY,NH,H,WHH
Big Street ATM,23-06-2013,98,28,70,3182.46,877.9200000000001,2304.54,SUNDAY,NH,H,HHW
Mount Road ATM,23-06-2013,93,34,59,4309.95,2516.94,1793.01,SUNDAY,NH,H,HHW
Airport ATM,23-06-2013,122,77,45,6878.22,5517.09,1361.13,SUNDAY,NH,H,HHW
KK Nagar ATM,23-06-2013,115,94,21,6357.84,5727.72,630.12,SUNDAY,NH,H,HHW
Christ College ATM,23-06-2013,106,29,77,5278.14,2067.36,3210.78,SUNDAY,NH,H,HHW
Big Street ATM,24-06-2013,93,29,64,3872.76,1635.48,2237.28,MONDAY,NH,W,HWW
Mount Road ATM,24-06-2013,169,94,75,10726.2,7720.74,3005.46,MONDAY,NH,W,HWW
Airport ATM,24-06-2013,113,89,24,8177.400000000001,6913.62,1263.78,MONDAY,NH,W,HWW
KK Nagar ATM,24-06-2013,271,191,80,20420.49,15685.74,4734.75,MONDAY,NH,W,HWW
Christ College ATM,24-06-2013,93,55,38,5879.9400000000005,4088.7000000000003,1791.24,MONDAY,NH,W,HWW
Big Street ATM,25-06-2013,68,29,39,3469.2000000000003,1890.3600000000001,1578.8400000000001,TUESDAY,NH,W,WWW
Mount Road ATM,25-06-2013,78,39,39,3658.59,2355.87,1302.72,TUESDAY,NH,W,WWW
Airport ATM,25-06-2013,38,25,13,2568.27,1603.6200000000001,964.65,TUESDAY,NH,W,WWW
KK Nagar ATM,25-06-2013,235,179,56,19829.31,16464.54,3364.77,TUESDAY,NH,W,WWW
Christ College ATM,25-06-2013,107,55,52,9738.54,5134.77,4603.77,TUESDAY,NH,W,WWW
Big Street ATM,26-06-2013,55,24,31,2869.17,1343.43,1525.74,WEDNESDAY,NH,W,WWW
Mount Road ATM,26-06-2013,164,77,87,11903.25,6538.38,5364.87,WEDNESDAY,NH,W,WWW
Airport ATM,26-06-2013,118,92,26,10159.800000000001,8421.66,1738.14,WEDNESDAY,NH,W,WWW
KK Nagar ATM,26-06-2013,294,196,98,22388.73,14522.85,7865.88,WEDNESDAY,NH,W,WWW
Christ College ATM,26-06-2013,95,53,42,8956.2,6462.27,2493.9300000000003,WEDNESDAY,NH,W,WWW
Big Street ATM,27-06-2013,100,38,62,6124.2,1957.6200000000001,4166.58,THURSDAY,NH,W,WWW
Mount Road ATM,27-06-2013,153,82,71,9202.23,6357.84,2844.39,THURSDAY,NH,W,WWW
Airport ATM,27-06-2013,94,65,29,7267.62,4846.26,2421.36,THURSDAY,NH,W,WWW
KK Nagar ATM,27-06-2013,189,154,35,14444.970000000001,12067.86,2377.11,THURSDAY,NH,W,WWW
Christ College ATM,27-06-2013,116,52,64,7989.780000000001,4387.83,3601.9500000000003,THURSDAY,NH,W,WWW
Big Street ATM,28-06-2013,93,29,64,5678.16,2201.88,3476.28,FRIDAY,NH,W,WWH
Mount Road ATM,28-06-2013,132,65,67,8768.58,4715.28,4053.3,FRIDAY,NH,W,WWH
Airport ATM,28-06-2013,97,79,18,11457.210000000001,10749.210000000001,708.0,FRIDAY,NH,W,WWH
KK Nagar ATM,28-06-2013,294,206,88,23918.010000000002,17009.7,6908.31,FRIDAY,NH,W,WWH
Christ College ATM,28-06-2013,113,50,63,7895.97,4502.88,3393.09,FRIDAY,NH,W,WWH
Big Street ATM,29-06-2013,128,52,76,7205.67,2913.42,4292.25,SATURDAY,NH,H,WHH
Mount Road ATM,29-06-2013,220,87,133,16153.02,9609.33,6543.6900000000005,SATURDAY,NH,H,WHH
Airport ATM,29-06-2013,128,89,39,13512.18,9722.61,3789.57,SATURDAY,NH,H,WHH
KK Nagar ATM,29-06-2013,342,257,85,25813.68,18707.13,7106.55,SATURDAY,NH,H,WHH
Christ College ATM,29-06-2013,157,86,71,14195.4,8789.82,5405.58,SATURDAY,NH,H,WHH
Big Street ATM,30-06-2013,133,36,97,7533.12,2844.39,4688.7300000000005,SUNDAY,NH,H,HHW
Mount Road ATM,30-06-2013,194,51,143,10189.89,3768.33,6421.56,SUNDAY,NH,H,HHW
Airport ATM,30-06-2013,170,114,56,14641.44,10666.02,3975.42,SUNDAY,NH,H,HHW
KK Nagar ATM,30-06-2013,185,103,82,11411.19,4219.68,7191.51,SUNDAY,NH,H,HHW
Christ College ATM,30-06-2013,123,25,98,8446.44,2083.29,6363.150000000001,SUNDAY,NH,H,HHW
Big Street ATM,1/7/2013,90,48,42,4839.18,2499.2400000000002,2339.94,MONDAY,NH,W,HWW
Mount Road ATM,1/7/2013,167,114,53,13128.09,10096.08,3032.01,MONDAY,NH,W,HWW
Airport ATM,1/7/2013,141,121,20,12082.02,11117.37,964.65,MONDAY,NH,W,HWW
KK Nagar ATM,1/7/2013,344,292,52,37024.86,31900.71,5124.150000000001,MONDAY,NH,W,HWW
Christ College ATM,1/7/2013,117,80,37,12020.07,8103.06,3917.01,MONDAY,NH,W,HWW
Big Street ATM,2/7/2013,91,32,59,6062.25,1844.3400000000001,4217.91,TUESDAY,NH,W,WWW
Mount Road ATM,2/7/2013,159,74,85,10489.02,5803.83,4685.1900000000005,TUESDAY,NH,W,WWW
Airport ATM,2/7/2013,94,75,19,7150.8,5837.46,1313.3400000000001,TUESDAY,NH,W,WWW
KK Nagar ATM,2/7/2013,306,247,59,27367.74,23335.68,4032.06,TUESDAY,NH,W,WWW
Christ College ATM,2/7/2013,193,82,111,15489.27,6724.2300000000005,8765.04,TUESDAY,NH,W,WWW
Big Street ATM,3/7/2013,113,29,84,7545.51,1900.98,5644.53,WEDNESDAY,NH,W,WWW
Mount Road ATM,3/7/2013,241,77,164,16508.79,6297.66,10211.130000000001,WEDNESDAY,NH,W,WWW
Airport ATM,3/7/2013,137,103,34,14160.0,12053.7,2106.3,WEDNESDAY,NH,W,WWW
KK Nagar ATM,3/7/2013,327,224,103,26334.06,17480.52,8853.54,WEDNESDAY,NH,W,WWW
Christ College ATM,3/7/2013,182,80,102,15345.9,8051.7300000000005,7294.17,WEDNESDAY,NH,W,WWW
Big Street ATM,4/7/2013,148,35,113,10064.220000000001,3177.15,6887.070000000001,THURSDAY,NH,W,WWW
Mount Road ATM,4/7/2013,230,80,150,15924.69,6802.110000000001,9122.58,THURSDAY,NH,W,WWW
Airport ATM,4/7/2013,136,83,53,11791.74,7497.72,4294.02,THURSDAY,NH,W,WWW
KK Nagar ATM,4/7/2013,345,218,127,30944.91,20624.04,10320.87,THURSDAY,NH,W,WWW
Christ College ATM,4/7/2013,217,76,141,18459.33,7138.41,11320.92,THURSDAY,NH,W,WWW
Big Street ATM,5/7/2013,116,38,78,6644.58,1991.25,4653.33,FRIDAY,NH,W,WWH
Mount Road ATM,5/7/2013,235,100,135,16591.98,8414.58,8177.400000000001,FRIDAY,NH,W,WWH
Airport ATM,5/7/2013,121,90,31,12467.880000000001,11027.1,1440.78,FRIDAY,NH,W,WWH
KK Nagar ATM,5/7/2013,305,204,101,23755.170000000002,16468.08,7287.09,FRIDAY,NH,W,WWH
Christ College ATM,5/7/2013,230,93,137,21287.79,8823.45,12464.34,FRIDAY,NH,W,WWH
Big Street ATM,6/7/2013,105,29,76,5917.110000000001,2024.88,3892.23,SATURDAY,NH,H,WHH
Mount Road ATM,6/7/2013,246,127,119,16296.390000000001,10611.15,5685.24,SATURDAY,NH,H,WHH
Airport ATM,6/7/2013,100,67,33,9165.06,7039.29,2125.77,SATURDAY,NH,H,WHH
KK Nagar ATM,6/7/2013,345,256,89,25912.8,20397.48,5515.32,SATURDAY,NH,H,WHH
Christ College ATM,6/7/2013,133,69,64,12322.74,7621.62,4701.12,SATURDAY,NH,H,WHH
Big Street ATM,7/7/2013,144,38,106,9400.47,2102.76,7297.71,SUNDAY,NH,H,HHW
Mount Road ATM,7/7/2013,203,41,162,10414.68,3386.01,7028.67,SUNDAY,NH,H,HHW
Airport ATM,7/7/2013,145,92,53,10504.95,7931.37,2573.58,SUNDAY,NH,H,HHW
KK Nagar ATM,7/7/2013,169,103,66,10910.28,7196.820000000001,3713.46,SUNDAY,NH,H,HHW
Christ College ATM,7/7/2013,93,34,59,5821.53,2527.56,3293.9700000000003,SUNDAY,NH,H,HHW
Big Street ATM,8/7/2013,100,34,66,5812.68,1500.96,4311.72,MONDAY,NH,W,HWW
Mount Road ATM,8/7/2013,156,83,73,10097.85,7166.7300000000005,2931.12,MONDAY,NH,W,HWW
Airport ATM,8/7/2013,135,101,34,11057.19,9239.4,1817.79,MONDAY,NH,W,HWW
KK Nagar ATM,8/7/2013,320,225,95,28627.98,21624.09,7003.89,MONDAY,NH,W,HWW
Christ College ATM,8/7/2013,165,67,98,14381.25,8205.72,6175.53,MONDAY,NH,W,HWW
Big Street ATM,9/7/2013,127,40,87,9025.23,2389.5,6635.7300000000005,TUESDAY,NH,W,WWW
Mount Road ATM,9/7/2013,165,81,84,9727.92,6536.610000000001,3191.31,TUESDAY,NH,W,WWW
Airport ATM,9/7/2013,104,68,36,8878.32,7049.91,1828.41,TUESDAY,NH,W,WWW
KK Nagar ATM,9/7/2013,306,221,85,22558.65,17335.38,5223.27,TUESDAY,NH,W,WWW
Christ College ATM,9/7/2013,158,68,90,10936.83,5864.01,5072.82,TUESDAY,NH,W,WWW
Big Street ATM,10/7/2013,126,33,93,8349.09,2656.77,5692.32,WEDNESDAY,NH,W,WWW
Mount Road ATM,10/7/2013,152,63,89,9021.69,3348.84,5672.85,WEDNESDAY,NH,W,WWW
Airport ATM,10/7/2013,140,113,27,13894.5,11729.79,2164.71,WEDNESDAY,NH,W,WWW
KK Nagar ATM,10/7/2013,319,244,75,32313.120000000003,26091.57,6221.55,WEDNESDAY,NH,W,WWW
Christ College ATM,10/7/2013,124,65,59,12211.23,7965.0,4246.2300000000005,WEDNESDAY,NH,W,WWW
Big Street ATM,11/7/2013,115,33,82,6322.4400000000005,2670.9300000000003,3651.51,THURSDAY,NH,W,WWW
Mount Road ATM,11/7/2013,46,28,18,1952.31,1366.44,585.87,THURSDAY,NH,W,WWW
Airport ATM,11/7/2013,135,95,40,11471.37,8216.34,3255.03,THURSDAY,NH,W,WWW
KK Nagar ATM,11/7/2013,296,212,84,22866.63,16209.66,6656.97,THURSDAY,NH,W,WWW
Christ College ATM,11/7/2013,147,61,86,11795.28,6554.31,5240.97,THURSDAY,NH,W,WWW
Big Street ATM,12/7/2013,94,43,51,4966.62,3021.39,1945.23,FRIDAY,NH,W,WWH
Mount Road ATM,12/7/2013,153,74,79,12204.15,7205.67,4998.4800000000005,FRIDAY,NH,W,WWH
Airport ATM,12/7/2013,108,80,28,7322.49,6018.0,1304.49,FRIDAY,NH,W,WWH
KK Nagar ATM,12/7/2013,261,199,62,20239.95,15788.4,4451.55,FRIDAY,NH,W,WWH
Christ College ATM,12/7/2013,128,51,77,9696.06,4911.75,4784.31,FRIDAY,NH,W,WWH
Big Street ATM,13-07-2013,84,27,57,5053.35,2653.23,2400.12,SATURDAY,NH,H,WHH
Mount Road ATM,13-07-2013,152,81,71,7078.2300000000005,3426.7200000000003,3651.51,SATURDAY,NH,H,WHH
Airport ATM,13-07-2013,160,137,23,18188.52,17050.41,1138.1100000000001,SATURDAY,NH,H,WHH
KK Nagar ATM,13-07-2013,302,226,76,22604.670000000002,16907.04,5697.63,SATURDAY,NH,H,WHH
Christ College ATM,13-07-2013,89,50,39,7349.04,5016.18,2332.86,SATURDAY,NH,H,WHH
Big Street ATM,14-07-2013,57,29,28,3101.04,2162.94,938.1,SUNDAY,NH,H,HHW
Mount Road ATM,14-07-2013,54,27,27,1922.22,1178.82,743.4,SUNDAY,NH,H,HHW
Airport ATM,14-07-2013,63,55,8,4047.9900000000002,3732.9300000000003,315.06,SUNDAY,NH,H,HHW
KK Nagar ATM,14-07-2013,103,93,10,6669.360000000001,6269.34,400.02000000000004,SUNDAY,NH,H,HHW
Christ College ATM,14-07-2013,28,23,5,2456.76,2189.4900000000002,267.27,SUNDAY,NH,H,HHW
Big Street ATM,15-07-2013,97,51,46,6044.55,3853.29,2191.26,MONDAY,NH,W,HWW
Mount Road ATM,15-07-2013,104,76,28,7110.09,5943.66,1166.43,MONDAY,NH,W,HWW
Airport ATM,15-07-2013,101,91,10,9050.01,8651.76,398.25,MONDAY,NH,W,HWW
KK Nagar ATM,15-07-2013,254,208,46,19385.04,15645.03,3740.01,MONDAY,NH,W,HWW
Christ College ATM,15-07-2013,105,74,31,10418.220000000001,7756.14,2662.08,MONDAY,NH,W,HWW
Big Street ATM,16-07-2013,128,43,85,8412.81,4555.9800000000005,3856.83,TUESDAY,NH,W,WWW
Mount Road ATM,16-07-2013,182,89,93,10096.08,5807.37,4288.71,TUESDAY,NH,W,WWW
Airport ATM,16-07-2013,120,89,31,11623.59,9929.7,1693.89,TUESDAY,NH,W,WWW
KK Nagar ATM,16-07-2013,263,188,75,21286.02,15607.86,5678.16,TUESDAY,NH,W,WWW
Christ College ATM,16-07-2013,106,54,52,7966.77,4676.34,3290.4300000000003,TUESDAY,NH,W,WWW
Big Street ATM,17-07-2013,153,34,119,9165.06,3382.4700000000003,5782.59,WEDNESDAY,NH,W,WWW
Mount Road ATM,17-07-2013,171,70,101,9758.01,5340.09,4417.92,WEDNESDAY,NH,W,WWW
Airport ATM,17-07-2013,163,113,50,14430.81,11389.95,3040.86,WEDNESDAY,NH,W,WWW
KK Nagar ATM,17-07-2013,274,177,97,21409.920000000002,15140.58,6269.34,WEDNESDAY,NH,W,WWW
Christ College ATM,17-07-2013,160,64,96,14032.56,8508.39,5524.17,WEDNESDAY,NH,W,WWW
Big Street ATM,18-07-2013,159,30,129,7632.24,2775.36,4856.88,THURSDAY,NH,W,WWW
Mount Road ATM,18-07-2013,174,48,126,8547.33,2515.17,6032.16,THURSDAY,NH,W,WWW
Airport ATM,18-07-2013,71,34,37,4508.1900000000005,2152.32,2355.87,THURSDAY,NH,W,WWW
KK Nagar ATM,18-07-2013,423,302,121,31946.73,23820.66,8126.070000000001,THURSDAY,NH,W,WWW
Christ College ATM,18-07-2013,177,72,105,15698.130000000001,9520.83,6177.3,THURSDAY,NH,W,WWW
Big Street ATM,19-07-2013,117,30,87,8579.19,3301.05,5278.14,FRIDAY,NH,W,WWH
Mount Road ATM,19-07-2013,162,79,83,9959.79,5918.88,4040.9100000000003,FRIDAY,NH,W,WWH
Airport ATM,19-07-2013,91,65,26,6354.3,4998.4800000000005,1355.82,FRIDAY,NH,W,WWH
KK Nagar ATM,19-07-2013,239,190,49,16830.93,13386.51,3444.42,FRIDAY,NH,W,WWH
Christ College ATM,19-07-2013,140,46,94,9343.83,4046.2200000000003,5297.610000000001,FRIDAY,NH,W,WWH
Big Street ATM,20-07-2013,82,38,44,4021.44,2067.36,1954.0800000000002,SATURDAY,NH,H,WHH
Mount Road ATM,20-07-2013,221,79,142,12850.2,6232.17,6618.03,SATURDAY,NH,H,WHH
Airport ATM,20-07-2013,155,113,42,13731.66,11572.26,2159.4,SATURDAY,NH,H,WHH
KK Nagar ATM,20-07-2013,312,226,86,25126.920000000002,18473.49,6653.43,SATURDAY,NH,H,WHH
Christ College ATM,20-07-2013,134,47,87,10320.87,4343.58,5977.29,SATURDAY,NH,H,WHH
Big Street ATM,21-07-2013,125,53,72,6722.46,3338.2200000000003,3384.2400000000002,SUNDAY,NH,H,HHW
Mount Road ATM,21-07-2013,79,24,55,3407.25,1493.88,1913.3700000000001,SUNDAY,NH,H,HHW
Airport ATM,21-07-2013,112,78,34,6465.81,4917.06,1548.75,SUNDAY,NH,H,HHW
KK Nagar ATM,21-07-2013,120,86,34,9520.83,7573.83,1947.0,SUNDAY,NH,H,HHW
Christ College ATM,21-07-2013,75,35,40,3605.4900000000002,1948.77,1656.72,SUNDAY,NH,H,HHW
Big Street ATM,22-07-2013,87,27,60,5235.66,2412.51,2823.15,MONDAY,NH,W,HWW
Mount Road ATM,22-07-2013,133,64,69,7007.43,4340.04,2667.39,MONDAY,NH,W,HWW
Airport ATM,22-07-2013,124,94,30,11743.95,9600.48,2143.4700000000003,MONDAY,NH,W,HWW
KK Nagar ATM,22-07-2013,247,187,60,18868.2,14395.41,4472.79,MONDAY,NH,W,HWW
Christ College ATM,22-07-2013,104,53,51,6317.13,3771.87,2545.26,MONDAY,NH,W,HWW
Big Street ATM,23-07-2013,85,27,58,3872.76,1623.0900000000001,2249.67,TUESDAY,NH,W,WWW
Mount Road ATM,23-07-2013,145,84,61,7260.54,4686.96,2573.58,TUESDAY,NH,W,WWW
Airport ATM,23-07-2013,109,87,22,9145.59,7848.18,1297.41,TUESDAY,NH,W,WWW
KK Nagar ATM,23-07-2013,195,146,49,12758.16,10110.24,2647.92,TUESDAY,NH,W,WWW
Christ College ATM,23-07-2013,106,64,42,9671.28,6665.820000000001,3005.46,TUESDAY,NH,W,WWW
Big Street ATM,24-07-2013,109,34,75,5055.12,1695.66,3359.46,WEDNESDAY,NH,W,WWW
Mount Road ATM,24-07-2013,126,61,65,7364.97,4299.33,3065.64,WEDNESDAY,NH,W,WWW
Airport ATM,24-07-2013,95,71,24,5184.33,4076.31,1108.02,WEDNESDAY,NH,W,WWW
KK Nagar ATM,24-07-2013,239,180,59,20146.14,16568.97,3577.17,WEDNESDAY,NH,W,WWW
Christ College ATM,24-07-2013,41,30,11,4499.34,3375.39,1123.95,WEDNESDAY,NH,W,WWW
Big Street ATM,25-07-2013,86,28,58,4826.79,2154.09,2672.7000000000003,THURSDAY,NH,W,WWW
Mount Road ATM,25-07-2013,117,69,48,4741.83,2508.09,2233.7400000000002,THURSDAY,NH,W,WWW
Airport ATM,25-07-2013,110,81,29,9352.68,7671.18,1681.5,THURSDAY,NH,W,WWW
KK Nagar ATM,25-07-2013,302,244,58,21813.48,17859.3,3954.1800000000003,THURSDAY,NH,W,WWW
Christ College ATM,25-07-2013,100,51,49,9057.09,4984.32,4072.77,THURSDAY,NH,W,WWW
Big Street ATM,26-07-2013,101,41,60,5225.04,2787.75,2437.29,FRIDAY,NH,W,WWH
Mount Road ATM,26-07-2013,141,76,65,6451.650000000001,3759.48,2692.17,FRIDAY,NH,W,WWH
Airport ATM,26-07-2013,115,81,34,9071.25,7982.7,1088.55,FRIDAY,NH,W,WWH
KK Nagar ATM,26-07-2013,250,211,39,19177.95,16496.4,2681.55,FRIDAY,NH,W,WWH
Christ College ATM,26-07-2013,107,68,39,8616.36,6488.820000000001,2127.54,FRIDAY,NH,W,WWH
Big Street ATM,27-07-2013,90,30,60,3534.69,1286.79,2247.9,SATURDAY,NH,H,WHH
Mount Road ATM,27-07-2013,172,88,84,9917.31,6602.1,3315.21,SATURDAY,NH,H,WHH
Airport ATM,27-07-2013,137,97,40,10212.9,8186.25,2026.65,SATURDAY,NH,H,WHH
KK Nagar ATM,27-07-2013,285,221,64,19346.100000000002,15560.07,3786.03,SATURDAY,NH,H,WHH
Christ College ATM,27-07-2013,145,69,76,11129.76,7738.4400000000005,3391.32,SATURDAY,NH,H,WHH
Big Street ATM,28-07-2013,120,39,81,5741.88,2876.25,2865.63,SUNDAY,NH,H,HHW
Mount Road ATM,28-07-2013,2,2,0,238.95000000000002,238.95000000000002,0.0,SUNDAY,NH,H,HHW
Airport ATM,28-07-2013,120,76,44,7894.2,6278.1900000000005,1616.01,SUNDAY,NH,H,HHW
KK Nagar ATM,28-07-2013,192,131,61,13131.630000000001,10058.91,3072.7200000000003,SUNDAY,NH,H,HHW
Christ College ATM,28-07-2013,92,40,52,5166.63,3440.88,1725.75,SUNDAY,NH,H,HHW
Big Street ATM,29-07-2013,71,28,43,5263.9800000000005,2343.48,2920.5,MONDAY,NH,W,HWW
Mount Road ATM,29-07-2013,126,71,55,6306.51,4182.51,2124.0,MONDAY,NH,W,HWW
Airport ATM,29-07-2013,81,62,19,6779.1,5743.650000000001,1035.45,MONDAY,NH,W,HWW
KK Nagar ATM,29-07-2013,316,238,78,21489.57,16453.920000000002,5035.650000000001,MONDAY,NH,W,HWW
Christ College ATM,29-07-2013,161,51,110,10736.82,3936.48,6800.34,MONDAY,NH,W,HWW
Big Street ATM,30-07-2013,76,27,49,4596.6900000000005,2283.3,2313.39,TUESDAY,NH,W,WWW
Mount Road ATM,30-07-2013,138,87,51,7880.04,5651.610000000001,2228.43,TUESDAY,NH,W,WWW
Airport ATM,30-07-2013,105,84,21,8131.38,7124.25,1007.13,TUESDAY,NH,W,WWW
KK Nagar ATM,30-07-2013,247,184,63,18195.600000000002,13289.16,4906.4400000000005,TUESDAY,NH,W,WWW
Christ College ATM,30-07-2013,120,55,65,7101.24,3430.26,3670.98,TUESDAY,NH,W,WWW
Big Street ATM,31-07-2013,63,29,34,4256.85,2527.56,1729.29,WEDNESDAY,NH,W,WWW
Mount Road ATM,31-07-2013,184,103,81,13820.16,8538.48,5281.68,WEDNESDAY,NH,W,WWW
Airport ATM,31-07-2013,141,107,34,11020.02,9743.85,1276.17,WEDNESDAY,NH,W,WWW
KK Nagar ATM,31-07-2013,273,225,48,23034.78,19804.53,3230.25,WEDNESDAY,NH,W,WWW
Christ College ATM,31-07-2013,208,68,140,14545.86,6508.29,8037.570000000001,WEDNESDAY,NH,W,WWW
Big Street ATM,1/8/2013,127,46,81,8777.43,4037.37,4740.06,THURSDAY,NH,W,WWW
Mount Road ATM,1/8/2013,77,48,29,6835.74,4617.93,2217.81,THURSDAY,NH,W,WWW
Airport ATM,1/8/2013,161,119,42,14584.800000000001,10972.23,3612.57,THURSDAY,NH,W,WWW
KK Nagar ATM,1/8/2013,348,250,98,30831.63,22162.170000000002,8669.460000000001,THURSDAY,NH,W,WWW
Christ College ATM,1/8/2013,161,69,92,13285.62,5740.110000000001,7545.51,THURSDAY,NH,W,WWW
Big Street ATM,2/8/2013,139,36,103,10388.130000000001,4352.43,6035.7,FRIDAY,NH,W,WWH
Mount Road ATM,2/8/2013,29,18,11,856.6800000000001,529.23,327.45,FRIDAY,NH,W,WWH
Airport ATM,2/8/2013,175,150,25,18361.98,16363.65,1998.3300000000002,FRIDAY,NH,W,WWH
KK Nagar ATM,2/8/2013,304,223,81,27843.87,21241.77,6602.1,FRIDAY,NH,W,WWH
Christ College ATM,2/8/2013,194,65,129,16935.36,6568.47,10366.89,FRIDAY,NH,W,WWH
Big Street ATM,3/8/2013,93,24,69,5184.33,1814.25,3370.08,SATURDAY,NH,H,WHH
Mount Road ATM,3/8/2013,195,85,110,8901.33,3662.13,5239.2,SATURDAY,NH,H,WHH
Airport ATM,3/8/2013,188,136,52,19917.81,16260.99,3656.82,SATURDAY,NH,H,WHH
KK Nagar ATM,3/8/2013,309,232,77,25263.21,19475.31,5787.900000000001,SATURDAY,NH,H,WHH
Christ College ATM,3/8/2013,164,42,122,13101.54,2959.44,10142.1,SATURDAY,NH,H,WHH
Big Street ATM,4/8/2013,137,27,110,6603.87,1123.95,5479.92,SUNDAY,NH,H,HHW
Mount Road ATM,4/8/2013,232,45,187,10572.210000000001,2655.0,7917.21,SUNDAY,NH,H,HHW
Airport ATM,4/8/2013,159,102,57,10000.5,6639.27,3361.23,SUNDAY,NH,H,HHW
KK Nagar ATM,4/8/2013,144,81,63,9795.18,5888.79,3906.3900000000003,SUNDAY,NH,H,HHW
Christ College ATM,4/8/2013,90,32,58,5009.1,1405.38,3603.7200000000003,SUNDAY,NH,H,HHW
Big Street ATM,5/8/2013,97,34,63,6421.56,3297.51,3124.05,MONDAY,NH,W,HWW
Mount Road ATM,5/8/2013,198,113,85,15699.9,10517.34,5182.56,MONDAY,NH,W,HWW
Airport ATM,5/8/2013,170,118,52,14457.36,10391.67,4065.69,MONDAY,NH,W,HWW
KK Nagar ATM,5/8/2013,316,246,70,28229.73,22401.12,5828.610000000001,MONDAY,NH,W,HWW
Christ College ATM,5/8/2013,181,79,102,16815.0,9175.68,7639.320000000001,MONDAY,NH,W,HWW
Big Street ATM,6/8/2013,97,32,65,5171.9400000000005,1492.1100000000001,3679.83,TUESDAY,NH,W,WWW
Mount Road ATM,6/8/2013,189,90,99,12975.87,6885.3,6090.57,TUESDAY,NH,W,WWW
Airport ATM,6/8/2013,122,81,41,10936.83,7860.570000000001,3076.26,TUESDAY,NH,W,WWW
KK Nagar ATM,6/8/2013,237,188,49,21266.55,17420.34,3846.21,TUESDAY,NH,W,WWW
Christ College ATM,6/8/2013,174,64,110,13221.9,4414.38,8807.52,TUESDAY,NH,W,WWW
Big Street ATM,7/8/2013,111,43,68,7864.110000000001,4382.52,3481.59,WEDNESDAY,NH,W,WWW
Mount Road ATM,7/8/2013,176,103,73,11903.25,7331.34,4571.91,WEDNESDAY,NH,W,WWW
Airport ATM,7/8/2013,154,97,57,14528.16,10239.45,4288.71,WEDNESDAY,NH,W,WWW
KK Nagar ATM,7/8/2013,235,172,63,23050.71,18188.52,4862.1900000000005,WEDNESDAY,NH,W,WWW
Christ College ATM,7/8/2013,37,14,23,3193.08,1593.0,1600.0800000000002,WEDNESDAY,NH,W,WWW
Big Street ATM,8/8/2013,109,50,59,6430.41,2754.12,3676.29,THURSDAY,NH,W,WWW
Mount Road ATM,8/8/2013,199,117,82,11292.6,7051.68,4240.92,THURSDAY,NH,W,WWW
Airport ATM,8/8/2013,137,108,29,13367.04,11301.45,2065.59,THURSDAY,NH,W,WWW
KK Nagar ATM,8/8/2013,286,236,50,24291.48,20765.64,3525.84,THURSDAY,NH,W,WWW
Christ College ATM,8/8/2013,180,65,115,16324.710000000001,6626.88,9697.83,THURSDAY,NH,W,WWW
Big Street ATM,9/8/2013,127,30,97,5941.89,1122.18,4819.71,FRIDAY,NH,W,WWH
Mount Road ATM,9/8/2013,150,53,97,5016.18,1679.73,3336.4500000000003,FRIDAY,NH,W,WWH
Airport ATM,9/8/2013,133,73,60,9219.93,6350.76,2869.17,FRIDAY,NH,W,WWH
KK Nagar ATM,9/8/2013,208,122,86,15965.4,9205.77,6759.63,FRIDAY,NH,W,WWH
Christ College ATM,9/8/2013,105,19,86,6439.26,1077.93,5361.33,FRIDAY,NH,W,WWH
Big Street ATM,10/8/2013,100,39,61,7773.84,4212.6,3561.2400000000002,SATURDAY,NH,H,WHH
Mount Road ATM,10/8/2013,183,96,87,12772.32,8402.19,4370.13,SATURDAY,NH,H,WHH
Airport ATM,10/8/2013,114,89,25,9488.97,7972.08,1516.89,SATURDAY,NH,H,WHH
KK Nagar ATM,10/8/2013,296,208,88,25082.670000000002,18425.7,6656.97,SATURDAY,NH,H,WHH
Christ College ATM,10/8/2013,97,49,48,7959.6900000000005,3993.12,3966.57,SATURDAY,NH,H,WHH
Big Street ATM,11/8/2013,109,44,65,7575.6,4600.2300000000005,2975.37,SUNDAY,NH,H,HHW
Mount Road ATM,11/8/2013,121,27,94,5255.13,1281.48,3973.65,SUNDAY,NH,H,HHW
Airport ATM,11/8/2013,54,31,23,3403.71,1426.6200000000001,1977.0900000000001,SUNDAY,NH,H,HHW
KK Nagar ATM,11/8/2013,127,70,57,8796.9,5156.01,3640.89,SUNDAY,NH,H,HHW
Christ College ATM,11/8/2013,139,37,102,8379.18,2251.44,6127.74,SUNDAY,NH,H,HHW
Big Street ATM,12/8/2013,97,38,59,5982.6,2430.21,3552.39,MONDAY,NH,W,HWW
Mount Road ATM,12/8/2013,159,82,77,9283.65,5118.84,4164.81,MONDAY,NH,W,HWW
Airport ATM,12/8/2013,143,108,35,13559.970000000001,10666.02,2893.9500000000003,MONDAY,NH,W,HWW
KK Nagar ATM,12/8/2013,303,217,86,24790.62,18365.52,6425.1,MONDAY,NH,W,HWW
Christ College ATM,12/8/2013,158,60,98,14305.140000000001,7418.070000000001,6887.070000000001,MONDAY,NH,W,HWW
Big Street ATM,13-08-2013,95,26,69,6205.62,1966.47,4239.150000000001,TUESDAY,NH,W,WWW
Mount Road ATM,13-08-2013,172,110,62,10046.52,7258.77,2787.75,TUESDAY,NH,W,WWW
Airport ATM,13-08-2013,142,93,49,12864.36,9607.56,3256.8,TUESDAY,NH,W,WWW
KK Nagar ATM,13-08-2013,263,196,67,23544.54,17838.06,5706.4800000000005,TUESDAY,NH,W,WWW
Christ College ATM,13-08-2013,169,95,74,15883.98,10329.720000000001,5554.26,TUESDAY,NH,W,WWW
Big Street ATM,14-08-2013,150,57,93,10775.76,6090.57,4685.1900000000005,WEDNESDAY,NH,W,WWH
Mount Road ATM,14-08-2013,140,83,57,8065.89,5968.4400000000005,2097.4500000000003,WEDNESDAY,NH,W,WWH
Airport ATM,14-08-2013,115,81,34,8165.01,5925.96,2239.05,WEDNESDAY,NH,W,WWH
KK Nagar ATM,14-08-2013,259,197,62,20193.93,15954.78,4239.150000000001,WEDNESDAY,NH,W,WWH
Christ College ATM,14-08-2013,116,52,64,9811.11,5255.13,4555.9800000000005,WEDNESDAY,NH,W,WWH
Mount Road ATM,15-08-2013,128,50,78,7665.87,4633.86,3032.01,THURSDAY,N,H,WHW
Airport ATM,15-08-2013,109,82,27,7862.34,6495.900000000001,1366.44,THURSDAY,N,H,WHW
KK Nagar ATM,15-08-2013,215,161,54,13439.61,10496.1,2943.51,THURSDAY,N,H,WHW
Christ College ATM,15-08-2013,65,20,45,3515.2200000000003,2180.64,1334.58,THURSDAY,N,H,WHW
Big Street ATM,16-08-2013,103,45,58,5419.74,2895.7200000000003,2524.02,FRIDAY,NH,W,HWH
Mount Road ATM,16-08-2013,195,127,68,13282.08,11225.34,2056.7400000000002,FRIDAY,NH,W,HWH
Airport ATM,16-08-2013,116,95,21,9239.4,7949.070000000001,1290.33,FRIDAY,NH,W,HWH
KK Nagar ATM,16-08-2013,210,164,46,13738.74,10487.25,3251.4900000000002,FRIDAY,NH,W,HWH
Christ College ATM,16-08-2013,134,47,87,11113.83,5145.39,5968.4400000000005,FRIDAY,NH,W,HWH
Big Street ATM,17-08-2013,73,18,55,3187.77,817.74,2370.03,SATURDAY,NH,H,WHH
Mount Road ATM,17-08-2013,202,87,115,13108.62,7071.150000000001,6037.47,SATURDAY,NH,H,WHH
Airport ATM,17-08-2013,133,109,24,10219.98,8042.88,2177.1,SATURDAY,NH,H,WHH
KK Nagar ATM,17-08-2013,268,208,60,17976.12,14694.54,3281.58,SATURDAY,NH,H,WHH
Christ College ATM,17-08-2013,131,55,76,11876.7,7092.39,4784.31,SATURDAY,NH,H,WHH
Big Street ATM,18-08-2013,151,35,116,7798.62,3520.53,4278.09,SUNDAY,NH,H,HHW
Mount Road ATM,18-08-2013,146,38,108,6269.34,3021.39,3247.9500000000003,SUNDAY,NH,H,HHW
Airport ATM,18-08-2013,124,83,41,8126.070000000001,5545.41,2580.66,SUNDAY,NH,H,HHW
KK Nagar ATM,18-08-2013,115,92,23,6511.83,5802.06,709.77,SUNDAY,NH,H,HHW
Christ College ATM,18-08-2013,86,32,54,3478.05,1787.7,1690.3500000000001,SUNDAY,NH,H,HHW
Big Street ATM,19-08-2013,129,49,80,8150.85,3267.42,4883.43,MONDAY,NH,W,HWW
Mount Road ATM,19-08-2013,168,80,88,10538.58,6241.02,4297.56,MONDAY,NH,W,HWW
Airport ATM,19-08-2013,111,82,29,9772.17,8375.64,1396.53,MONDAY,NH,W,HWW
KK Nagar ATM,19-08-2013,275,211,64,21155.04,16632.69,4522.35,MONDAY,NH,W,HWW
Christ College ATM,19-08-2013,114,50,64,9671.28,4994.9400000000005,4676.34,MONDAY,NH,W,HWW
Big Street ATM,20-08-2013,123,38,85,6085.26,2359.41,3725.85,TUESDAY,NH,W,WWW
Mount Road ATM,20-08-2013,180,85,95,9494.28,4667.49,4826.79,TUESDAY,NH,W,WWW
Airport ATM,20-08-2013,125,95,30,11427.12,9287.19,2139.93,TUESDAY,NH,W,WWW
KK Nagar ATM,20-08-2013,199,159,40,15632.640000000001,13890.960000000001,1741.68,TUESDAY,NH,W,WWW
Christ College ATM,20-08-2013,140,62,78,8982.75,4987.860000000001,3994.8900000000003,TUESDAY,NH,W,WWW
Big Street ATM,21-08-2013,101,30,71,5163.09,1902.75,3260.34,WEDNESDAY,NH,W,WWW
Mount Road ATM,21-08-2013,144,80,64,10329.720000000001,6324.21,4005.51,WEDNESDAY,NH,W,WWW
Airport ATM,21-08-2013,132,106,26,10503.18,9147.36,1355.82,WEDNESDAY,NH,W,WWW
KK Nagar ATM,21-08-2013,243,204,39,26093.34,22625.91,3467.4300000000003,WEDNESDAY,NH,W,WWW
Christ College ATM,21-08-2013,103,63,40,9984.57,8173.860000000001,1810.71,WEDNESDAY,NH,W,WWW
Big Street ATM,22-08-2013,93,32,61,3908.1600000000003,1773.54,2134.62,THURSDAY,NH,W,WWW
Mount Road ATM,22-08-2013,179,107,72,10366.89,6715.38,3651.51,THURSDAY,NH,W,WWW
Airport ATM,22-08-2013,104,81,23,9067.710000000001,7938.45,1129.26,THURSDAY,NH,W,WWW
KK Nagar ATM,22-08-2013,206,155,51,17907.09,13926.36,3980.73,THURSDAY,NH,W,WWW
Christ College ATM,22-08-2013,132,53,79,10135.02,5902.95,4232.07,THURSDAY,NH,W,WWW
Big Street ATM,23-08-2013,99,34,65,4690.5,2371.8,2318.7000000000003,FRIDAY,NH,W,WWH
Mount Road ATM,23-08-2013,150,98,52,7423.38,5717.1,1706.28,FRIDAY,NH,W,WWH
Airport ATM,23-08-2013,93,69,24,7802.16,6295.89,1506.27,FRIDAY,NH,W,WWH
KK Nagar ATM,23-08-2013,221,170,51,16795.53,13094.460000000001,3701.07,FRIDAY,NH,W,WWH
Christ College ATM,23-08-2013,123,73,50,12105.03,8157.93,3947.1,FRIDAY,NH,W,WWH
Big Street ATM,24-08-2013,113,40,73,5865.78,3039.09,2826.69,SATURDAY,NH,H,WHH
Mount Road ATM,24-08-2013,180,98,82,11099.67,8320.77,2778.9,SATURDAY,NH,H,WHH
Airport ATM,24-08-2013,103,84,19,6936.63,5975.52,961.11,SATURDAY,NH,H,WHH
KK Nagar ATM,24-08-2013,232,182,50,13745.82,11266.050000000001,2479.77,SATURDAY,NH,H,WHH
Christ College ATM,24-08-2013,51,28,23,5065.74,2971.83,2093.91,SATURDAY,NH,H,WHH
Big Street ATM,25-08-2013,138,48,90,5911.8,3796.65,2115.15,SUNDAY,NH,H,HHW
Mount Road ATM,25-08-2013,135,54,81,6414.4800000000005,3447.96,2966.52,SUNDAY,NH,H,HHW
Airport ATM,25-08-2013,136,112,24,12570.54,11435.970000000001,1134.57,SUNDAY,NH,H,HHW
KK Nagar ATM,25-08-2013,11,9,2,454.89,433.65000000000003,21.240000000000002,SUNDAY,NH,H,HHW
Big Street ATM,26-08-2013,85,28,57,6058.71,3297.51,2761.2000000000003,MONDAY,NH,W,HWW
Mount Road ATM,26-08-2013,138,81,57,6375.54,4527.66,1847.88,MONDAY,NH,W,HWW
Airport ATM,26-08-2013,145,105,40,13322.79,10628.85,2693.94,MONDAY,NH,W,HWW
KK Nagar ATM,26-08-2013,234,187,47,21514.350000000002,18599.16,2915.19,MONDAY,NH,W,HWW
Christ College ATM,26-08-2013,76,32,44,4129.41,2352.33,1777.0800000000002,MONDAY,NH,W,HWW
Big Street ATM,27-08-2013,105,41,64,5393.1900000000005,2582.4300000000003,2810.76,TUESDAY,NH,W,WWW
Mount Road ATM,27-08-2013,185,108,77,13499.79,8968.59,4531.2,TUESDAY,NH,W,WWW
Airport ATM,27-08-2013,125,88,37,9917.31,7655.25,2262.06,TUESDAY,NH,W,WWW
KK Nagar ATM,27-08-2013,245,184,61,20422.260000000002,16813.23,3609.03,TUESDAY,NH,W,WWW
Christ College ATM,27-08-2013,139,47,92,13000.65,4350.66,8649.99,TUESDAY,NH,W,WWW
Big Street ATM,28-08-2013,107,40,67,5214.42,2387.73,2826.69,WEDNESDAY,NH,W,WWW
Mount Road ATM,28-08-2013,121,48,73,6030.39,3692.2200000000003,2338.17,WEDNESDAY,NH,W,WWW
Airport ATM,28-08-2013,107,74,33,8051.7300000000005,6472.89,1578.8400000000001,WEDNESDAY,NH,W,WWW
KK Nagar ATM,28-08-2013,179,126,53,13358.19,10126.17,3232.02,WEDNESDAY,NH,W,WWW
Christ College ATM,28-08-2013,103,42,61,6655.2,3393.09,3262.11,WEDNESDAY,NH,W,WWW
Big Street ATM,29-08-2013,89,25,64,3396.63,704.46,2692.17,THURSDAY,NH,W,WWW
Mount Road ATM,29-08-2013,141,93,48,13510.41,11687.31,1823.1000000000001,THURSDAY,NH,W,WWW
Airport ATM,29-08-2013,122,101,21,10414.68,9324.36,1090.32,THURSDAY,NH,W,WWW
KK Nagar ATM,29-08-2013,191,157,34,16368.960000000001,14328.15,2040.81,THURSDAY,NH,W,WWW
Christ College ATM,29-08-2013,150,68,82,10768.68,6554.31,4214.37,THURSDAY,NH,W,WWW
Big Street ATM,30-08-2013,106,40,66,6150.75,2568.27,3582.48,FRIDAY,NH,W,WWH
Mount Road ATM,30-08-2013,145,77,68,7600.38,3869.2200000000003,3731.1600000000003,FRIDAY,NH,W,WWH
Airport ATM,30-08-2013,84,58,26,6998.58,5678.16,1320.42,FRIDAY,NH,W,WWH
KK Nagar ATM,30-08-2013,257,202,55,24815.4,21478.95,3336.4500000000003,FRIDAY,NH,W,WWH
Christ College ATM,30-08-2013,162,53,109,11926.26,4244.46,7681.8,FRIDAY,NH,W,WWH
Big Street ATM,31-08-2013,96,29,67,7014.51,3021.39,3993.12,SATURDAY,NH,H,WHH
Mount Road ATM,31-08-2013,177,101,76,12889.140000000001,9154.44,3734.7000000000003,SATURDAY,NH,H,WHH
Airport ATM,31-08-2013,174,128,46,18124.8,15765.390000000001,2359.41,SATURDAY,NH,H,WHH
KK Nagar ATM,31-08-2013,319,233,86,29661.66,22125.0,7536.66,SATURDAY,NH,H,WHH
Christ College ATM,31-08-2013,154,58,96,13034.28,5051.58,7982.7,SATURDAY,NH,H,WHH
Big Street ATM,1/9/2013,129,47,82,7395.06,2532.87,4862.1900000000005,SUNDAY,NH,H,HHW
Mount Road ATM,1/9/2013,123,47,76,7140.18,3102.81,4037.37,SUNDAY,NH,H,HHW
Airport ATM,1/9/2013,145,100,45,14687.460000000001,11572.26,3115.2000000000003,SUNDAY,NH,H,HHW
KK Nagar ATM,1/9/2013,219,155,64,17650.44,11997.06,5653.38,SUNDAY,NH,H,HHW
Christ College ATM,1/9/2013,140,56,84,10958.07,3897.54,7060.53,SUNDAY,NH,H,HHW
Big Street ATM,2/9/2013,85,20,65,5525.9400000000005,1139.88,4386.06,MONDAY,NH,W,HWW
Mount Road ATM,2/9/2013,180,107,73,13436.07,9230.550000000001,4205.52,MONDAY,NH,W,HWW
Airport ATM,2/9/2013,153,107,46,13018.35,9715.53,3302.82,MONDAY,NH,W,HWW
KK Nagar ATM,2/9/2013,256,187,69,21884.28,16988.46,4895.82,MONDAY,NH,W,HWW
Christ College ATM,2/9/2013,162,56,106,14475.06,5414.43,9060.630000000001,MONDAY,NH,W,HWW
Big Street ATM,3/9/2013,119,39,80,6522.45,2400.12,4122.33,TUESDAY,NH,W,WWW
Mount Road ATM,3/9/2013,208,94,114,15614.94,8131.38,7483.56,TUESDAY,NH,W,WWW
Airport ATM,3/9/2013,160,119,41,13225.44,10182.81,3042.63,TUESDAY,NH,W,WWW
KK Nagar ATM,3/9/2013,303,218,85,27507.57,20096.58,7410.99,TUESDAY,NH,W,WWW
Christ College ATM,3/9/2013,157,59,98,14836.140000000001,7198.59,7637.55,TUESDAY,NH,W,WWW
Big Street ATM,4/9/2013,125,44,81,6099.42,2408.9700000000003,3690.4500000000003,WEDNESDAY,NH,W,WWW
Mount Road ATM,4/9/2013,208,106,102,15036.15,8313.69,6722.46,WEDNESDAY,NH,W,WWW
Airport ATM,4/9/2013,88,59,29,6619.8,4481.64,2138.16,WEDNESDAY,NH,W,WWW
KK Nagar ATM,4/9/2013,360,272,88,35987.64,27125.25,8862.39,WEDNESDAY,NH,W,WWW
Christ College ATM,4/9/2013,220,60,160,17071.65,6055.17,11016.48,WEDNESDAY,NH,W,WWW
Big Street ATM,5/9/2013,121,41,80,5223.27,1644.3300000000002,3578.94,THURSDAY,NH,W,WWW
Mount Road ATM,5/9/2013,193,98,95,14675.07,9297.81,5377.26,THURSDAY,NH,W,WWW
Airport ATM,5/9/2013,135,101,34,11621.82,9448.26,2173.56,THURSDAY,NH,W,WWW
KK Nagar ATM,5/9/2013,251,184,67,22730.34,16868.100000000002,5862.24,THURSDAY,NH,W,WWW
Christ College ATM,5/9/2013,156,58,98,14657.37,7396.83,7260.54,THURSDAY,NH,W,WWW
Big Street ATM,6/9/2013,131,44,87,6687.06,2097.4500000000003,4589.61,FRIDAY,NH,W,WWH
Mount Road ATM,6/9/2013,193,97,96,14510.460000000001,9345.6,5164.860000000001,FRIDAY,NH,W,WWH
Airport ATM,6/9/2013,132,93,39,11205.87,8658.84,2547.03,FRIDAY,NH,W,WWH
KK Nagar ATM,6/9/2013,239,175,64,18411.54,14298.06,4113.4800000000005,FRIDAY,NH,W,WWH
Christ College ATM,6/9/2013,149,64,85,8747.34,2791.29,5956.05,FRIDAY,NH,W,WWH
Big Street ATM,7/9/2013,150,41,109,10827.09,4917.06,5910.03,SATURDAY,NH,H,WHH
Mount Road ATM,7/9/2013,185,90,95,11018.25,5800.29,5217.96,SATURDAY,NH,H,WHH
Airport ATM,7/9/2013,132,87,45,10970.460000000001,8074.74,2895.7200000000003,SATURDAY,NH,H,WHH
KK Nagar ATM,7/9/2013,312,227,85,25018.95,18746.07,6272.88,SATURDAY,NH,H,WHH
Christ College ATM,7/9/2013,130,78,52,13848.48,9239.4,4609.08,SATURDAY,NH,H,WHH
Big Street ATM,8/9/2013,166,39,127,8483.61,2860.32,5623.29,SUNDAY,NH,H,HHH
Mount Road ATM,8/9/2013,113,33,80,5134.77,2224.89,2909.88,SUNDAY,NH,H,HHH
Airport ATM,8/9/2013,71,39,32,5777.28,3299.28,2478.0,SUNDAY,NH,H,HHH
KK Nagar ATM,8/9/2013,235,147,88,14871.54,8919.03,5952.51,SUNDAY,NH,H,HHH
Christ College ATM,8/9/2013,73,32,41,6118.89,3170.07,2948.82,SUNDAY,NH,H,HHH
Big Street ATM,9/9/2013,119,26,93,6977.34,2279.76,4697.58,MONDAY,H,H,HHW
Mount Road ATM,9/9/2013,102,35,67,4994.9400000000005,2548.8,2446.14,MONDAY,H,H,HHW
Airport ATM,9/9/2013,2,0,2,17.7,0.0,17.7,MONDAY,H,H,HHW
KK Nagar ATM,9/9/2013,176,117,59,11574.03,6667.59,4906.4400000000005,MONDAY,H,H,HHW
Christ College ATM,9/9/2013,96,33,63,9432.33,3547.08,5885.25,MONDAY,H,H,HHW
Big Street ATM,10/9/2013,138,38,100,8510.16,3237.33,5272.83,TUESDAY,NH,W,HWW
Mount Road ATM,10/9/2013,163,94,69,12797.1,9142.050000000001,3655.05,TUESDAY,NH,W,HWW
Airport ATM,10/9/2013,68,51,17,6515.37,5651.610000000001,863.76,TUESDAY,NH,W,HWW
KK Nagar ATM,10/9/2013,333,245,88,21432.93,16360.11,5072.82,TUESDAY,NH,W,HWW
Christ College ATM,10/9/2013,197,66,131,16496.4,7257.0,9239.4,TUESDAY,NH,W,HWW
Big Street ATM,11/9/2013,106,24,82,4952.46,702.69,4249.77,WEDNESDAY,NH,W,WWW
Mount Road ATM,11/9/2013,176,89,87,12988.26,6710.070000000001,6278.1900000000005,WEDNESDAY,NH,W,WWW
Airport ATM,11/9/2013,112,75,37,9365.07,7474.71,1890.3600000000001,WEDNESDAY,NH,W,WWW
KK Nagar ATM,11/9/2013,252,189,63,22873.71,18100.02,4773.6900000000005,WEDNESDAY,NH,W,WWW
Christ College ATM,11/9/2013,120,43,77,10920.9,4970.16,5950.74,WEDNESDAY,NH,W,WWW
Big Street ATM,12/9/2013,123,47,76,7356.12,3472.7400000000002,3883.38,THURSDAY,NH,W,WWW
Mount Road ATM,12/9/2013,186,100,86,10522.65,6632.1900000000005,3890.46,THURSDAY,NH,W,WWW
Airport ATM,12/9/2013,144,111,33,13223.67,11496.15,1727.52,THURSDAY,NH,W,WWW
KK Nagar ATM,12/9/2013,269,193,76,23275.5,16742.43,6533.070000000001,THURSDAY,NH,W,WWW
Christ College ATM,12/9/2013,116,45,71,9961.56,4750.68,5210.88,THURSDAY,NH,W,WWW
Big Street ATM,13-09-2013,129,54,75,7552.59,3720.54,3832.05,FRIDAY,NH,W,WWH
Mount Road ATM,13-09-2013,154,81,73,10209.36,7085.31,3124.05,FRIDAY,NH,W,WWH
Airport ATM,13-09-2013,121,91,30,8993.37,6825.12,2168.25,FRIDAY,NH,W,WWH
KK Nagar ATM,13-09-2013,265,199,66,21820.56,16859.25,4961.31,FRIDAY,NH,W,WWH
Christ College ATM,13-09-2013,137,60,77,13344.03,8439.36,4904.67,FRIDAY,NH,W,WWH
Big Street ATM,14-09-2013,100,38,62,6410.9400000000005,3695.76,2715.1800000000003,SATURDAY,NH,H,WHH
Mount Road ATM,14-09-2013,166,87,79,10444.77,6062.25,4382.52,SATURDAY,NH,H,WHH
Airport ATM,14-09-2013,126,97,29,11660.76,9627.03,2033.73,SATURDAY,NH,H,WHH
KK Nagar ATM,14-09-2013,270,210,60,21447.09,18639.87,2807.2200000000003,SATURDAY,NH,H,WHH
Christ College ATM,14-09-2013,137,57,80,11512.08,6333.06,5179.02,SATURDAY,NH,H,WHH
Big Street ATM,15-09-2013,132,32,100,7508.34,2256.75,5251.59,SUNDAY,NH,H,HHW
Mount Road ATM,15-09-2013,151,51,100,5745.42,2405.43,3339.9900000000002,SUNDAY,NH,H,HHW
Airport ATM,15-09-2013,103,60,43,7782.6900000000005,4448.01,3334.6800000000003,SUNDAY,NH,H,HHW
KK Nagar ATM,15-09-2013,142,91,51,12988.26,8642.91,4345.35,SUNDAY,NH,H,HHW
Christ College ATM,15-09-2013,129,26,103,9202.23,1886.82,7315.41,SUNDAY,NH,H,HHW
Big Street ATM,16-09-2013,91,23,68,3324.06,915.09,2408.9700000000003,MONDAY,NH,W,HWW
Mount Road ATM,16-09-2013,169,88,81,9290.73,5796.75,3493.98,MONDAY,NH,W,HWW
Airport ATM,16-09-2013,74,60,14,8129.610000000001,7143.72,985.89,MONDAY,NH,W,HWW
KK Nagar ATM,16-09-2013,178,150,28,14515.77,12781.17,1734.6000000000001,MONDAY,NH,W,HWW
Christ College ATM,16-09-2013,123,35,88,7281.78,2557.65,4724.13,MONDAY,NH,W,HWW
Big Street ATM,17-09-2013,114,41,73,5587.89,3139.98,2447.91,TUESDAY,NH,W,WWW
Mount Road ATM,17-09-2013,151,86,65,10345.65,7209.21,3136.44,TUESDAY,NH,W,WWW
Airport ATM,17-09-2013,113,79,34,8288.91,6818.04,1470.8700000000001,TUESDAY,NH,W,WWW
KK Nagar ATM,17-09-2013,183,133,50,13322.79,10404.06,2918.73,TUESDAY,NH,W,WWW
Christ College ATM,17-09-2013,216,62,154,14607.81,4814.400000000001,9793.41,TUESDAY,NH,W,WWW
Big Street ATM,18-09-2013,84,38,46,4878.12,2593.05,2285.07,WEDNESDAY,NH,W,WWW
Mount Road ATM,18-09-2013,25,21,4,569.94,346.92,223.02,WEDNESDAY,NH,W,WWW
Airport ATM,18-09-2013,121,80,41,11039.49,7455.24,3584.25,WEDNESDAY,NH,W,WWW
KK Nagar ATM,18-09-2013,186,147,39,14689.23,12600.630000000001,2088.6,WEDNESDAY,NH,W,WWW
Christ College ATM,18-09-2013,118,52,66,8828.76,4929.45,3899.31,WEDNESDAY,NH,W,WWW
Big Street ATM,19-09-2013,129,44,85,5987.91,2584.2000000000003,3403.71,THURSDAY,NH,W,WWW
Mount Road ATM,19-09-2013,195,111,84,12306.81,8457.06,3849.75,THURSDAY,NH,W,WWW
Airport ATM,19-09-2013,111,84,27,9881.91,8179.17,1702.74,THURSDAY,NH,W,WWW
KK Nagar ATM,19-09-2013,229,177,52,19246.98,15535.29,3711.69,THURSDAY,NH,W,WWW
Christ College ATM,19-09-2013,129,65,64,9395.16,5736.57,3658.59,THURSDAY,NH,W,WWW
Big Street ATM,20-09-2013,98,35,63,2844.39,1228.38,1616.01,FRIDAY,NH,W,WWH
Mount Road ATM,20-09-2013,142,90,52,9074.79,6795.03,2279.76,FRIDAY,NH,W,WWH
Airport ATM,20-09-2013,92,70,22,6087.03,4901.13,1185.9,FRIDAY,NH,W,WWH
KK Nagar ATM,20-09-2013,186,146,40,11034.18,8779.2,2254.98,FRIDAY,NH,W,WWH
Christ College ATM,20-09-2013,127,58,69,10338.57,5961.360000000001,4377.21,FRIDAY,NH,W,WWH
Big Street ATM,21-09-2013,73,27,46,3961.26,1954.0800000000002,2007.18,SATURDAY,NH,H,WHH
Mount Road ATM,21-09-2013,173,94,79,8975.67,6147.21,2828.46,SATURDAY,NH,H,WHH
Airport ATM,21-09-2013,125,94,31,9536.76,8283.6,1253.16,SATURDAY,NH,H,WHH
KK Nagar ATM,21-09-2013,203,166,37,14128.140000000001,12967.02,1161.1200000000001,SATURDAY,NH,H,WHH
Christ College ATM,21-09-2013,119,52,67,9271.26,4658.64,4612.62,SATURDAY,NH,H,WHH
Big Street ATM,22-09-2013,115,38,77,4619.7,2224.89,2394.81,SUNDAY,NH,H,HHW
Mount Road ATM,22-09-2013,113,38,75,4352.43,1642.56,2709.87,SUNDAY,NH,H,HHW
Airport ATM,22-09-2013,61,41,20,2601.9,2116.92,484.98,SUNDAY,NH,H,HHW
KK Nagar ATM,22-09-2013,107,90,17,8094.21,7249.92,844.2900000000001,SUNDAY,NH,H,HHW
Christ College ATM,22-09-2013,74,31,43,4644.4800000000005,1189.44,3455.04,SUNDAY,NH,H,HHW
Big Street ATM,23-09-2013,116,34,82,5125.92,2430.21,2695.71,MONDAY,NH,W,HWW
Mount Road ATM,23-09-2013,177,100,77,9159.75,6341.91,2817.84,MONDAY,NH,W,HWW
Airport ATM,23-09-2013,100,78,22,7554.360000000001,6274.650000000001,1279.71,MONDAY,NH,W,HWW
KK Nagar ATM,23-09-2013,256,187,69,20402.79,16850.4,3552.39,MONDAY,NH,W,HWW
Christ College ATM,23-09-2013,136,56,80,8837.61,3612.57,5225.04,MONDAY,NH,W,HWW
Big Street ATM,24-09-2013,102,46,56,5646.3,3329.37,2316.93,TUESDAY,NH,W,WWW
Mount Road ATM,24-09-2013,132,77,55,6265.8,3359.46,2906.34,TUESDAY,NH,W,WWW
Airport ATM,24-09-2013,133,102,31,8924.34,7416.3,1508.04,TUESDAY,NH,W,WWW
KK Nagar ATM,24-09-2013,209,159,50,14119.29,11267.82,2851.4700000000003,TUESDAY,NH,W,WWW
Christ College ATM,24-09-2013,130,60,70,10182.81,4617.93,5564.88,TUESDAY,NH,W,WWW
Big Street ATM,25-09-2013,106,48,58,5733.03,3453.27,2279.76,WEDNESDAY,NH,W,WWW
Mount Road ATM,25-09-2013,149,88,61,8731.41,6125.97,2605.44,WEDNESDAY,NH,W,WWW
Airport ATM,25-09-2013,102,77,25,6796.8,5244.51,1552.29,WEDNESDAY,NH,W,WWW
KK Nagar ATM,25-09-2013,221,179,42,21170.97,18714.21,2456.76,WEDNESDAY,NH,W,WWW
Christ College ATM,25-09-2013,119,75,44,8354.4,5221.5,3132.9,WEDNESDAY,NH,W,WWW
Big Street ATM,26-09-2013,112,42,70,5021.49,1821.3300000000002,3200.1600000000003,THURSDAY,NH,W,WWW
Mount Road ATM,26-09-2013,133,89,44,6269.34,4578.99,1690.3500000000001,THURSDAY,NH,W,WWW
Airport ATM,26-09-2013,114,91,23,9115.5,7545.51,1569.99,THURSDAY,NH,W,WWW
KK Nagar ATM,26-09-2013,230,182,48,21395.760000000002,18115.95,3279.81,THURSDAY,NH,W,WWW
Christ College ATM,26-09-2013,137,85,52,13703.34,10108.470000000001,3594.87,THURSDAY,NH,W,WWW
Big Street ATM,27-09-2013,120,46,74,6140.13,2932.89,3207.2400000000002,FRIDAY,NH,W,WWH
Mount Road ATM,27-09-2013,135,86,49,6644.58,4237.38,2407.2000000000003,FRIDAY,NH,W,WWH
Airport ATM,27-09-2013,105,85,20,6118.89,4883.43,1235.46,FRIDAY,NH,W,WWH
KK Nagar ATM,27-09-2013,236,185,51,23047.170000000002,18774.39,4272.78,FRIDAY,NH,W,WWH
Christ College ATM,27-09-2013,108,46,62,6127.74,2357.64,3770.1,FRIDAY,NH,W,WWH
Big Street ATM,28-09-2013,107,48,59,8188.02,4851.57,3336.4500000000003,SATURDAY,NH,H,WHH
Mount Road ATM,28-09-2013,196,122,74,12825.42,9694.29,3131.13,SATURDAY,NH,H,WHH
Airport ATM,28-09-2013,130,101,29,14092.74,12331.59,1761.15,SATURDAY,NH,H,WHH
KK Nagar ATM,28-09-2013,256,191,65,16345.95,12963.48,3382.4700000000003,SATURDAY,NH,H,WHH
Christ College ATM,28-09-2013,109,69,40,13687.41,10821.78,2865.63,SATURDAY,NH,H,WHH
Big Street ATM,29-09-2013,151,47,104,9490.74,3786.03,5704.71,SUNDAY,NH,H,HHW
Mount Road ATM,29-09-2013,73,32,41,3612.57,1695.66,1916.91,SUNDAY,NH,H,HHW
Airport ATM,29-09-2013,133,75,58,8655.300000000001,6501.21,2154.09,SUNDAY,NH,H,HHW
KK Nagar ATM,29-09-2013,137,100,37,8959.74,7223.37,1736.3700000000001,SUNDAY,NH,H,HHW
Christ College ATM,29-09-2013,127,52,75,9154.44,5517.09,3637.35,SUNDAY,NH,H,HHW
Big Street ATM,30-09-2013,110,39,71,6566.7,2339.94,4226.76,MONDAY,NH,W,HWW
Mount Road ATM,30-09-2013,166,109,57,9938.550000000001,7140.18,2798.37,MONDAY,NH,W,HWW
Airport ATM,30-09-2013,127,105,22,13144.02,11837.76,1306.26,MONDAY,NH,W,HWW
KK Nagar ATM,30-09-2013,227,178,49,19567.350000000002,16014.960000000001,3552.39,MONDAY,NH,W,HWW
Christ College ATM,30-09-2013,116,68,48,9117.27,5115.3,4001.9700000000003,MONDAY,NH,W,HWW
Big Street ATM,1/10/2013,106,40,66,6926.01,2669.16,4256.85,TUESDAY,NH,W,WWH
Mount Road ATM,1/10/2013,205,125,80,15489.27,9756.24,5733.03,TUESDAY,NH,W,WWH
Airport ATM,1/10/2013,138,102,36,11800.59,9639.42,2161.17,TUESDAY,NH,W,WWH
KK Nagar ATM,1/10/2013,234,172,62,21459.48,16749.510000000002,4709.97,TUESDAY,NH,W,WWH
Christ College ATM,1/10/2013,116,55,61,11938.65,6216.24,5722.41,TUESDAY,NH,W,WWH
Big Street ATM,2/10/2013,119,26,93,7726.05,2200.11,5525.9400000000005,WEDNESDAY,N,H,WHW
Mount Road ATM,2/10/2013,220,67,153,12485.58,4993.17,7492.41,WEDNESDAY,N,H,WHW
Airport ATM,2/10/2013,130,86,44,10727.970000000001,7469.400000000001,3258.57,WEDNESDAY,N,H,WHW
KK Nagar ATM,2/10/2013,237,153,84,19108.920000000002,13122.78,5986.14,WEDNESDAY,N,H,WHW
Christ College ATM,2/10/2013,172,46,126,15372.45,6048.09,9324.36,WEDNESDAY,N,H,WHW
Big Street ATM,3/10/2013,116,29,87,7080.0,1614.24,5465.76,THURSDAY,NH,W,HWW
Mount Road ATM,3/10/2013,232,107,125,16087.53,9851.82,6235.71,THURSDAY,NH,W,HWW
Airport ATM,3/10/2013,151,112,39,14393.640000000001,12405.93,1987.71,THURSDAY,NH,W,HWW
KK Nagar ATM,3/10/2013,315,194,121,29364.3,18466.41,10897.89,THURSDAY,NH,W,HWW
Christ College ATM,3/10/2013,161,74,87,12630.720000000001,5883.4800000000005,6747.24,THURSDAY,NH,W,HWW
Big Street ATM,4/10/2013,117,45,72,6485.28,2568.27,3917.01,FRIDAY,NH,W,WWH
Mount Road ATM,4/10/2013,238,113,125,16468.08,8649.99,7818.09,FRIDAY,NH,W,WWH
Airport ATM,4/10/2013,150,116,34,12798.87,10533.27,2265.6,FRIDAY,NH,W,WWH
KK Nagar ATM,4/10/2013,230,175,55,21514.350000000002,16784.91,4729.4400000000005,FRIDAY,NH,W,WWH
Christ College ATM,4/10/2013,192,66,126,14579.49,4502.88,10076.61,FRIDAY,NH,W,WWH
Big Street ATM,5/10/2013,128,36,92,6995.04,2230.2000000000003,4764.84,SATURDAY,NH,H,WHH
Mount Road ATM,5/10/2013,242,114,128,15202.53,7789.77,7412.76,SATURDAY,NH,H,WHH
Airport ATM,5/10/2013,173,133,40,16894.65,13678.56,3216.09,SATURDAY,NH,H,WHH
KK Nagar ATM,5/10/2013,249,188,61,22758.66,18344.28,4414.38,SATURDAY,NH,H,WHH
Christ College ATM,5/10/2013,224,73,151,17629.2,5996.76,11632.44,SATURDAY,NH,H,WHH
Big Street ATM,6/10/2013,149,32,117,8393.34,2423.13,5970.21,SUNDAY,NH,H,HHW
Mount Road ATM,6/10/2013,187,70,117,10510.26,6632.1900000000005,3878.07,SUNDAY,NH,H,HHW
Airport ATM,6/10/2013,77,55,22,6218.01,5619.75,598.26,SUNDAY,NH,H,HHW
KK Nagar ATM,6/10/2013,136,97,39,11421.81,8483.61,2938.2000000000003,SUNDAY,NH,H,HHW
Christ College ATM,6/10/2013,135,57,78,9315.51,3862.14,5453.37,SUNDAY,NH,H,HHW
Big Street ATM,7/10/2013,119,40,79,6485.28,2761.2000000000003,3724.08,MONDAY,NH,W,HWW
Mount Road ATM,7/10/2013,194,118,76,15319.35,10703.19,4616.16,MONDAY,NH,W,HWW
Airport ATM,7/10/2013,137,100,37,12526.29,9869.52,2656.77,MONDAY,NH,W,HWW
KK Nagar ATM,7/10/2013,269,204,65,23694.99,18678.81,5016.18,MONDAY,NH,W,HWW
Christ College ATM,7/10/2013,195,53,142,15308.73,4609.08,10699.65,MONDAY,NH,W,HWW
Big Street ATM,8/10/2013,124,44,80,9019.92,4042.6800000000003,4977.24,TUESDAY,NH,W,WWW
Mount Road ATM,8/10/2013,171,89,82,11526.24,7586.22,3940.02,TUESDAY,NH,W,WWW
Airport ATM,8/10/2013,135,95,40,14439.66,11266.050000000001,3173.61,TUESDAY,NH,W,WWW
KK Nagar ATM,8/10/2013,253,185,68,19340.79,14683.92,4656.87,TUESDAY,NH,W,WWW
Christ College ATM,8/10/2013,132,66,66,9526.14,4858.650000000001,4667.49,TUESDAY,NH,W,WWW
Big Street ATM,9/10/2013,110,44,66,5927.7300000000005,2508.09,3419.64,WEDNESDAY,NH,W,WWW
Mount Road ATM,9/10/2013,195,108,87,9791.64,6016.2300000000005,3775.4100000000003,WEDNESDAY,NH,W,WWW
Airport ATM,9/10/2013,140,101,39,10303.17,7759.68,2543.4900000000002,WEDNESDAY,NH,W,WWW
KK Nagar ATM,9/10/2013,261,192,69,22482.54,16259.220000000001,6223.32,WEDNESDAY,NH,W,WWW
Christ College ATM,9/10/2013,216,64,152,18319.5,7253.46,11066.04,WEDNESDAY,NH,W,WWW
Big Street ATM,10/10/2013,106,42,64,7908.360000000001,4748.91,3159.4500000000003,THURSDAY,NH,W,WWW
Mount Road ATM,10/10/2013,185,99,86,13372.35,8966.82,4405.53,THURSDAY,NH,W,WWW
Airport ATM,10/10/2013,142,105,37,14193.630000000001,10887.27,3306.36,THURSDAY,NH,W,WWW
KK Nagar ATM,10/10/2013,220,159,61,21739.14,18269.94,3469.2000000000003,THURSDAY,NH,W,WWW
Christ College ATM,10/10/2013,185,64,121,15599.01,5948.97,9650.04,THURSDAY,NH,W,WWW
Big Street ATM,11/10/2013,100,45,55,6087.03,3780.7200000000003,2306.31,FRIDAY,NH,W,WWH
Mount Road ATM,11/10/2013,193,106,87,13027.2,7370.28,5656.92,FRIDAY,NH,W,WWH
Airport ATM,11/10/2013,133,95,38,10954.53,8607.51,2347.02,FRIDAY,NH,W,WWH
KK Nagar ATM,11/10/2013,249,190,59,21261.24,16252.140000000001,5009.1,FRIDAY,NH,W,WWH
Christ College ATM,11/10/2013,132,61,71,9014.61,5432.13,3582.48,FRIDAY,NH,W,WWH
Big Street ATM,12/10/2013,136,35,101,7995.09,2486.85,5508.24,SATURDAY,NH,H,WHH
Mount Road ATM,12/10/2013,199,89,110,12565.23,6895.92,5669.31,SATURDAY,NH,H,WHH
Airport ATM,12/10/2013,158,107,51,12839.58,9791.64,3047.94,SATURDAY,NH,H,WHH
KK Nagar ATM,12/10/2013,224,166,58,19565.58,14942.34,4623.24,SATURDAY,NH,H,WHH
Christ College ATM,12/10/2013,120,54,66,8658.84,4481.64,4177.2,SATURDAY,NH,H,WHH
Big Street ATM,13-10-2013,158,36,122,8651.76,3554.1600000000003,5097.6,SUNDAY,NH,H,HHH
Mount Road ATM,13-10-2013,161,39,122,7979.16,2837.31,5141.85,SUNDAY,NH,H,HHH
Airport ATM,13-10-2013,98,68,30,6267.57,4971.93,1295.64,SUNDAY,NH,H,HHH
KK Nagar ATM,13-10-2013,114,78,36,6419.79,4685.1900000000005,1734.6000000000001,SUNDAY,NH,H,HHH
Christ College ATM,13-10-2013,127,31,96,10542.12,4591.38,5950.74,SUNDAY,NH,H,HHH
Big Street ATM,14-10-2013,146,42,104,11016.48,4936.53,6079.95,MONDAY,H,H,HHW
Mount Road ATM,14-10-2013,125,30,95,5175.4800000000005,2867.4,2308.08,MONDAY,H,H,HHW
Airport ATM,14-10-2013,110,80,30,10657.17,9101.34,1555.83,MONDAY,H,H,HHW
KK Nagar ATM,14-10-2013,274,169,105,18949.62,10598.76,8350.86,MONDAY,H,H,HHW
Christ College ATM,14-10-2013,126,34,92,8653.53,2738.19,5915.34,MONDAY,H,H,HHW
Big Street ATM,15-10-2013,125,43,82,8085.360000000001,3913.4700000000003,4171.89,TUESDAY,NH,W,HWW
Mount Road ATM,15-10-2013,120,63,57,6823.35,4355.97,2467.38,TUESDAY,NH,W,HWW
Airport ATM,15-10-2013,120,101,19,12674.970000000001,11285.52,1389.45,TUESDAY,NH,W,HWW
KK Nagar ATM,15-10-2013,284,208,76,23417.100000000002,18333.66,5083.4400000000005,TUESDAY,NH,W,HWW
Christ College ATM,15-10-2013,126,66,60,9386.31,5145.39,4240.92,TUESDAY,NH,W,HWW
Big Street ATM,16-10-2013,80,29,51,4143.57,2290.38,1853.19,WEDNESDAY,NH,W,WWW
Mount Road ATM,16-10-2013,109,51,58,6488.820000000001,3212.55,3276.27,WEDNESDAY,NH,W,WWW
Airport ATM,16-10-2013,93,72,21,8297.76,7834.02,463.74,WEDNESDAY,NH,W,WWW
KK Nagar ATM,16-10-2013,248,137,111,21574.53,13289.16,8285.37,WEDNESDAY,NH,W,WWW
Christ College ATM,16-10-2013,95,31,64,6547.2300000000005,2506.32,4040.9100000000003,WEDNESDAY,NH,W,WWW
Big Street ATM,17-10-2013,101,39,62,4918.83,2426.67,2492.16,THURSDAY,NH,W,WWW
Mount Road ATM,17-10-2013,134,77,57,8336.7,5333.01,3003.69,THURSDAY,NH,W,WWW
Airport ATM,17-10-2013,119,98,21,12282.03,11435.970000000001,846.0600000000001,THURSDAY,NH,W,WWW
KK Nagar ATM,17-10-2013,233,183,50,24280.86,20193.93,4086.9300000000003,THURSDAY,NH,W,WWW
Christ College ATM,17-10-2013,109,65,44,10046.52,8251.74,1794.78,THURSDAY,NH,W,WWW
Big Street ATM,18-10-2013,128,43,85,8085.360000000001,3384.2400000000002,4701.12,FRIDAY,NH,W,WWH
Mount Road ATM,18-10-2013,174,77,97,10651.86,6885.3,3766.56,FRIDAY,NH,W,WWH
Airport ATM,18-10-2013,90,76,14,5747.1900000000005,5161.32,585.87,FRIDAY,NH,W,WWH
KK Nagar ATM,18-10-2013,209,157,52,17961.96,13860.87,4101.09,FRIDAY,NH,W,WWH
Christ College ATM,18-10-2013,79,51,28,7030.4400000000005,5430.360000000001,1600.0800000000002,FRIDAY,NH,W,WWH
Big Street ATM,19-10-2013,103,36,67,6572.01,3499.29,3072.7200000000003,SATURDAY,NH,H,WHH
Mount Road ATM,19-10-2013,195,81,114,11974.050000000001,7166.7300000000005,4807.32,SATURDAY,NH,H,WHH
Airport ATM,19-10-2013,72,62,10,6019.77,5594.97,424.8,SATURDAY,NH,H,WHH
KK Nagar ATM,19-10-2013,214,171,43,17583.18,15060.93,2522.25,SATURDAY,NH,H,WHH
Christ College ATM,19-10-2013,120,52,68,10062.45,5239.2,4823.25,SATURDAY,NH,H,WHH
Big Street ATM,20-10-2013,132,29,103,6497.67,1267.32,5230.35,SUNDAY,NH,H,HHW
Mount Road ATM,20-10-2013,183,37,146,7090.62,2375.34,4715.28,SUNDAY,NH,H,HHW
Airport ATM,20-10-2013,88,70,18,7299.4800000000005,6359.610000000001,939.87,SUNDAY,NH,H,HHW
KK Nagar ATM,20-10-2013,163,97,66,11389.95,6924.24,4465.71,SUNDAY,NH,H,HHW
Christ College ATM,20-10-2013,109,36,73,7518.96,2881.56,4637.400000000001,SUNDAY,NH,H,HHW
Big Street ATM,21-10-2013,88,23,65,5097.6,2396.58,2701.02,MONDAY,NH,W,HWW
Mount Road ATM,21-10-2013,152,68,84,8196.87,3354.15,4842.72,MONDAY,NH,W,HWW
Airport ATM,21-10-2013,103,83,20,7352.58,6970.26,382.32,MONDAY,NH,W,HWW
KK Nagar ATM,21-10-2013,173,131,42,15206.07,11882.01,3324.06,MONDAY,NH,W,HWW
Christ College ATM,21-10-2013,117,47,70,9959.79,5209.110000000001,4750.68,MONDAY,NH,W,HWW
Big Street ATM,22-10-2013,106,37,69,4143.57,1934.6100000000001,2208.96,TUESDAY,NH,W,WWW
Mount Road ATM,22-10-2013,156,81,75,8993.37,6329.52,2663.85,TUESDAY,NH,W,WWW
Airport ATM,22-10-2013,129,78,51,10512.03,7442.85,3069.1800000000003,TUESDAY,NH,W,WWW
KK Nagar ATM,22-10-2013,213,173,40,18029.22,15207.84,2821.38,TUESDAY,NH,W,WWW
Christ College ATM,22-10-2013,155,50,105,10830.630000000001,4568.37,6262.26,TUESDAY,NH,W,WWW
Big Street ATM,23-10-2013,92,34,58,5766.66,2869.17,2897.4900000000002,WEDNESDAY,NH,W,WWW
Mount Road ATM,23-10-2013,171,77,94,10910.28,5917.110000000001,4993.17,WEDNESDAY,NH,W,WWW
Airport ATM,23-10-2013,122,83,39,9313.74,7099.47,2214.27,WEDNESDAY,NH,W,WWW
KK Nagar ATM,23-10-2013,204,159,45,14944.11,11517.39,3426.7200000000003,WEDNESDAY,NH,W,WWW
Christ College ATM,23-10-2013,104,47,57,6301.2,3872.76,2428.44,WEDNESDAY,NH,W,WWW
Big Street ATM,24-10-2013,98,38,60,6432.18,3113.4300000000003,3318.75,THURSDAY,NH,W,WWW
Mount Road ATM,24-10-2013,213,97,116,16445.07,9134.97,7310.1,THURSDAY,NH,W,WWW
Airport ATM,24-10-2013,125,97,28,10481.94,9414.630000000001,1067.31,THURSDAY,NH,W,WWW
KK Nagar ATM,24-10-2013,221,162,59,15937.08,12012.99,3924.09,THURSDAY,NH,W,WWW
Christ College ATM,24-10-2013,97,46,51,8064.12,4582.53,3481.59,THURSDAY,NH,W,WWW
Big Street ATM,25-10-2013,108,34,74,5856.93,1939.92,3917.01,FRIDAY,NH,W,WWH
Mount Road ATM,25-10-2013,170,78,92,11658.99,5653.38,6005.610000000001,FRIDAY,NH,W,WWH
Airport ATM,25-10-2013,112,90,22,10393.44,8503.08,1890.3600000000001,FRIDAY,NH,W,WWH
KK Nagar ATM,25-10-2013,215,164,51,16974.3,13475.01,3499.29,FRIDAY,NH,W,WWH
Christ College ATM,25-10-2013,119,44,75,9218.16,3520.53,5697.63,FRIDAY,NH,W,WWH
Big Street ATM,26-10-2013,100,27,73,7389.75,3120.51,4269.24,SATURDAY,NH,H,WHH
Mount Road ATM,26-10-2013,173,85,88,11512.08,7372.05,4140.03,SATURDAY,NH,H,WHH
Airport ATM,26-10-2013,156,119,37,11230.65,9357.99,1872.66,SATURDAY,NH,H,WHH
KK Nagar ATM,26-10-2013,268,197,71,20930.25,16446.84,4483.41,SATURDAY,NH,H,WHH
Christ College ATM,26-10-2013,152,53,99,9924.39,2663.85,7260.54,SATURDAY,NH,H,WHH
Big Street ATM,27-10-2013,111,30,81,4239.150000000001,1354.05,2885.1,SUNDAY,NH,H,HHW
Mount Road ATM,27-10-2013,219,67,152,8333.16,3244.4100000000003,5088.75,SUNDAY,NH,H,HHW
Airport ATM,27-10-2013,114,91,23,5543.64,4924.14,619.5,SUNDAY,NH,H,HHW
KK Nagar ATM,27-10-2013,262,190,72,17349.54,12745.77,4603.77,SUNDAY,NH,H,HHW
Christ College ATM,27-10-2013,133,34,99,6897.6900000000005,2398.35,4499.34,SUNDAY,NH,H,HHW
Big Street ATM,28-10-2013,105,42,63,4825.02,1686.81,3138.21,MONDAY,NH,W,HWW
Mount Road ATM,28-10-2013,188,101,87,15783.09,12225.39,3557.7000000000003,MONDAY,NH,W,HWW
Airport ATM,28-10-2013,141,107,34,11443.050000000001,8850.0,2593.05,MONDAY,NH,W,HWW
KK Nagar ATM,28-10-2013,274,229,45,23560.47,20854.14,2706.33,MONDAY,NH,W,HWW
Christ College ATM,28-10-2013,111,62,49,8336.7,6094.110000000001,2242.59,MONDAY,NH,W,HWW
Big Street ATM,29-10-2013,124,47,77,9568.62,6041.01,3527.61,TUESDAY,NH,W,WWW
Mount Road ATM,29-10-2013,187,99,88,11526.24,8186.25,3339.9900000000002,TUESDAY,NH,W,WWW
Airport ATM,29-10-2013,163,133,30,13046.67,10729.74,2316.93,TUESDAY,NH,W,WWW
KK Nagar ATM,29-10-2013,260,202,58,19556.73,15558.300000000001,3998.4300000000003,TUESDAY,NH,W,WWW
Christ College ATM,29-10-2013,155,68,87,13669.710000000001,6672.900000000001,6996.81,TUESDAY,NH,W,WWW
Big Street ATM,30-10-2013,108,39,69,6743.7,2747.04,3996.6600000000003,WEDNESDAY,NH,W,WWW
Mount Road ATM,30-10-2013,197,111,86,11174.01,7495.95,3678.06,WEDNESDAY,NH,W,WWW
Airport ATM,30-10-2013,162,134,28,15275.1,13057.29,2217.81,WEDNESDAY,NH,W,WWW
KK Nagar ATM,30-10-2013,381,299,82,28296.99,22381.65,5915.34,WEDNESDAY,NH,W,WWW
Christ College ATM,30-10-2013,235,80,155,19406.28,7352.58,12053.7,WEDNESDAY,NH,W,WWW
Big Street ATM,31-10-2013,118,47,71,8763.27,4058.61,4704.66,THURSDAY,NH,W,WWW
Mount Road ATM,31-10-2013,194,104,90,12664.35,7812.780000000001,4851.57,THURSDAY,NH,W,WWW
Airport ATM,31-10-2013,150,120,30,13469.7,11377.56,2092.14,THURSDAY,NH,W,WWW
KK Nagar ATM,31-10-2013,348,259,89,25355.25,19137.24,6218.01,THURSDAY,NH,W,WWW
Christ College ATM,31-10-2013,192,92,100,16142.4,8347.32,7795.08,THURSDAY,NH,W,WWW
Big Street ATM,1/11/2013,133,50,83,10136.79,4653.33,5483.46,FRIDAY,NH,W,WWH
Mount Road ATM,1/11/2013,204,110,94,13970.61,7986.24,5984.37,FRIDAY,NH,W,WWH
Airport ATM,1/11/2013,144,115,29,9361.53,7584.45,1777.0800000000002,FRIDAY,NH,W,WWH
KK Nagar ATM,1/11/2013,408,274,134,25098.600000000002,17432.73,7665.87,FRIDAY,NH,W,WWH
Christ College ATM,1/11/2013,167,72,95,14524.62,6540.150000000001,7984.47,FRIDAY,NH,W,WWH
Big Street ATM,2/11/2013,150,38,112,7961.46,2124.0,5837.46,SATURDAY,NH,H,WHH
Mount Road ATM,2/11/2013,79,21,58,4124.1,1449.63,2674.4700000000003,SATURDAY,NH,H,WHH
Airport ATM,2/11/2013,68,35,33,5263.9800000000005,3347.07,1916.91,SATURDAY,NH,H,WHH
KK Nagar ATM,2/11/2013,144,84,60,5350.71,2793.06,2557.65,SATURDAY,NH,H,WHH
Christ College ATM,2/11/2013,70,18,52,6193.2300000000005,1302.72,4890.51,SATURDAY,NH,H,WHH
Big Street ATM,3/11/2013,121,26,95,6853.4400000000005,1991.25,4862.1900000000005,SUNDAY,H,H,HHW
Mount Road ATM,3/11/2013,45,24,21,2796.6,1906.29,890.3100000000001,SUNDAY,H,H,HHW
Airport ATM,3/11/2013,100,74,26,9961.56,7880.04,2081.52,SUNDAY,H,H,HHW
KK Nagar ATM,3/11/2013,146,77,69,11837.76,6007.38,5830.38,SUNDAY,H,H,HHW
Christ College ATM,3/11/2013,53,18,35,3387.78,1538.13,1849.65,SUNDAY,H,H,HHW
Big Street ATM,4/11/2013,92,23,69,3909.9300000000003,874.38,3035.55,MONDAY,NH,W,HWH
Mount Road ATM,4/11/2013,161,106,55,14963.58,11492.61,3470.9700000000003,MONDAY,NH,W,HWH
Airport ATM,4/11/2013,160,127,33,15406.08,13159.95,2246.13,MONDAY,NH,W,HWH
KK Nagar ATM,4/11/2013,250,173,77,24133.95,18020.37,6113.58,MONDAY,NH,W,HWH
Christ College ATM,4/11/2013,169,66,103,16186.65,6062.25,10124.4,MONDAY,NH,W,HWH
Big Street ATM,5/11/2013,98,43,55,4840.95,2543.4900000000002,2297.46,TUESDAY,M,H,WHW
Mount Road ATM,5/11/2013,165,85,80,15560.07,9711.99,5848.08,TUESDAY,M,H,WHW
Airport ATM,5/11/2013,143,108,35,15832.65,12083.79,3748.86,TUESDAY,M,H,WHW
KK Nagar ATM,5/11/2013,221,152,69,22068.36,15853.890000000001,6214.47,TUESDAY,M,H,WHW
Christ College ATM,5/11/2013,184,76,108,14770.65,6669.360000000001,8101.29,TUESDAY,M,H,WHW
Big Street ATM,6/11/2013,104,26,78,6653.43,2853.2400000000002,3800.19,WEDNESDAY,NH,W,HWW
Mount Road ATM,6/11/2013,178,78,100,11441.28,5741.88,5699.400000000001,WEDNESDAY,NH,W,HWW
Airport ATM,6/11/2013,146,111,35,16884.03,14552.94,2331.09,WEDNESDAY,NH,W,HWW
KK Nagar ATM,6/11/2013,353,251,102,33495.48,26342.91,7152.570000000001,WEDNESDAY,NH,W,HWW
Christ College ATM,6/11/2013,146,54,92,12821.880000000001,5226.81,7595.070000000001,WEDNESDAY,NH,W,HWW
Big Street ATM,7/11/2013,116,31,85,7540.2,2283.3,5256.900000000001,THURSDAY,NH,W,WWW
Mount Road ATM,7/11/2013,182,90,92,14876.85,9053.550000000001,5823.3,THURSDAY,NH,W,WWW
Airport ATM,7/11/2013,137,105,32,12273.18,10547.43,1725.75,THURSDAY,NH,W,WWW
KK Nagar ATM,7/11/2013,243,162,81,20052.33,14319.300000000001,5733.03,THURSDAY,NH,W,WWW
Christ College ATM,7/11/2013,152,53,99,12156.36,4731.21,7425.150000000001,THURSDAY,NH,W,WWW
Big Street ATM,8/11/2013,110,40,70,6391.47,3159.4500000000003,3232.02,FRIDAY,NH,W,WWH
Mount Road ATM,8/11/2013,172,81,91,12517.44,7471.17,5046.27,FRIDAY,NH,W,WWH
Airport ATM,8/11/2013,117,87,30,9961.56,8149.08,1812.48,FRIDAY,NH,W,WWH
KK Nagar ATM,8/11/2013,217,164,53,18758.46,14402.49,4355.97,FRIDAY,NH,W,WWH
Christ College ATM,8/11/2013,127,53,74,11761.65,5173.71,6587.9400000000005,FRIDAY,NH,W,WWH
Big Street ATM,9/11/2013,95,35,60,5779.05,3301.05,2478.0,SATURDAY,NH,H,WHH
Mount Road ATM,9/11/2013,189,88,101,13379.43,8237.58,5141.85,SATURDAY,NH,H,WHH
Airport ATM,9/11/2013,148,105,43,16068.060000000001,12922.77,3145.29,SATURDAY,NH,H,WHH
KK Nagar ATM,9/11/2013,250,174,76,22533.87,16657.47,5876.400000000001,SATURDAY,NH,H,WHH
Christ College ATM,9/11/2013,191,57,134,16930.05,7541.97,9388.08,SATURDAY,NH,H,WHH
Big Street ATM,10/11/2013,113,23,90,6400.320000000001,1812.48,4587.84,SUNDAY,NH,H,HHW
Mount Road ATM,10/11/2013,119,37,82,6200.31,2589.51,3610.8,SUNDAY,NH,H,HHW
Airport ATM,10/11/2013,109,86,23,9011.07,7805.7,1205.3700000000001,SUNDAY,NH,H,HHW
KK Nagar ATM,10/11/2013,102,66,36,6825.12,4755.99,2069.13,SUNDAY,NH,H,HHW
Christ College ATM,10/11/2013,164,44,120,12549.300000000001,4844.49,7704.81,SUNDAY,NH,H,HHW
Big Street ATM,11/11/2013,101,31,70,4846.26,2000.1000000000001,2846.16,MONDAY,NH,W,HWW
Mount Road ATM,11/11/2013,185,88,97,14358.24,10389.9,3968.34,MONDAY,NH,W,HWW
Airport ATM,11/11/2013,118,78,40,10846.56,8248.2,2598.36,MONDAY,NH,W,HWW
KK Nagar ATM,11/11/2013,277,187,90,24204.75,16892.88,7311.87,MONDAY,NH,W,HWW
Christ College ATM,11/11/2013,245,58,187,15928.23,4094.01,11834.220000000001,MONDAY,NH,W,HWW
Big Street ATM,12/11/2013,100,28,72,6074.64,1274.4,4800.24,TUESDAY,NH,W,WWW
Mount Road ATM,12/11/2013,176,89,87,15706.98,11083.74,4623.24,TUESDAY,NH,W,WWW
Airport ATM,12/11/2013,114,77,37,9888.99,7510.110000000001,2378.88,TUESDAY,NH,W,WWW
KK Nagar ATM,12/11/2013,255,176,79,21381.600000000002,15779.550000000001,5602.05,TUESDAY,NH,W,WWW
Christ College ATM,12/11/2013,145,55,90,11800.59,5920.650000000001,5879.9400000000005,TUESDAY,NH,W,WWW
Big Street ATM,13-11-2013,107,34,73,8625.210000000001,5033.88,3591.33,WEDNESDAY,NH,W,WWW
Mount Road ATM,13-11-2013,79,35,44,5055.12,2619.6,2435.52,WEDNESDAY,NH,W,WWW
Airport ATM,13-11-2013,125,90,35,9073.02,7480.02,1593.0,WEDNESDAY,NH,W,WWW
KK Nagar ATM,13-11-2013,236,182,54,18769.08,14921.1,3847.98,WEDNESDAY,NH,W,WWW
Christ College ATM,13-11-2013,142,49,93,9710.22,4603.77,5106.45,WEDNESDAY,NH,W,WWW
Big Street ATM,14-11-2013,115,28,87,6253.41,1925.76,4327.650000000001,THURSDAY,NH,W,WWW
Mount Road ATM,14-11-2013,185,87,98,14282.130000000001,9106.65,5175.4800000000005,THURSDAY,NH,W,WWW
Airport ATM,14-11-2013,116,87,29,9789.87,8949.12,840.75,THURSDAY,NH,W,WWW
KK Nagar ATM,14-11-2013,233,142,91,18604.47,12205.92,6398.55,THURSDAY,NH,W,WWW
Christ College ATM,14-11-2013,160,46,114,10798.77,3718.77,7080.0,THURSDAY,NH,W,WWW
Big Street ATM,15-11-2013,127,39,88,8694.24,5189.64,3504.6,FRIDAY,NH,W,WWH
Mount Road ATM,15-11-2013,120,50,70,5756.04,2987.76,2768.28,FRIDAY,NH,W,WWH
Airport ATM,15-11-2013,40,28,12,3702.84,2697.48,1005.36,FRIDAY,NH,W,WWH
KK Nagar ATM,15-11-2013,193,116,77,12375.84,6026.85,6348.99,FRIDAY,NH,W,WWH
Christ College ATM,15-11-2013,163,46,117,13395.36,5205.57,8189.79,FRIDAY,NH,W,WWH
Big Street ATM,16-11-2013,133,43,90,8294.22,4131.18,4163.04,SATURDAY,NH,H,WHH
Mount Road ATM,16-11-2013,145,60,85,8839.380000000001,4938.3,3901.08,SATURDAY,NH,H,WHH
Airport ATM,16-11-2013,48,28,20,3787.8,2918.73,869.07,SATURDAY,NH,H,WHH
KK Nagar ATM,16-11-2013,140,88,52,10359.81,6504.75,3855.06,SATURDAY,NH,H,WHH
Christ College ATM,16-11-2013,118,41,77,10138.56,4702.89,5435.67,SATURDAY,NH,H,WHH
Big Street ATM,17-11-2013,116,33,83,6986.1900000000005,3131.13,3855.06,SUNDAY,NH,H,HHW
Mount Road ATM,17-11-2013,114,27,87,4612.62,1396.53,3216.09,SUNDAY,NH,H,HHW
Airport ATM,17-11-2013,78,50,28,4658.64,3145.29,1513.3500000000001,SUNDAY,NH,H,HHW
KK Nagar ATM,17-11-2013,122,80,42,8793.36,6003.84,2789.52,SUNDAY,NH,H,HHW
Christ College ATM,17-11-2013,212,37,175,12287.34,2463.84,9823.5,SUNDAY,NH,H,HHW
Big Street ATM,18-11-2013,93,38,55,5554.26,3548.85,2005.41,MONDAY,NH,W,HWW
Mount Road ATM,18-11-2013,194,92,102,12602.4,7667.64,4934.76,MONDAY,NH,W,HWW
Airport ATM,18-11-2013,110,92,18,10483.710000000001,8740.26,1743.45,MONDAY,NH,W,HWW
KK Nagar ATM,18-11-2013,205,152,53,15960.09,12459.03,3501.06,MONDAY,NH,W,HWW
Christ College ATM,18-11-2013,142,50,92,7191.51,2525.79,4665.72,MONDAY,NH,W,HWW
Big Street ATM,19-11-2013,97,45,52,5830.38,3573.63,2256.75,TUESDAY,NH,W,WWW
Mount Road ATM,19-11-2013,180,107,73,13722.81,10988.16,2734.65,TUESDAY,NH,W,WWW
Airport ATM,19-11-2013,112,87,25,9313.74,7835.79,1477.95,TUESDAY,NH,W,WWW
KK Nagar ATM,19-11-2013,235,186,49,20185.08,16944.21,3240.87,TUESDAY,NH,W,WWW
Christ College ATM,19-11-2013,119,52,67,8223.42,3042.63,5180.79,TUESDAY,NH,W,WWW
Big Street ATM,20-11-2013,91,19,72,4736.52,846.0600000000001,3890.46,WEDNESDAY,NH,W,WWW
Mount Road ATM,20-11-2013,140,78,62,8715.48,5394.96,3320.52,WEDNESDAY,NH,W,WWW
Airport ATM,20-11-2013,106,80,26,9989.880000000001,7508.34,2481.54,WEDNESDAY,NH,W,WWW
KK Nagar ATM,20-11-2013,217,161,56,16908.81,13715.73,3193.08,WEDNESDAY,NH,W,WWW
Christ College ATM,20-11-2013,163,53,110,11554.56,4442.7,7111.860000000001,WEDNESDAY,NH,W,WWW
Big Street ATM,21-11-2013,116,36,80,6720.6900000000005,3378.9300000000003,3341.76,THURSDAY,NH,W,WWW
Mount Road ATM,21-11-2013,179,76,103,11004.09,7115.400000000001,3888.69,THURSDAY,NH,W,WWW
Airport ATM,21-11-2013,127,95,32,12726.300000000001,10713.81,2012.49,THURSDAY,NH,W,WWW
KK Nagar ATM,21-11-2013,238,163,75,16188.42,11140.380000000001,5048.04,THURSDAY,NH,W,WWW
Christ College ATM,21-11-2013,183,45,138,9954.48,2469.15,7485.33,THURSDAY,NH,W,WWW
Big Street ATM,22-11-2013,117,31,86,6338.37,3161.2200000000003,3177.15,FRIDAY,NH,W,WWH
Mount Road ATM,22-11-2013,152,76,76,11552.79,7580.91,3971.88,FRIDAY,NH,W,WWH
Airport ATM,22-11-2013,109,77,32,8660.61,6881.76,1778.8500000000001,FRIDAY,NH,W,WWH
KK Nagar ATM,22-11-2013,219,163,56,14738.79,11988.210000000001,2750.58,FRIDAY,NH,W,WWH
Christ College ATM,22-11-2013,139,46,93,8377.41,2736.42,5640.99,FRIDAY,NH,W,WWH
Big Street ATM,23-11-2013,118,49,69,7232.22,4180.74,3051.48,SATURDAY,NH,H,WHH
Mount Road ATM,23-11-2013,145,63,82,8150.85,4885.2,3265.65,SATURDAY,NH,H,WHH
Airport ATM,23-11-2013,130,99,31,10336.800000000001,8671.23,1665.57,SATURDAY,NH,H,WHH
KK Nagar ATM,23-11-2013,214,165,49,16195.5,13050.210000000001,3145.29,SATURDAY,NH,H,WHH
Christ College ATM,23-11-2013,176,65,111,12896.220000000001,6729.54,6166.68,SATURDAY,NH,H,WHH
Big Street ATM,24-11-2013,71,25,46,3382.4700000000003,1708.05,1674.42,SUNDAY,NH,H,HHW
Mount Road ATM,24-11-2013,84,23,61,2922.27,757.5600000000001,2164.71,SUNDAY,NH,H,HHW
Airport ATM,24-11-2013,70,44,26,4465.71,3244.4100000000003,1221.3,SUNDAY,NH,H,HHW
KK Nagar ATM,24-11-2013,70,44,26,4242.6900000000005,3131.13,1111.56,SUNDAY,NH,H,HHW
Christ College ATM,24-11-2013,124,31,93,7363.2,1669.1100000000001,5694.09,SUNDAY,NH,H,HHW
Big Street ATM,25-11-2013,119,42,77,7280.01,4071.0,3209.01,MONDAY,NH,W,HWW
Mount Road ATM,25-11-2013,144,81,63,7864.110000000001,6186.150000000001,1677.96,MONDAY,NH,W,HWW
Airport ATM,25-11-2013,111,82,29,8848.23,7301.25,1546.98,MONDAY,NH,W,HWW
KK Nagar ATM,25-11-2013,206,167,39,13816.62,11733.33,2083.29,MONDAY,NH,W,HWW
Christ College ATM,25-11-2013,212,60,152,14043.18,4485.18,9558.0,MONDAY,NH,W,HWW
Big Street ATM,26-11-2013,131,58,73,7630.47,4855.11,2775.36,TUESDAY,NH,W,WWW
Mount Road ATM,26-11-2013,137,77,60,9073.02,7593.3,1479.72,TUESDAY,NH,W,WWW
Airport ATM,26-11-2013,113,82,31,6929.55,5996.76,932.7900000000001,TUESDAY,NH,W,WWW
KK Nagar ATM,26-11-2013,199,160,39,12782.94,10294.32,2488.62,TUESDAY,NH,W,WWW
Christ College ATM,26-11-2013,161,44,117,9685.44,2874.48,6810.96,TUESDAY,NH,W,WWW
Big Street ATM,27-11-2013,79,26,53,3888.69,1718.67,2170.02,WEDNESDAY,NH,W,WWW
Mount Road ATM,27-11-2013,138,81,57,9037.62,7019.820000000001,2017.8,WEDNESDAY,NH,W,WWW
Airport ATM,27-11-2013,67,49,18,5917.110000000001,4686.96,1230.15,WEDNESDAY,NH,W,WWW
KK Nagar ATM,27-11-2013,214,163,51,17255.73,14321.07,2934.66,WEDNESDAY,NH,W,WWW
Christ College ATM,27-11-2013,169,64,105,11528.01,6425.1,5102.91,WEDNESDAY,NH,W,WWW
Big Street ATM,28-11-2013,114,44,70,7972.08,4009.05,3963.03,THURSDAY,NH,W,WWW
Mount Road ATM,28-11-2013,142,64,78,7678.26,4226.76,3451.5,THURSDAY,NH,W,WWW
Airport ATM,28-11-2013,105,80,25,9179.22,8149.08,1030.14,THURSDAY,NH,W,WWW
KK Nagar ATM,28-11-2013,237,178,59,17942.49,13462.62,4479.87,THURSDAY,NH,W,WWW
Christ College ATM,28-11-2013,164,64,100,13621.92,7938.45,5683.47,THURSDAY,NH,W,WWW
Big Street ATM,29-11-2013,124,38,86,7621.62,3097.5,4524.12,FRIDAY,NH,W,WWH
Mount Road ATM,29-11-2013,162,84,78,15055.62,10168.65,4886.97,FRIDAY,NH,W,WWH
Airport ATM,29-11-2013,112,76,36,10014.66,6488.820000000001,3525.84,FRIDAY,NH,W,WWH
KK Nagar ATM,29-11-2013,289,219,70,19793.91,15607.86,4186.05,FRIDAY,NH,W,WWH
Christ College ATM,29-11-2013,173,51,122,11308.53,4378.9800000000005,6929.55,FRIDAY,NH,W,WWH
Big Street ATM,30-11-2013,85,35,50,5147.16,2012.49,3134.67,SATURDAY,NH,H,WHH
Mount Road ATM,30-11-2013,200,100,100,13388.28,7885.35,5502.93,SATURDAY,NH,H,WHH
Airport ATM,30-11-2013,51,41,10,5775.51,4964.85,810.66,SATURDAY,NH,H,WHH
KK Nagar ATM,30-11-2013,273,211,62,20365.62,15853.890000000001,4511.7300000000005,SATURDAY,NH,H,WHH
Christ College ATM,30-11-2013,171,77,94,13936.98,6864.06,7072.92,SATURDAY,NH,H,WHH
Big Street ATM,1/12/2013,119,37,82,6345.45,2339.94,4005.51,SUNDAY,NH,H,HHW
Mount Road ATM,1/12/2013,128,42,86,7423.38,3662.13,3761.25,SUNDAY,NH,H,HHW
Airport ATM,1/12/2013,127,101,26,11474.91,10002.27,1472.64,SUNDAY,NH,H,HHW
KK Nagar ATM,1/12/2013,138,101,37,10076.61,7242.84,2833.77,SUNDAY,NH,H,HHW
Christ College ATM,1/12/2013,211,51,160,14161.77,3009.0,11152.77,SUNDAY,NH,H,HHW
Big Street ATM,2/12/2013,114,39,75,7855.26,3736.4700000000003,4118.79,MONDAY,NH,W,HWW
Mount Road ATM,2/12/2013,162,105,57,11566.95,8584.5,2982.4500000000003,MONDAY,NH,W,HWW
Airport ATM,2/12/2013,133,95,38,11646.6,8807.52,2839.08,MONDAY,NH,W,HWW
KK Nagar ATM,2/12/2013,226,188,38,23068.41,20096.58,2971.83,MONDAY,NH,W,HWW
Christ College ATM,2/12/2013,200,65,135,15899.91,5173.71,10726.2,MONDAY,NH,W,HWW
Big Street ATM,3/12/2013,107,42,65,8577.42,4382.52,4194.900000000001,TUESDAY,NH,W,WWW
Mount Road ATM,3/12/2013,202,99,103,15395.460000000001,9448.26,5947.2,TUESDAY,NH,W,WWW
Airport ATM,3/12/2013,150,115,35,14632.59,11855.460000000001,2777.13,TUESDAY,NH,W,WWW
KK Nagar ATM,3/12/2013,240,181,59,20549.7,15823.800000000001,4725.900000000001,TUESDAY,NH,W,WWW
Christ College ATM,3/12/2013,222,76,146,18482.34,7133.1,11349.24,TUESDAY,NH,W,WWW
Big Street ATM,4/12/2013,121,39,82,8487.15,3621.42,4865.7300000000005,WEDNESDAY,NH,W,WWW
Mount Road ATM,4/12/2013,240,106,134,15813.18,9115.5,6697.68,WEDNESDAY,NH,W,WWW
Airport ATM,4/12/2013,122,88,34,10876.65,8361.48,2515.17,WEDNESDAY,NH,W,WWW
KK Nagar ATM,4/12/2013,253,182,71,30190.89,24401.22,5789.67,WEDNESDAY,NH,W,WWW
Christ College ATM,4/12/2013,208,86,122,18600.93,9242.94,9357.99,WEDNESDAY,NH,W,WWW
Big Street ATM,5/12/2013,117,45,72,7986.24,3927.63,4058.61,THURSDAY,NH,W,WWW
Mount Road ATM,5/12/2013,202,98,104,16112.310000000001,11092.59,5019.72,THURSDAY,NH,W,WWW
Airport ATM,5/12/2013,143,104,39,14064.42,11127.99,2936.4300000000003,THURSDAY,NH,W,WWW
KK Nagar ATM,5/12/2013,274,182,92,25388.88,16816.77,8572.11,THURSDAY,NH,W,WWW
Christ College ATM,5/12/2013,186,66,120,15137.04,5741.88,9395.16,THURSDAY,NH,W,WWW
Big Street ATM,6/12/2013,127,50,77,10358.04,5193.18,5164.860000000001,FRIDAY,NH,W,WWH
Mount Road ATM,6/12/2013,200,99,101,13722.81,7294.17,6428.64,FRIDAY,NH,W,WWH
Airport ATM,6/12/2013,46,26,20,4150.650000000001,2400.12,1750.53,FRIDAY,NH,W,WWH
KK Nagar ATM,6/12/2013,252,179,73,21273.63,15873.36,5400.27,FRIDAY,NH,W,WWH
Christ College ATM,6/12/2013,151,40,111,8991.6,2028.42,6963.18,FRIDAY,NH,W,WWH
Big Street ATM,7/12/2013,121,45,76,8488.92,4331.1900000000005,4157.7300000000005,SATURDAY,NH,H,WHH
Mount Road ATM,7/12/2013,185,79,106,13483.86,7757.91,5725.95,SATURDAY,NH,H,WHH
Airport ATM,7/12/2013,128,95,33,10103.16,7237.53,2865.63,SATURDAY,NH,H,WHH
KK Nagar ATM,7/12/2013,266,213,53,21404.61,18287.64,3116.9700000000003,SATURDAY,NH,H,WHH
Christ College ATM,7/12/2013,148,70,78,12099.720000000001,7611.0,4488.72,SATURDAY,NH,H,WHH
Big Street ATM,8/12/2013,106,33,73,5687.01,2295.69,3391.32,SUNDAY,NH,H,HHW
Mount Road ATM,8/12/2013,146,52,94,8375.64,4467.4800000000005,3908.1600000000003,SUNDAY,NH,H,HHW
Airport ATM,8/12/2013,102,72,30,7111.860000000001,5626.83,1485.03,SUNDAY,NH,H,HHW
KK Nagar ATM,8/12/2013,148,118,30,11014.710000000001,9108.42,1906.29,SUNDAY,NH,H,HHW
Christ College ATM,8/12/2013,94,36,58,5676.39,2771.82,2904.57,SUNDAY,NH,H,HHW
Big Street ATM,9/12/2013,98,39,59,6685.29,3722.31,2962.98,MONDAY,NH,W,HWW
Mount Road ATM,9/12/2013,203,105,98,15630.87,9956.25,5674.62,MONDAY,NH,W,HWW
Airport ATM,9/12/2013,135,107,28,13496.25,11662.53,1833.72,MONDAY,NH,W,HWW
KK Nagar ATM,9/12/2013,236,185,51,20085.96,16544.19,3541.77,MONDAY,NH,W,HWW
Christ College ATM,9/12/2013,125,63,62,13007.73,8011.02,4996.71,MONDAY,NH,W,HWW
Big Street ATM,10/12/2013,101,40,61,5465.76,2688.63,2777.13,TUESDAY,NH,W,WWW
Mount Road ATM,10/12/2013,176,91,85,11175.78,6664.05,4511.7300000000005,TUESDAY,NH,W,WWW
Airport ATM,10/12/2013,116,82,34,7802.16,5904.72,1897.44,TUESDAY,NH,W,WWW
KK Nagar ATM,10/12/2013,240,197,43,21553.29,18549.600000000002,3003.69,TUESDAY,NH,W,WWW
Christ College ATM,10/12/2013,130,48,82,8011.02,3821.4300000000003,4189.59,TUESDAY,NH,W,WWW
Big Street ATM,11/12/2013,107,43,64,7313.64,4122.33,3191.31,WEDNESDAY,NH,W,WWW
Mount Road ATM,11/12/2013,152,92,60,9673.050000000001,7313.64,2359.41,WEDNESDAY,NH,W,WWW
Airport ATM,11/12/2013,126,96,30,10496.1,8685.39,1810.71,WEDNESDAY,NH,W,WWW
KK Nagar ATM,11/12/2013,267,205,62,27104.010000000002,22705.56,4398.45,WEDNESDAY,NH,W,WWW
Christ College ATM,11/12/2013,157,61,96,12859.050000000001,5842.77,7016.28,WEDNESDAY,NH,W,WWW
Big Street ATM,12/12/2013,107,40,67,6237.4800000000005,2709.87,3527.61,THURSDAY,NH,W,WWW
Mount Road ATM,12/12/2013,125,71,54,8002.17,5371.95,2630.2200000000003,THURSDAY,NH,W,WWW
Airport ATM,12/12/2013,68,42,26,6233.9400000000005,4532.97,1700.97,THURSDAY,NH,W,WWW
KK Nagar ATM,12/12/2013,152,114,38,12349.29,9804.03,2545.26,THURSDAY,NH,W,WWW
Christ College ATM,12/12/2013,137,57,80,9035.85,5998.53,3037.32,THURSDAY,NH,W,WWW
Big Street ATM,23-12-2013,17,13,4,1637.25,1231.92,405.33,MONDAY,NH,W,HWW
Mount Road ATM,23-12-2013,25,13,12,3108.12,1938.15,1169.97,MONDAY,NH,W,HWW
Airport ATM,23-12-2013,64,60,4,5752.5,5301.150000000001,451.35,MONDAY,NH,W,HWW
KK Nagar ATM,23-12-2013,118,109,9,8288.91,7864.110000000001,424.8,MONDAY,NH,W,HWW
Christ College ATM,23-12-2013,22,14,8,1840.8,1447.8600000000001,392.94,MONDAY,NH,W,HWW
Big Street ATM,24-12-2013,44,27,17,2607.21,1741.68,865.53,TUESDAY,NH,W,WWH
Mount Road ATM,24-12-2013,60,60,0,4340.04,4340.04,0.0,TUESDAY,NH,W,WWH
Airport ATM,24-12-2013,38,33,5,1877.97,1833.72,44.25,TUESDAY,NH,W,WWH
KK Nagar ATM,24-12-2013,226,221,5,13722.81,13459.08,263.73,TUESDAY,NH,W,WWH
Christ College ATM,24-12-2013,110,94,16,9242.94,8122.530000000001,1120.41,TUESDAY,NH,W,WWH
Big Street ATM,25-12-2013,129,45,84,5848.08,2313.39,3534.69,WEDNESDAY,C,H,WHW
Mount Road ATM,25-12-2013,87,29,58,4504.650000000001,1346.97,3157.6800000000003,WEDNESDAY,C,H,WHW
Airport ATM,25-12-2013,19,10,9,375.24,203.55,171.69,WEDNESDAY,C,H,WHW
KK Nagar ATM,25-12-2013,177,147,30,13195.35,11421.81,1773.54,WEDNESDAY,C,H,WHW
Christ College ATM,25-12-2013,76,38,38,4125.87,3263.88,861.99,WEDNESDAY,C,H,WHW
Big Street ATM,26-12-2013,77,33,44,6032.16,2633.76,3398.4,THURSDAY,NH,W,HWW
Mount Road ATM,26-12-2013,167,100,67,11666.07,8529.630000000001,3136.44,THURSDAY,NH,W,HWW
KK Nagar ATM,26-12-2013,220,185,35,16924.74,14871.54,2053.2000000000003,THURSDAY,NH,W,HWW
Christ College ATM,26-12-2013,92,52,40,9218.16,6430.41,2787.75,THURSDAY,NH,W,HWW
Big Street ATM,27-12-2013,73,41,32,4832.1,3775.4100000000003,1056.69,FRIDAY,NH,W,WWH
Mount Road ATM,27-12-2013,125,87,38,9740.31,8207.49,1532.82,FRIDAY,NH,W,WWH
KK Nagar ATM,27-12-2013,165,146,19,10248.300000000001,8959.74,1288.56,FRIDAY,NH,W,WWH
Christ College ATM,27-12-2013,46,22,24,1458.48,853.14,605.34,FRIDAY,NH,W,WWH
Big Street ATM,28-12-2013,100,33,67,6264.03,2357.64,3906.3900000000003,SATURDAY,NH,H,WHH
Mount Road ATM,28-12-2013,168,79,89,8301.300000000001,4770.150000000001,3531.15,SATURDAY,NH,H,WHH
Airport ATM,28-12-2013,43,32,11,2766.51,2380.65,385.86,SATURDAY,NH,H,WHH
KK Nagar ATM,28-12-2013,280,195,85,20047.02,14869.77,5177.25,SATURDAY,NH,H,WHH
Christ College ATM,28-12-2013,116,54,62,9303.12,5844.54,3458.58,SATURDAY,NH,H,WHH
Big Street ATM,29-12-2013,101,28,73,5538.33,2665.62,2872.71,SUNDAY,NH,H,HHW
Mount Road ATM,29-12-2013,89,35,54,3258.57,1373.52,1885.05,SUNDAY,NH,H,HHW
Airport ATM,29-12-2013,103,70,33,7883.58,6046.32,1837.26,SUNDAY,NH,H,HHW
KK Nagar ATM,29-12-2013,123,75,48,7763.22,4681.650000000001,3081.57,SUNDAY,NH,H,HHW
Christ College ATM,29-12-2013,65,41,24,4129.41,3108.12,1021.2900000000001,SUNDAY,NH,H,HHW
Big Street ATM,30-12-2013,98,39,59,5817.99,3338.2200000000003,2479.77,MONDAY,NH,W,HWW
Mount Road ATM,30-12-2013,145,92,53,9465.960000000001,7002.12,2463.84,MONDAY,NH,W,HWW
Airport ATM,30-12-2013,101,85,16,8234.04,7715.43,518.61,MONDAY,NH,W,HWW
KK Nagar ATM,30-12-2013,227,182,45,18862.89,15666.27,3196.62,MONDAY,NH,W,HWW
Christ College ATM,30-12-2013,111,65,46,10209.36,6936.63,3272.73,MONDAY,NH,W,HWW
Big Street ATM,31-12-2013,144,48,96,10759.83,5754.27,5005.56,TUESDAY,NH,W,WWH
Mount Road ATM,31-12-2013,221,130,91,16326.48,11798.82,4527.66,TUESDAY,NH,W,WWH
Airport ATM,31-12-2013,119,96,23,12777.630000000001,11027.1,1750.53,TUESDAY,NH,W,WWH
KK Nagar ATM,31-12-2013,335,257,78,26663.280000000002,21682.5,4980.78,TUESDAY,NH,W,WWH
Christ College ATM,31-12-2013,110,59,51,6662.28,4786.08,1876.2,TUESDAY,NH,W,WWH
Big Street ATM,1/1/2014,101,44,57,5772.8,2774.4,2998.4,WEDNESDAY,C,H,WHW
Mount Road ATM,1/1/2014,90,31,59,4300.8,1814.4,2486.4,WEDNESDAY,C,H,WHW
Airport ATM,1/1/2014,68,55,13,5592.0,5132.8,459.2,WEDNESDAY,C,H,WHW
KK Nagar ATM,1/1/2014,235,170,65,17334.4,12928.0,4406.400000000001,WEDNESDAY,C,H,WHW
Christ College ATM,1/1/2014,85,35,50,5094.400000000001,2625.6,2468.8,WEDNESDAY,C,H,WHW
Big Street ATM,2/1/2014,80,32,48,4120.0,1561.6000000000001,2558.4,THURSDAY,NH,W,HWW
Mount Road ATM,2/1/2014,193,133,60,16496.0,13014.4,3481.6,THURSDAY,NH,W,HWW
Airport ATM,2/1/2014,49,40,9,3545.6,3262.4,283.2,THURSDAY,NH,W,HWW
KK Nagar ATM,2/1/2014,295,222,73,25672.0,19817.600000000002,5854.400000000001,THURSDAY,NH,W,HWW
Christ College ATM,2/1/2014,183,77,106,13377.6,5564.8,7812.8,THURSDAY,NH,W,HWW
Big Street ATM,3/1/2014,105,31,74,5382.400000000001,2304.0,3078.4,FRIDAY,NH,W,WWH
Mount Road ATM,3/1/2014,171,94,77,10460.800000000001,6412.8,4048.0,FRIDAY,NH,W,WWH
Airport ATM,3/1/2014,122,100,22,8841.6,7568.0,1273.6000000000001,FRIDAY,NH,W,WWH
KK Nagar ATM,3/1/2014,246,174,72,19232.0,13798.4,5433.6,FRIDAY,NH,W,WWH
Christ College ATM,3/1/2014,158,55,103,13304.0,5288.0,8016.0,FRIDAY,NH,W,WWH
Big Street ATM,4/1/2014,108,42,66,5641.6,2548.8,3092.8,SATURDAY,NH,H,WHH
Mount Road ATM,4/1/2014,197,95,102,12318.4,8184.0,4134.4,SATURDAY,NH,H,WHH
Airport ATM,4/1/2014,57,39,18,4667.2,4017.6,649.6,SATURDAY,NH,H,WHH
KK Nagar ATM,4/1/2014,278,221,57,22377.600000000002,19038.4,3339.2000000000003,SATURDAY,NH,H,WHH
Christ College ATM,4/1/2014,168,91,77,15369.6,8444.8,6924.8,SATURDAY,NH,H,WHH
Big Street ATM,5/1/2014,140,38,102,8259.2,3188.8,5070.400000000001,SUNDAY,NH,H,HHW
Mount Road ATM,5/1/2014,164,47,117,6320.0,1872.0,4448.0,SUNDAY,NH,H,HHW
Airport ATM,5/1/2014,127,87,40,8163.2,6305.6,1857.6000000000001,SUNDAY,NH,H,HHW
KK Nagar ATM,5/1/2014,175,117,58,11163.2,7827.2,3336.0,SUNDAY,NH,H,HHW
Christ College ATM,5/1/2014,155,62,93,8382.4,3580.8,4801.6,SUNDAY,NH,H,HHW
Big Street ATM,6/1/2014,112,30,82,6731.2,2358.4,4372.8,MONDAY,NH,W,HWW
Mount Road ATM,6/1/2014,264,112,152,19004.8,11422.4,7582.400000000001,MONDAY,NH,W,HWW
Airport ATM,6/1/2014,48,30,18,3734.4,2756.8,977.6,MONDAY,NH,W,HWW
KK Nagar ATM,6/1/2014,319,205,114,19915.2,13105.6,6809.6,MONDAY,NH,W,HWW
Christ College ATM,6/1/2014,218,89,129,17392.0,8483.2,8908.800000000001,MONDAY,NH,W,HWW
Big Street ATM,7/1/2014,147,48,99,9489.6,3787.2000000000003,5702.400000000001,TUESDAY,NH,W,WWW
Mount Road ATM,7/1/2014,246,136,110,19894.4,14420.800000000001,5473.6,TUESDAY,NH,W,WWW
Airport ATM,7/1/2014,124,96,28,9686.4,8059.2,1627.2,TUESDAY,NH,W,WWW
KK Nagar ATM,7/1/2014,228,167,61,17024.0,13414.4,3609.6,TUESDAY,NH,W,WWW
Christ College ATM,7/1/2014,159,53,106,12169.6,4132.8,8036.8,TUESDAY,NH,W,WWW
Big Street ATM,8/1/2014,119,39,80,7420.8,2766.4,4654.400000000001,WEDNESDAY,NH,W,WWW
Mount Road ATM,8/1/2014,189,79,110,10969.6,5336.0,5633.6,WEDNESDAY,NH,W,WWW
Airport ATM,8/1/2014,130,93,37,8908.800000000001,7299.2,1609.6000000000001,WEDNESDAY,NH,W,WWW
KK Nagar ATM,8/1/2014,248,160,88,17836.8,10937.6,6899.2,WEDNESDAY,NH,W,WWW
Christ College ATM,8/1/2014,214,52,162,16452.8,4808.0,11644.800000000001,WEDNESDAY,NH,W,WWW
Big Street ATM,9/1/2014,141,42,99,8139.2,3622.4,4516.8,THURSDAY,NH,W,WWW
Mount Road ATM,9/1/2014,180,90,90,12312.0,7523.2,4788.8,THURSDAY,NH,W,WWW
Airport ATM,9/1/2014,138,96,42,9412.800000000001,7520.0,1892.8,THURSDAY,NH,W,WWW
KK Nagar ATM,9/1/2014,261,183,78,19091.2,13609.6,5481.6,THURSDAY,NH,W,WWW
Christ College ATM,9/1/2014,138,52,86,9232.0,4052.8,5179.2,THURSDAY,NH,W,WWW
Big Street ATM,10/1/2014,116,34,82,6734.400000000001,2638.4,4096.0,FRIDAY,NH,W,WWH
Mount Road ATM,10/1/2014,214,92,122,12584.0,4404.8,8179.2,FRIDAY,NH,W,WWH
Airport ATM,10/1/2014,118,92,26,11476.800000000001,10107.2,1369.6000000000001,FRIDAY,NH,W,WWH
KK Nagar ATM,10/1/2014,256,169,87,19096.0,12868.800000000001,6227.2,FRIDAY,NH,W,WWH
Christ College ATM,10/1/2014,174,71,103,12564.800000000001,6902.400000000001,5662.400000000001,FRIDAY,NH,W,WWH
Big Street ATM,11/1/2014,115,29,86,6963.2,2064.0,4899.2,SATURDAY,NH,H,WHH
Mount Road ATM,11/1/2014,190,82,108,10392.0,5432.0,4960.0,SATURDAY,NH,H,WHH
Airport ATM,11/1/2014,158,121,37,12548.800000000001,10636.800000000001,1912.0,SATURDAY,NH,H,WHH
KK Nagar ATM,11/1/2014,250,180,70,18576.0,15107.2,3468.8,SATURDAY,NH,H,WHH
Christ College ATM,11/1/2014,136,76,60,11360.0,7792.0,3568.0,SATURDAY,NH,H,WHH
Big Street ATM,12/1/2014,128,30,98,5449.6,1651.2,3798.4,SUNDAY,NH,H,HHW
Mount Road ATM,12/1/2014,146,64,82,8144.0,6041.6,2102.4,SUNDAY,NH,H,HHW
Airport ATM,12/1/2014,122,81,41,8849.6,7043.2,1806.4,SUNDAY,NH,H,HHW
KK Nagar ATM,12/1/2014,175,121,54,11756.800000000001,8190.400000000001,3566.4,SUNDAY,NH,H,HHW
Christ College ATM,12/1/2014,99,40,59,5657.6,2988.8,2668.8,SUNDAY,NH,H,HHW
Big Street ATM,13-01-2014,84,27,57,4593.6,2006.4,2587.2000000000003,MONDAY,NH,W,HWH
Mount Road ATM,13-01-2014,186,75,111,9281.6,3800.0,5481.6,MONDAY,NH,W,HWH
Airport ATM,13-01-2014,120,75,45,7972.8,5268.8,2704.0,MONDAY,NH,W,HWH
KK Nagar ATM,13-01-2014,260,157,103,16612.8,10894.4,5718.400000000001,MONDAY,NH,W,HWH
Christ College ATM,13-01-2014,155,47,108,10624.0,3636.8,6987.2,MONDAY,NH,W,HWH
Big Street ATM,14-01-2014,115,23,92,4041.6,1456.0,2585.6,TUESDAY,H,H,WHH
Mount Road ATM,14-01-2014,108,18,90,4688.0,1174.4,3513.6,TUESDAY,H,H,WHH
Airport ATM,14-01-2014,50,24,26,3696.0,2465.6,1230.4,TUESDAY,H,H,WHH
KK Nagar ATM,14-01-2014,129,59,70,7107.2,4041.6,3065.6,TUESDAY,H,H,WHH
Christ College ATM,14-01-2014,91,36,55,4710.400000000001,1542.4,3168.0,TUESDAY,H,H,WHH
Big Street ATM,15-01-2014,135,40,95,7385.6,3161.6,4224.0,WEDNESDAY,H,H,HHH
Mount Road ATM,15-01-2014,96,29,67,6035.2,2822.4,3212.8,WEDNESDAY,H,H,HHH
Airport ATM,15-01-2014,69,44,25,5009.6,3577.6,1432.0,WEDNESDAY,H,H,HHH
KK Nagar ATM,15-01-2014,139,74,65,8353.6,5179.2,3174.4,WEDNESDAY,H,H,HHH
Christ College ATM,15-01-2014,78,39,39,5020.8,3481.6,1539.2,WEDNESDAY,H,H,HHH
Big Street ATM,16-01-2014,130,43,87,7014.400000000001,3462.4,3552.0,THURSDAY,H,H,HHW
Mount Road ATM,16-01-2014,127,43,84,5641.6,2556.8,3084.8,THURSDAY,H,H,HHW
Airport ATM,16-01-2014,90,64,26,3486.4,2713.6,772.8000000000001,THURSDAY,H,H,HHW
KK Nagar ATM,16-01-2014,195,99,96,12336.0,5044.8,7291.2,THURSDAY,H,H,HHW
Christ College ATM,16-01-2014,116,36,80,5672.0,1918.4,3753.6,THURSDAY,H,H,HHW
Big Street ATM,17-01-2014,112,40,72,5484.8,2825.6,2659.2000000000003,FRIDAY,NH,W,HWH
Mount Road ATM,17-01-2014,155,83,72,10572.800000000001,7400.0,3172.8,FRIDAY,NH,W,HWH
Airport ATM,17-01-2014,97,74,23,8235.2,7339.2,896.0,FRIDAY,NH,W,HWH
KK Nagar ATM,17-01-2014,260,171,89,18950.4,13561.6,5388.8,FRIDAY,NH,W,HWH
Christ College ATM,17-01-2014,239,58,181,16684.8,3982.4,12702.4,FRIDAY,NH,W,HWH
Big Street ATM,18-01-2014,120,20,100,6472.0,2310.4,4161.6,SATURDAY,NH,H,WHH
Mount Road ATM,18-01-2014,152,62,90,9582.4,5400.0,4182.4,SATURDAY,NH,H,WHH
Airport ATM,18-01-2014,105,81,24,9131.2,8248.0,883.2,SATURDAY,NH,H,WHH
KK Nagar ATM,18-01-2014,200,144,56,12404.800000000001,9104.0,3300.8,SATURDAY,NH,H,WHH
Christ College ATM,18-01-2014,170,54,116,11865.6,5404.8,6460.8,SATURDAY,NH,H,WHH
Big Street ATM,19-01-2014,123,27,96,6232.0,2220.8,4011.2000000000003,SUNDAY,NH,H,HHW
Mount Road ATM,19-01-2014,103,27,76,4256.0,1430.4,2825.6,SUNDAY,NH,H,HHW
Airport ATM,19-01-2014,127,97,30,8484.8,6478.400000000001,2006.4,SUNDAY,NH,H,HHW
KK Nagar ATM,19-01-2014,113,80,33,6584.0,5182.400000000001,1401.6000000000001,SUNDAY,NH,H,HHW
Christ College ATM,19-01-2014,148,36,112,7385.6,1540.8,5844.8,SUNDAY,NH,H,HHW
Big Street ATM,20-01-2014,85,40,45,4966.400000000001,2982.4,1984.0,MONDAY,NH,W,HWW
Mount Road ATM,20-01-2014,168,87,81,8808.0,5657.6,3150.4,MONDAY,NH,W,HWW
Airport ATM,20-01-2014,119,96,23,12694.4,11852.800000000001,841.6,MONDAY,NH,W,HWW
KK Nagar ATM,20-01-2014,232,177,55,22577.600000000002,18568.0,4009.6,MONDAY,NH,W,HWW
Christ College ATM,20-01-2014,187,70,117,12193.6,5236.8,6956.8,MONDAY,NH,W,HWW
Big Street ATM,21-01-2014,85,34,51,5116.8,2918.4,2198.4,TUESDAY,NH,W,WWW
Mount Road ATM,21-01-2014,128,68,60,5980.8,3137.6,2843.2000000000003,TUESDAY,NH,W,WWW
Airport ATM,21-01-2014,79,67,12,3912.0,3560.0,352.0,TUESDAY,NH,W,WWW
KK Nagar ATM,21-01-2014,196,154,42,16080.0,14286.4,1793.6000000000001,TUESDAY,NH,W,WWW
Christ College ATM,21-01-2014,175,59,116,12830.4,5446.400000000001,7384.0,TUESDAY,NH,W,WWW
Big Street ATM,22-01-2014,96,29,67,3520.0,1606.4,1913.6000000000001,WEDNESDAY,NH,W,WWW
Mount Road ATM,22-01-2014,163,86,77,9164.800000000001,5955.2,3209.6,WEDNESDAY,NH,W,WWW
Airport ATM,22-01-2014,127,95,32,9852.800000000001,8107.2,1745.6000000000001,WEDNESDAY,NH,W,WWW
KK Nagar ATM,22-01-2014,202,154,48,16492.8,13734.4,2758.4,WEDNESDAY,NH,W,WWW
Christ College ATM,22-01-2014,157,67,90,11291.2,7108.8,4182.4,WEDNESDAY,NH,W,WWW
Big Street ATM,23-01-2014,81,40,41,4233.6,2670.4,1563.2,THURSDAY,NH,W,WWW
Mount Road ATM,23-01-2014,130,67,63,9028.800000000001,6152.0,2876.8,THURSDAY,NH,W,WWW
Airport ATM,23-01-2014,103,80,23,8755.2,8145.6,609.6,THURSDAY,NH,W,WWW
KK Nagar ATM,23-01-2014,181,143,38,11782.4,9240.0,2542.4,THURSDAY,NH,W,WWW
Christ College ATM,23-01-2014,110,69,41,7388.8,4936.0,2452.8,THURSDAY,NH,W,WWW
Big Street ATM,24-01-2014,118,45,73,6164.8,3910.4,2254.4,FRIDAY,NH,W,WWH
Mount Road ATM,24-01-2014,175,81,94,9459.2,6336.0,3123.2000000000003,FRIDAY,NH,W,WWH
Airport ATM,24-01-2014,78,63,15,6088.0,5673.6,414.40000000000003,FRIDAY,NH,W,WWH
KK Nagar ATM,24-01-2014,162,119,43,11267.2,8486.4,2780.8,FRIDAY,NH,W,WWH
Christ College ATM,24-01-2014,86,45,41,5803.2,4564.8,1238.4,FRIDAY,NH,W,WWH
Big Street ATM,25-01-2014,97,37,60,4136.0,1700.8,2435.2000000000003,SATURDAY,NH,H,WHH
Mount Road ATM,25-01-2014,166,89,77,9275.2,6388.8,2886.4,SATURDAY,NH,H,WHH
Airport ATM,25-01-2014,70,54,16,6190.400000000001,5467.2,723.2,SATURDAY,NH,H,WHH
KK Nagar ATM,25-01-2014,272,202,70,23204.8,18344.0,4860.8,SATURDAY,NH,H,WHH
Christ College ATM,25-01-2014,144,61,83,10187.2,5438.400000000001,4748.8,SATURDAY,NH,H,WHH
Big Street ATM,26-01-2014,118,31,87,6652.8,2918.4,3734.4,SUNDAY,N,H,HHW
Mount Road ATM,26-01-2014,149,44,105,5852.8,2099.2,3753.6,SUNDAY,N,H,HHW
Airport ATM,26-01-2014,97,74,23,6974.400000000001,6508.8,465.6,SUNDAY,N,H,HHW
KK Nagar ATM,26-01-2014,110,76,34,7880.0,6208.0,1672.0,SUNDAY,N,H,HHW
Christ College ATM,26-01-2014,137,35,102,5598.400000000001,2193.6,3404.8,SUNDAY,N,H,HHW
Big Street ATM,27-01-2014,92,29,63,4476.8,1996.8,2480.0,MONDAY,NH,W,HWW
Mount Road ATM,27-01-2014,133,66,67,8185.6,5096.0,3089.6,MONDAY,NH,W,HWW
Airport ATM,27-01-2014,112,92,20,8396.8,7913.6,483.2,MONDAY,NH,W,HWW
KK Nagar ATM,27-01-2014,208,161,47,16524.8,13488.0,3036.8,MONDAY,NH,W,HWW
Christ College ATM,27-01-2014,127,46,81,7478.400000000001,3459.2000000000003,4019.2000000000003,MONDAY,NH,W,HWW
Big Street ATM,28-01-2014,107,47,60,6371.2,4028.8,2342.4,TUESDAY,NH,W,WWW
Mount Road ATM,28-01-2014,106,58,48,5880.0,4460.8,1419.2,TUESDAY,NH,W,WWW
Airport ATM,28-01-2014,86,74,12,7918.400000000001,7795.2,123.2,TUESDAY,NH,W,WWW
KK Nagar ATM,28-01-2014,209,170,39,13382.4,11888.0,1494.4,TUESDAY,NH,W,WWW
Christ College ATM,28-01-2014,139,33,106,7107.2,2440.0,4667.2,TUESDAY,NH,W,WWW
Big Street ATM,29-01-2014,84,31,53,3747.2000000000003,2380.8,1366.4,WEDNESDAY,NH,W,WWW
Mount Road ATM,29-01-2014,130,79,51,9710.4,6257.6,3452.8,WEDNESDAY,NH,W,WWW
Airport ATM,29-01-2014,91,73,18,5966.400000000001,4976.0,990.4,WEDNESDAY,NH,W,WWW
KK Nagar ATM,29-01-2014,206,162,44,15822.4,13379.2,2443.2000000000003,WEDNESDAY,NH,W,WWW
Christ College ATM,29-01-2014,148,46,102,8793.6,4115.2,4678.400000000001,WEDNESDAY,NH,W,WWW
Big Street ATM,30-01-2014,67,33,34,4395.2,2841.6,1553.6000000000001,THURSDAY,NH,W,WWW
Mount Road ATM,30-01-2014,126,71,55,7795.2,4684.8,3110.4,THURSDAY,NH,W,WWW
Airport ATM,30-01-2014,129,101,28,11444.800000000001,10316.800000000001,1128.0,THURSDAY,NH,W,WWW
KK Nagar ATM,30-01-2014,237,181,56,23094.4,18817.600000000002,4276.8,THURSDAY,NH,W,WWW
Christ College ATM,30-01-2014,126,43,83,9473.6,4283.2,5190.400000000001,THURSDAY,NH,W,WWW
Big Street ATM,31-01-2014,120,48,72,6417.6,3360.0,3057.6,FRIDAY,NH,W,WWH
Mount Road ATM,31-01-2014,191,103,88,11075.2,6340.8,4734.400000000001,FRIDAY,NH,W,WWH
Airport ATM,31-01-2014,132,100,32,10296.0,8188.8,2107.2,FRIDAY,NH,W,WWH
KK Nagar ATM,31-01-2014,259,214,45,19924.8,17216.0,2708.8,FRIDAY,NH,W,WWH
Christ College ATM,31-01-2014,231,67,164,15683.2,4768.0,10915.2,FRIDAY,NH,W,WWH
Big Street ATM,1/2/2014,93,46,47,6155.2,4227.2,1928.0,SATURDAY,NH,H,WHH
Mount Road ATM,1/2/2014,154,99,55,10422.4,6652.8,3769.6,SATURDAY,NH,H,WHH
Airport ATM,1/2/2014,133,112,21,10472.0,9577.6,894.4,SATURDAY,NH,H,WHH
KK Nagar ATM,1/2/2014,296,220,76,25408.0,18896.0,6512.0,SATURDAY,NH,H,WHH
Christ College ATM,1/2/2014,195,57,138,15001.6,5177.6,9824.0,SATURDAY,NH,H,WHH
Big Street ATM,2/2/2014,128,45,83,8688.0,4608.0,4080.0,SUNDAY,NH,H,HHW
Mount Road ATM,2/2/2014,162,50,112,8899.2,3564.8,5334.400000000001,SUNDAY,NH,H,HHW
Airport ATM,2/2/2014,119,79,40,6707.2,4665.6,2041.6000000000001,SUNDAY,NH,H,HHW
KK Nagar ATM,2/2/2014,144,77,67,11628.800000000001,5366.400000000001,6262.400000000001,SUNDAY,NH,H,HHW
Christ College ATM,2/2/2014,267,50,217,19222.4,4384.0,14838.4,SUNDAY,NH,H,HHW
Big Street ATM,3/2/2014,95,30,65,5507.2,2339.2000000000003,3168.0,MONDAY,NH,W,HWW
Mount Road ATM,3/2/2014,188,106,82,10291.2,5590.400000000001,4700.8,MONDAY,NH,W,HWW
Airport ATM,3/2/2014,136,112,24,10664.0,8630.4,2033.6000000000001,MONDAY,NH,W,HWW
KK Nagar ATM,3/2/2014,315,216,99,29307.2,21779.2,7528.0,MONDAY,NH,W,HWW
Christ College ATM,3/2/2014,140,42,98,7977.6,2777.6,5200.0,MONDAY,NH,W,HWW
Big Street ATM,4/2/2014,154,43,111,8640.0,1771.2,6868.8,TUESDAY,NH,W,WWW
Mount Road ATM,4/2/2014,195,89,106,11633.6,6313.6,5320.0,TUESDAY,NH,W,WWW
Airport ATM,4/2/2014,117,96,21,11875.2,10027.2,1848.0,TUESDAY,NH,W,WWW
KK Nagar ATM,4/2/2014,254,161,93,21800.0,14089.6,7710.400000000001,TUESDAY,NH,W,WWW
Christ College ATM,4/2/2014,192,71,121,15705.6,6486.400000000001,9219.2,TUESDAY,NH,W,WWW
Big Street ATM,5/2/2014,119,50,69,5672.0,2520.0,3152.0,WEDNESDAY,NH,W,WWW
Mount Road ATM,5/2/2014,194,72,122,11870.4,5313.6,6556.8,WEDNESDAY,NH,W,WWW
Airport ATM,5/2/2014,96,79,17,7004.8,6435.2,569.6,WEDNESDAY,NH,W,WWW
KK Nagar ATM,5/2/2014,289,195,94,24937.600000000002,18104.0,6833.6,WEDNESDAY,NH,W,WWW
Christ College ATM,5/2/2014,173,74,99,11337.6,3881.6,7456.0,WEDNESDAY,NH,W,WWW
Big Street ATM,6/2/2014,101,41,60,5360.0,3305.6,2054.4,THURSDAY,NH,W,WWW
Mount Road ATM,6/2/2014,201,101,100,14020.800000000001,8500.8,5520.0,THURSDAY,NH,W,WWW
Airport ATM,6/2/2014,115,75,40,9944.0,7929.6,2014.4,THURSDAY,NH,W,WWW
KK Nagar ATM,6/2/2014,265,196,69,21310.4,16857.6,4452.8,THURSDAY,NH,W,WWW
Christ College ATM,6/2/2014,220,68,152,13859.2,6086.400000000001,7772.8,THURSDAY,NH,W,WWW
Big Street ATM,7/2/2014,111,44,67,8734.4,5059.2,3675.2000000000003,FRIDAY,NH,W,WWH
Mount Road ATM,7/2/2014,188,88,100,11361.6,6302.400000000001,5059.2,FRIDAY,NH,W,WWH
Airport ATM,7/2/2014,104,77,27,7732.8,6024.0,1708.8,FRIDAY,NH,W,WWH
KK Nagar ATM,7/2/2014,215,161,54,16793.6,13912.0,2881.6,FRIDAY,NH,W,WWH
Christ College ATM,7/2/2014,183,46,137,10300.800000000001,3294.4,7006.400000000001,FRIDAY,NH,W,WWH
Big Street ATM,8/2/2014,97,34,63,6174.400000000001,3600.0,2574.4,SATURDAY,NH,H,WHH
Mount Road ATM,8/2/2014,194,110,84,12379.2,9196.800000000001,3182.4,SATURDAY,NH,H,WHH
Airport ATM,8/2/2014,128,93,35,9716.800000000001,8241.6,1475.2,SATURDAY,NH,H,WHH
KK Nagar ATM,8/2/2014,263,183,80,19404.8,13494.4,5910.400000000001,SATURDAY,NH,H,WHH
Christ College ATM,8/2/2014,236,80,156,17396.8,7579.2,9817.6,SATURDAY,NH,H,WHH
Big Street ATM,9/2/2014,48,23,25,2808.0,1601.6000000000001,1206.4,SUNDAY,NH,H,HHW
Mount Road ATM,9/2/2014,73,38,35,3153.6,1926.4,1227.2,SUNDAY,NH,H,HHW
Airport ATM,9/2/2014,94,82,12,6884.8,6193.6,691.2,SUNDAY,NH,H,HHW
KK Nagar ATM,9/2/2014,114,88,26,7475.2,6318.400000000001,1156.8,SUNDAY,NH,H,HHW
Christ College ATM,9/2/2014,81,37,44,5718.400000000001,2897.6,2820.8,SUNDAY,NH,H,HHW
Big Street ATM,10/2/2014,86,26,60,5057.6,2233.6,2824.0,MONDAY,NH,W,HWW
Mount Road ATM,10/2/2014,196,95,101,14105.6,10083.2,4022.4,MONDAY,NH,W,HWW
Airport ATM,10/2/2014,117,83,34,9219.2,7355.2,1864.0,MONDAY,NH,W,HWW
KK Nagar ATM,10/2/2014,209,141,68,14468.800000000001,9547.2,4921.6,MONDAY,NH,W,HWW
Christ College ATM,10/2/2014,212,58,154,18043.2,5088.0,12955.2,MONDAY,NH,W,HWW
Big Street ATM,11/2/2014,112,35,77,6337.6,3193.6,3144.0,TUESDAY,NH,W,WWW
Mount Road ATM,11/2/2014,178,72,106,10393.6,4776.0,5617.6,TUESDAY,NH,W,WWW
Airport ATM,11/2/2014,102,66,36,6782.400000000001,4361.6,2420.8,TUESDAY,NH,W,WWW
KK Nagar ATM,11/2/2014,278,164,114,20848.0,11491.2,9356.800000000001,TUESDAY,NH,W,WWW
Christ College ATM,11/2/2014,236,62,174,13457.6,3692.8,9764.800000000001,TUESDAY,NH,W,WWW
Big Street ATM,12/2/2014,128,36,92,7772.8,2939.2000000000003,4833.6,WEDNESDAY,NH,W,WWW
Mount Road ATM,12/2/2014,204,99,105,12595.2,6328.0,6267.2,WEDNESDAY,NH,W,WWW
Airport ATM,12/2/2014,60,36,24,5012.8,3596.8,1416.0,WEDNESDAY,NH,W,WWW
KK Nagar ATM,12/2/2014,183,132,51,16433.6,12657.6,3776.0,WEDNESDAY,NH,W,WWW
Christ College ATM,12/2/2014,179,61,118,14937.6,6356.8,8580.8,WEDNESDAY,NH,W,WWW
Big Street ATM,13-02-2014,118,25,93,5785.6,1006.4,4779.2,THURSDAY,NH,W,WWW
Mount Road ATM,13-02-2014,163,85,78,9206.4,5681.6,3524.8,THURSDAY,NH,W,WWW
Airport ATM,13-02-2014,6,2,4,235.20000000000002,73.60000000000001,161.6,THURSDAY,NH,W,WWW
KK Nagar ATM,13-02-2014,213,163,50,16878.4,13180.800000000001,3697.6,THURSDAY,NH,W,WWW
Christ College ATM,13-02-2014,132,54,78,9820.800000000001,4700.8,5120.0,THURSDAY,NH,W,WWW
Big Street ATM,14-02-2014,132,43,89,8948.800000000001,4123.2,4825.6,FRIDAY,NH,W,WWH
Mount Road ATM,14-02-2014,158,67,91,7747.2,4118.4,3628.8,FRIDAY,NH,W,WWH
Airport ATM,14-02-2014,103,76,27,6732.8,5582.400000000001,1150.4,FRIDAY,NH,W,WWH
KK Nagar ATM,14-02-2014,247,163,84,14886.4,9518.4,5368.0,FRIDAY,NH,W,WWH
Christ College ATM,14-02-2014,154,65,89,12289.6,5844.8,6444.8,FRIDAY,NH,W,WWH
Big Street ATM,15-02-2014,136,34,102,6404.8,1808.0,4596.8,SATURDAY,NH,H,WHH
Mount Road ATM,15-02-2014,230,85,145,13320.0,6926.400000000001,6393.6,SATURDAY,NH,H,WHH
Airport ATM,15-02-2014,140,102,38,12688.0,10740.800000000001,1947.2,SATURDAY,NH,H,WHH
KK Nagar ATM,15-02-2014,235,164,71,17099.2,11883.2,5216.0,SATURDAY,NH,H,WHH
Christ College ATM,15-02-2014,162,63,99,10528.0,4505.6,6022.400000000001,SATURDAY,NH,H,WHH
Big Street ATM,16-02-2014,127,38,89,6017.6,1667.2,4350.4,SUNDAY,NH,H,HHW
Mount Road ATM,16-02-2014,116,41,75,6953.6,4496.0,2457.6,SUNDAY,NH,H,HHW
Airport ATM,16-02-2014,132,83,49,8110.400000000001,6056.0,2054.4,SUNDAY,NH,H,HHW
KK Nagar ATM,16-02-2014,116,75,41,6443.2,3988.8,2454.4,SUNDAY,NH,H,HHW
Christ College ATM,16-02-2014,182,44,138,8400.0,1910.4,6489.6,SUNDAY,NH,H,HHW
Big Street ATM,17-02-2014,77,33,44,4145.6,2902.4,1243.2,MONDAY,NH,W,HWW
Mount Road ATM,17-02-2014,132,84,48,9049.6,7593.6,1456.0,MONDAY,NH,W,HWW
Airport ATM,17-02-2014,90,69,21,7222.400000000001,6571.2,651.2,MONDAY,NH,W,HWW
KK Nagar ATM,17-02-2014,224,183,41,18806.4,16396.8,2409.6,MONDAY,NH,W,HWW
Christ College ATM,17-02-2014,111,50,61,6059.2,3284.8,2774.4,MONDAY,NH,W,HWW
Big Street ATM,18-02-2014,89,34,55,6041.6,3665.6,2376.0,TUESDAY,NH,W,WWW
Mount Road ATM,18-02-2014,131,68,63,6777.6,3411.2000000000003,3366.4,TUESDAY,NH,W,WWW
Airport ATM,18-02-2014,122,97,25,9131.2,8259.2,872.0,TUESDAY,NH,W,WWW
KK Nagar ATM,18-02-2014,190,151,39,14547.2,11699.2,2848.0,TUESDAY,NH,W,WWW
Christ College ATM,18-02-2014,102,57,45,7744.0,5043.2,2700.8,TUESDAY,NH,W,WWW
Big Street ATM,19-02-2014,121,36,85,6427.2,2905.6,3521.6,WEDNESDAY,NH,W,WWW
Mount Road ATM,19-02-2014,177,70,107,8768.0,4486.400000000001,4281.6,WEDNESDAY,NH,W,WWW
Airport ATM,19-02-2014,77,45,32,5750.400000000001,4508.8,1241.6000000000001,WEDNESDAY,NH,W,WWW
KK Nagar ATM,19-02-2014,199,144,55,13292.800000000001,10192.0,3100.8,WEDNESDAY,NH,W,WWW
Christ College ATM,19-02-2014,160,67,93,10657.6,6217.6,4440.0,WEDNESDAY,NH,W,WWW
Big Street ATM,20-02-2014,130,42,88,5811.2,2396.8,3414.4,THURSDAY,NH,W,WWW
Mount Road ATM,20-02-2014,150,87,63,12344.0,9630.4,2713.6,THURSDAY,NH,W,WWW
Airport ATM,20-02-2014,99,78,21,7187.2,6315.2,872.0,THURSDAY,NH,W,WWW
KK Nagar ATM,20-02-2014,233,171,62,16496.0,13121.6,3374.4,THURSDAY,NH,W,WWW
Christ College ATM,20-02-2014,150,54,96,10883.2,5360.0,5523.2,THURSDAY,NH,W,WWW
Big Street ATM,21-02-2014,147,42,105,7750.400000000001,4003.2000000000003,3747.2000000000003,FRIDAY,NH,W,WWH
Mount Road ATM,21-02-2014,164,83,81,9003.2,5620.8,3382.4,FRIDAY,NH,W,WWH
Airport ATM,21-02-2014,103,64,39,5366.400000000001,4022.4,1344.0,FRIDAY,NH,W,WWH
KK Nagar ATM,21-02-2014,230,161,69,18793.600000000002,14532.800000000001,4260.8,FRIDAY,NH,W,WWH
Christ College ATM,21-02-2014,196,66,130,11699.2,5043.2,6656.0,FRIDAY,NH,W,WWH
Big Street ATM,22-02-2014,123,37,86,5060.8,2427.2000000000003,2633.6,SATURDAY,NH,H,WHH
Mount Road ATM,22-02-2014,171,69,102,8188.8,4302.4,3886.4,SATURDAY,NH,H,WHH
Airport ATM,22-02-2014,93,67,26,5124.8,3920.0,1204.8,SATURDAY,NH,H,WHH
KK Nagar ATM,22-02-2014,216,152,64,13289.6,9651.2,3638.4,SATURDAY,NH,H,WHH
Christ College ATM,22-02-2014,126,68,58,9323.2,6051.2,3272.0,SATURDAY,NH,H,WHH
Big Street ATM,23-02-2014,134,47,87,4971.2,2683.2000000000003,2288.0,SUNDAY,NH,H,HHW
Mount Road ATM,23-02-2014,94,34,60,3328.0,1526.4,1801.6000000000001,SUNDAY,NH,H,HHW
Airport ATM,23-02-2014,93,69,24,5651.2,4672.0,979.2,SUNDAY,NH,H,HHW
KK Nagar ATM,23-02-2014,111,81,30,4891.2,3425.6,1465.6000000000001,SUNDAY,NH,H,HHW
Christ College ATM,23-02-2014,146,46,100,7723.2,1891.2,5832.0,SUNDAY,NH,H,HHW
Big Street ATM,24-02-2014,102,35,67,4816.0,1584.0,3232.0,MONDAY,NH,W,HWW
Mount Road ATM,24-02-2014,173,90,83,9883.2,6524.8,3358.4,MONDAY,NH,W,HWW
Airport ATM,24-02-2014,105,82,23,8131.2,6883.2,1248.0,MONDAY,NH,W,HWW
KK Nagar ATM,24-02-2014,216,157,59,15584.0,11270.4,4313.6,MONDAY,NH,W,HWW
Christ College ATM,24-02-2014,192,44,148,10236.800000000001,3166.4,7070.400000000001,MONDAY,NH,W,HWW
Big Street ATM,25-02-2014,94,29,65,4340.8,1958.4,2382.4,TUESDAY,NH,W,WWW
Mount Road ATM,25-02-2014,155,95,60,9051.2,6646.400000000001,2404.8,TUESDAY,NH,W,WWW
Airport ATM,25-02-2014,85,66,19,7188.8,6256.0,932.8000000000001,TUESDAY,NH,W,WWW
KK Nagar ATM,25-02-2014,234,194,40,17864.0,15041.6,2822.4,TUESDAY,NH,W,WWW
Christ College ATM,25-02-2014,254,71,183,13873.6,5483.2,8390.4,TUESDAY,NH,W,WWW
Big Street ATM,26-02-2014,94,34,60,3553.6,1561.6000000000001,1992.0,WEDNESDAY,NH,W,WWW
Mount Road ATM,26-02-2014,117,70,47,6536.0,3920.0,2616.0,WEDNESDAY,NH,W,WWW
Airport ATM,26-02-2014,93,66,27,5873.6,4611.2,1262.4,WEDNESDAY,NH,W,WWW
KK Nagar ATM,26-02-2014,215,162,53,13979.2,10798.4,3180.8,WEDNESDAY,NH,W,WWW
Christ College ATM,26-02-2014,159,56,103,11099.2,5278.400000000001,5820.8,WEDNESDAY,NH,W,WWW
Big Street ATM,27-02-2014,91,42,49,4256.0,2883.2000000000003,1372.8,THURSDAY,NH,W,WWW
Mount Road ATM,27-02-2014,137,75,62,8104.0,5331.2,2772.8,THURSDAY,NH,W,WWW
Airport ATM,27-02-2014,85,58,27,5480.0,4438.400000000001,1041.6,THURSDAY,NH,W,WWW
KK Nagar ATM,27-02-2014,211,165,46,17726.4,14777.6,2948.8,THURSDAY,NH,W,WWW
Christ College ATM,27-02-2014,186,72,114,13192.0,6680.0,6512.0,THURSDAY,NH,W,WWW
Big Street ATM,28-02-2014,123,45,78,7248.0,4180.8,3067.2000000000003,FRIDAY,NH,W,WWH
Mount Road ATM,28-02-2014,160,85,75,8654.4,4230.4,4424.0,FRIDAY,NH,W,WWH
Airport ATM,28-02-2014,106,76,30,8075.2,6030.400000000001,2044.8,FRIDAY,NH,W,WWH
KK Nagar ATM,28-02-2014,196,134,62,17422.4,13788.800000000001,3633.6,FRIDAY,NH,W,WWH
Christ College ATM,28-02-2014,194,54,140,11955.2,3521.6,8433.6,FRIDAY,NH,W,WWH
Big Street ATM,1/3/2014,130,47,83,9180.800000000001,4364.8,4816.0,SATURDAY,NH,H,WHH
Mount Road ATM,1/3/2014,175,93,82,12886.4,8388.8,4497.6,SATURDAY,NH,H,WHH
Airport ATM,1/3/2014,101,74,27,5465.6,4548.8,916.8000000000001,SATURDAY,NH,H,WHH
KK Nagar ATM,1/3/2014,280,209,71,23300.8,16792.0,6508.8,SATURDAY,NH,H,WHH
Christ College ATM,1/3/2014,225,66,159,17913.600000000002,5921.6,11992.0,SATURDAY,NH,H,WHH
Big Street ATM,2/3/2014,154,44,110,7654.400000000001,2457.6,5196.8,SUNDAY,NH,H,HHW
Mount Road ATM,2/3/2014,147,48,99,6964.8,2179.2,4785.6,SUNDAY,NH,H,HHW
Airport ATM,2/3/2014,143,98,45,13524.800000000001,11353.6,2171.2,SUNDAY,NH,H,HHW
KK Nagar ATM,2/3/2014,151,94,57,10806.4,7059.2,3747.2000000000003,SUNDAY,NH,H,HHW
Christ College ATM,2/3/2014,251,70,181,16273.6,4822.400000000001,11451.2,SUNDAY,NH,H,HHW
Big Street ATM,3/3/2014,143,58,85,8761.6,5204.8,3556.8,MONDAY,NH,W,HWW
Mount Road ATM,3/3/2014,194,101,93,12982.4,8417.6,4564.8,MONDAY,NH,W,HWW
Airport ATM,3/3/2014,72,57,15,5686.400000000001,5168.0,518.4,MONDAY,NH,W,HWW
KK Nagar ATM,3/3/2014,325,203,122,23870.4,15104.0,8766.4,MONDAY,NH,W,HWW
Christ College ATM,3/3/2014,373,63,310,26732.8,4672.0,22060.8,MONDAY,NH,W,HWW
Big Street ATM,4/3/2014,128,52,76,9016.0,5312.0,3704.0,TUESDAY,NH,W,WWW
Mount Road ATM,4/3/2014,175,83,92,12176.0,7489.6,4686.400000000001,TUESDAY,NH,W,WWW
Airport ATM,4/3/2014,127,97,30,9667.2,7646.400000000001,2020.8,TUESDAY,NH,W,WWW
KK Nagar ATM,4/3/2014,244,166,78,17932.8,13419.2,4513.6,TUESDAY,NH,W,WWW
Christ College ATM,4/3/2014,301,84,217,23792.0,8849.6,14942.4,TUESDAY,NH,W,WWW
Big Street ATM,5/3/2014,131,46,85,7368.0,3099.2000000000003,4268.8,WEDNESDAY,NH,W,WWW
Mount Road ATM,5/3/2014,189,92,97,14763.2,9139.2,5624.0,WEDNESDAY,NH,W,WWW
Airport ATM,5/3/2014,133,93,40,9912.0,7444.8,2467.2000000000003,WEDNESDAY,NH,W,WWW
KK Nagar ATM,5/3/2014,299,209,90,28044.8,21539.2,6505.6,WEDNESDAY,NH,W,WWW
Christ College ATM,5/3/2014,294,80,214,23158.4,8193.6,14964.800000000001,WEDNESDAY,NH,W,WWW
Big Street ATM,6/3/2014,96,48,48,6256.0,3816.0,2440.0,THURSDAY,NH,W,WWW
Mount Road ATM,6/3/2014,184,117,67,12710.4,9876.800000000001,2833.6,THURSDAY,NH,W,WWW
Airport ATM,6/3/2014,137,107,30,10566.4,8364.8,2201.6,THURSDAY,NH,W,WWW
KK Nagar ATM,6/3/2014,250,189,61,23371.2,19481.600000000002,3889.6,THURSDAY,NH,W,WWW
Christ College ATM,6/3/2014,189,60,129,15134.4,3891.2000000000003,11243.2,THURSDAY,NH,W,WWW
Big Street ATM,7/3/2014,121,33,88,6851.2,2864.0,3987.2000000000003,FRIDAY,NH,W,WWH
Mount Road ATM,7/3/2014,163,79,84,9387.2,5640.0,3747.2000000000003,FRIDAY,NH,W,WWH
Airport ATM,7/3/2014,86,58,28,6073.6,4724.8,1348.8,FRIDAY,NH,W,WWH
KK Nagar ATM,7/3/2014,205,150,55,15230.4,11588.800000000001,3641.6,FRIDAY,NH,W,WWH
Christ College ATM,7/3/2014,211,41,170,14539.2,3273.6,11265.6,FRIDAY,NH,W,WWH
Big Street ATM,8/3/2014,159,68,91,10936.0,5563.2,5372.8,SATURDAY,NH,H,WHH
Mount Road ATM,8/3/2014,243,107,136,15193.6,9408.0,5785.6,SATURDAY,NH,H,WHH
Airport ATM,8/3/2014,133,98,35,12132.800000000001,9899.2,2233.6,SATURDAY,NH,H,WHH
KK Nagar ATM,8/3/2014,302,209,93,22059.2,16476.8,5582.400000000001,SATURDAY,NH,H,WHH
Christ College ATM,8/3/2014,272,69,203,20040.0,5804.8,14235.2,SATURDAY,NH,H,WHH
Big Street ATM,9/3/2014,117,31,86,5600.0,1761.6000000000001,3838.4,SUNDAY,NH,H,HHW
Mount Road ATM,9/3/2014,160,55,105,7894.400000000001,3363.2000000000003,4531.2,SUNDAY,NH,H,HHW
Airport ATM,9/3/2014,90,60,30,5038.400000000001,3787.2000000000003,1251.2,SUNDAY,NH,H,HHW
KK Nagar ATM,9/3/2014,121,74,47,8121.6,5704.0,2417.6,SUNDAY,NH,H,HHW
Christ College ATM,9/3/2014,136,35,101,8476.8,3184.0,5292.8,SUNDAY,NH,H,HHW
Big Street ATM,10/3/2014,82,39,43,6782.400000000001,4371.2,2411.2000000000003,MONDAY,NH,W,HWW
Mount Road ATM,10/3/2014,180,110,70,13345.6,9528.0,3817.6,MONDAY,NH,W,HWW
Airport ATM,10/3/2014,67,57,10,7508.8,6454.400000000001,1054.4,MONDAY,NH,W,HWW
KK Nagar ATM,10/3/2014,276,216,60,22947.2,18532.8,4414.400000000001,MONDAY,NH,W,HWW
Christ College ATM,10/3/2014,208,71,137,15907.2,6169.6,9737.6,MONDAY,NH,W,HWW
Big Street ATM,11/3/2014,114,40,74,5428.8,2113.6,3315.2000000000003,TUESDAY,NH,W,WWW
Mount Road ATM,11/3/2014,174,63,111,10944.0,4732.8,6211.2,TUESDAY,NH,W,WWW
Airport ATM,11/3/2014,110,68,42,8817.6,6052.8,2764.8,TUESDAY,NH,W,WWW
KK Nagar ATM,11/3/2014,248,169,79,18667.2,12924.800000000001,5742.400000000001,TUESDAY,NH,W,WWW
Christ College ATM,11/3/2014,200,54,146,12204.800000000001,4017.6,8187.2,TUESDAY,NH,W,WWW
Big Street ATM,12/3/2014,119,43,76,6505.6,2891.2000000000003,3614.4,WEDNESDAY,NH,W,WWW
Mount Road ATM,12/3/2014,139,72,67,10073.6,6801.6,3272.0,WEDNESDAY,NH,W,WWW
Airport ATM,12/3/2014,136,100,36,11873.6,9920.0,1953.6000000000001,WEDNESDAY,NH,W,WWW
KK Nagar ATM,12/3/2014,212,137,75,17608.0,11720.0,5888.0,WEDNESDAY,NH,W,WWW
Christ College ATM,12/3/2014,127,48,79,10971.2,5476.8,5494.400000000001,WEDNESDAY,NH,W,WWW
Big Street ATM,13-03-2014,110,36,74,4881.6,1331.2,3550.4,THURSDAY,NH,W,WWW
Mount Road ATM,13-03-2014,104,58,46,6216.0,4288.0,1928.0,THURSDAY,NH,W,WWW
Airport ATM,13-03-2014,113,92,21,8072.0,7328.0,744.0,THURSDAY,NH,W,WWW
KK Nagar ATM,13-03-2014,223,169,54,17694.4,13844.800000000001,3849.6,THURSDAY,NH,W,WWW
Christ College ATM,13-03-2014,118,55,63,8481.6,4512.0,3969.6,THURSDAY,NH,W,WWW
Big Street ATM,14-03-2014,94,31,63,5332.8,2931.2000000000003,2401.6,FRIDAY,NH,W,WWH
Mount Road ATM,14-03-2014,173,94,79,9932.800000000001,6163.2,3769.6,FRIDAY,NH,W,WWH
Airport ATM,14-03-2014,121,91,30,10331.2,8630.4,1700.8,FRIDAY,NH,W,WWH
KK Nagar ATM,14-03-2014,240,182,58,18889.600000000002,14708.800000000001,4180.8,FRIDAY,NH,W,WWH
Christ College ATM,14-03-2014,100,53,47,7075.2,4699.2,2376.0,FRIDAY,NH,W,WWH
Big Street ATM,15-03-2014,127,59,68,7824.0,5758.400000000001,2065.6,SATURDAY,NH,H,WHH
Mount Road ATM,15-03-2014,158,75,83,7884.8,4348.8,3536.0,SATURDAY,NH,H,WHH
Airport ATM,15-03-2014,100,75,25,7571.2,6908.8,662.4,SATURDAY,NH,H,WHH
KK Nagar ATM,15-03-2014,318,254,64,26470.4,21820.8,4649.6,SATURDAY,NH,H,WHH
Christ College ATM,15-03-2014,132,69,63,9316.800000000001,5313.6,4003.2000000000003,SATURDAY,NH,H,WHH
Big Street ATM,16-03-2014,137,51,86,5892.8,1910.4,3982.4,SUNDAY,NH,H,HHW
Mount Road ATM,16-03-2014,167,39,128,6020.8,1262.4,4758.400000000001,SUNDAY,NH,H,HHW
Airport ATM,16-03-2014,84,54,30,4592.0,3228.8,1363.2,SUNDAY,NH,H,HHW
KK Nagar ATM,16-03-2014,125,70,55,9041.6,5896.0,3145.6,SUNDAY,NH,H,HHW
Christ College ATM,16-03-2014,143,40,103,9379.2,3334.4,6044.8,SUNDAY,NH,H,HHW
Big Street ATM,17-03-2014,71,19,52,1900.8,712.0,1188.8,MONDAY,NH,W,HWW
Mount Road ATM,17-03-2014,229,126,103,19760.0,14788.800000000001,4971.2,MONDAY,NH,W,HWW
Airport ATM,17-03-2014,118,91,27,8408.0,7318.400000000001,1089.6,MONDAY,NH,W,HWW
KK Nagar ATM,17-03-2014,233,166,67,17595.2,14281.6,3313.6,MONDAY,NH,W,HWW
Christ College ATM,17-03-2014,204,68,136,13116.800000000001,5908.8,7208.0,MONDAY,NH,W,HWW
Big Street ATM,18-03-2014,104,37,67,5763.2,3409.6,2353.6,TUESDAY,NH,W,WWW
Mount Road ATM,18-03-2014,150,80,70,7982.400000000001,5200.0,2782.4,TUESDAY,NH,W,WWW
Airport ATM,18-03-2014,101,72,29,7916.8,6417.6,1499.2,TUESDAY,NH,W,WWW
KK Nagar ATM,18-03-2014,243,192,51,13238.4,10484.800000000001,2753.6,TUESDAY,NH,W,WWW
Christ College ATM,18-03-2014,206,64,142,14784.0,6817.6,7966.400000000001,TUESDAY,NH,W,WWW
Big Street ATM,19-03-2014,119,47,72,7280.0,4939.2,2340.8,WEDNESDAY,NH,W,WWW
Mount Road ATM,19-03-2014,173,89,84,12608.0,7769.6,4838.400000000001,WEDNESDAY,NH,W,WWW
Airport ATM,19-03-2014,117,84,33,9224.0,7414.400000000001,1809.6000000000001,WEDNESDAY,NH,W,WWW
KK Nagar ATM,19-03-2014,246,176,70,15851.2,10768.0,5083.2,WEDNESDAY,NH,W,WWW
Christ College ATM,19-03-2014,127,66,61,11195.2,7499.2,3696.0,WEDNESDAY,NH,W,WWW
Big Street ATM,20-03-2014,110,29,81,6763.2,2230.4,4532.8,THURSDAY,NH,W,WWW
Mount Road ATM,20-03-2014,159,93,66,10212.800000000001,7035.2,3177.6,THURSDAY,NH,W,WWW
Airport ATM,20-03-2014,104,81,23,6606.400000000001,5174.400000000001,1432.0,THURSDAY,NH,W,WWW
KK Nagar ATM,20-03-2014,283,208,75,20076.8,16387.2,3689.6,THURSDAY,NH,W,WWW
Christ College ATM,20-03-2014,128,52,76,7590.400000000001,3849.6,3740.8,THURSDAY,NH,W,WWW
Big Street ATM,21-03-2014,107,39,68,5720.0,2870.4,2849.6,FRIDAY,NH,W,WWH
Mount Road ATM,21-03-2014,169,119,50,11356.800000000001,9315.2,2041.6000000000001,FRIDAY,NH,W,WWH
Airport ATM,21-03-2014,102,75,27,9243.2,8084.8,1158.4,FRIDAY,NH,W,WWH
KK Nagar ATM,21-03-2014,209,159,50,15425.6,12406.4,3019.2000000000003,FRIDAY,NH,W,WWH
Christ College ATM,21-03-2014,128,51,77,9470.4,3636.8,5833.6,FRIDAY,NH,W,WWH
Big Street ATM,22-03-2014,114,41,73,3812.8,1918.4,1894.4,SATURDAY,NH,H,WHH
Mount Road ATM,22-03-2014,232,114,118,15880.0,10328.0,5552.0,SATURDAY,NH,H,WHH
Airport ATM,22-03-2014,108,77,31,8345.6,6577.6,1768.0,SATURDAY,NH,H,WHH
KK Nagar ATM,22-03-2014,217,179,38,14699.2,12052.800000000001,2646.4,SATURDAY,NH,H,WHH
Christ College ATM,22-03-2014,164,59,105,11792.0,6120.0,5672.0,SATURDAY,NH,H,WHH
Big Street ATM,23-03-2014,113,29,84,4622.400000000001,1756.8,2865.6,SUNDAY,NH,H,HHW
Mount Road ATM,23-03-2014,143,57,86,6036.8,3150.4,2886.4,SUNDAY,NH,H,HHW
Airport ATM,23-03-2014,129,88,41,7174.400000000001,5328.0,1846.4,SUNDAY,NH,H,HHW
KK Nagar ATM,23-03-2014,106,77,29,5827.2,4520.0,1307.2,SUNDAY,NH,H,HHW
Christ College ATM,23-03-2014,120,28,92,7451.2,3052.8,4398.400000000001,SUNDAY,NH,H,HHW
Big Street ATM,24-03-2014,91,44,47,5411.2,3328.0,2083.2,MONDAY,NH,W,HWW
Mount Road ATM,24-03-2014,143,92,51,9094.4,7342.400000000001,1752.0,MONDAY,NH,W,HWW
Airport ATM,24-03-2014,103,89,14,7180.8,6158.400000000001,1022.4,MONDAY,NH,W,HWW
KK Nagar ATM,24-03-2014,171,151,20,12273.6,11289.6,984.0,MONDAY,NH,W,HWW
Christ College ATM,24-03-2014,88,65,23,7489.6,6299.2,1190.4,MONDAY,NH,W,HWW
Big Street ATM,25-03-2014,101,38,63,5963.2,3216.0,2747.2000000000003,TUESDAY,NH,W,WWW
Mount Road ATM,25-03-2014,175,87,88,9748.800000000001,5462.400000000001,4286.4,TUESDAY,NH,W,WWW
Airport ATM,25-03-2014,111,85,26,7182.400000000001,6067.2,1115.2,TUESDAY,NH,W,WWW
KK Nagar ATM,25-03-2014,221,162,59,20244.8,15264.0,4980.8,TUESDAY,NH,W,WWW
Christ College ATM,25-03-2014,128,75,53,11720.0,8808.0,2912.0,TUESDAY,NH,W,WWW
Big Street ATM,26-03-2014,144,40,104,7502.400000000001,2438.4,5064.0,WEDNESDAY,NH,W,WWW
Mount Road ATM,26-03-2014,200,114,86,13339.2,10320.0,3019.2000000000003,WEDNESDAY,NH,W,WWW
Airport ATM,26-03-2014,96,68,28,8182.400000000001,6472.0,1710.4,WEDNESDAY,NH,W,WWW
KK Nagar ATM,26-03-2014,292,200,92,27611.2,20576.0,7035.2,WEDNESDAY,NH,W,WWW
Christ College ATM,26-03-2014,152,59,93,11219.2,6139.2,5080.0,WEDNESDAY,NH,W,WWW
Big Street ATM,27-03-2014,137,49,88,8166.400000000001,3552.0,4614.400000000001,THURSDAY,NH,W,WWW
Mount Road ATM,27-03-2014,156,89,67,9084.800000000001,7433.6,1651.2,THURSDAY,NH,W,WWW
Airport ATM,27-03-2014,150,108,42,12155.2,9728.0,2427.2000000000003,THURSDAY,NH,W,WWW
KK Nagar ATM,27-03-2014,256,187,69,20904.0,16017.6,4886.400000000001,THURSDAY,NH,W,WWW
Christ College ATM,27-03-2014,142,57,85,8108.8,3902.4,4206.4,THURSDAY,NH,W,WWW
Big Street ATM,28-03-2014,126,48,78,6059.2,2966.4,3092.8,FRIDAY,NH,W,WWH
Mount Road ATM,28-03-2014,137,81,56,5974.400000000001,4596.8,1377.6000000000001,FRIDAY,NH,W,WWH
Airport ATM,28-03-2014,120,98,22,10038.4,8846.4,1192.0,FRIDAY,NH,W,WWH
KK Nagar ATM,28-03-2014,233,161,72,20678.4,16001.6,4676.8,FRIDAY,NH,W,WWH
Christ College ATM,28-03-2014,203,71,132,12368.0,5598.400000000001,6769.6,FRIDAY,NH,W,WWH
Big Street ATM,29-03-2014,105,38,67,5710.400000000001,2323.2000000000003,3387.2000000000003,SATURDAY,NH,H,WHH
Mount Road ATM,29-03-2014,240,113,127,18025.600000000002,11988.800000000001,6036.8,SATURDAY,NH,H,WHH
Airport ATM,29-03-2014,175,136,39,14982.4,12646.4,2336.0,SATURDAY,NH,H,WHH
KK Nagar ATM,29-03-2014,288,211,77,24457.600000000002,19510.4,4947.2,SATURDAY,NH,H,WHH
Christ College ATM,29-03-2014,221,82,139,17377.6,8256.0,9121.6,SATURDAY,NH,H,WHH
Big Street ATM,30-03-2014,131,25,106,5441.6,1544.0,3897.6,SUNDAY,NH,H,HHH
Mount Road ATM,30-03-2014,139,60,79,6644.8,4403.2,2241.6,SUNDAY,NH,H,HHH
Airport ATM,30-03-2014,118,88,30,8313.6,6579.2,1734.4,SUNDAY,NH,H,HHH
KK Nagar ATM,30-03-2014,146,107,39,10484.800000000001,8040.0,2444.8,SUNDAY,NH,H,HHH
Christ College ATM,30-03-2014,111,64,47,7036.8,5304.0,1732.8,SUNDAY,NH,H,HHH
Big Street ATM,31-03-2014,198,65,133,12244.800000000001,4913.6,7331.2,MONDAY,H,H,HHW
Mount Road ATM,31-03-2014,260,171,89,20358.4,16414.4,3944.0,MONDAY,H,H,HHW
Airport ATM,31-03-2014,178,154,24,11942.4,10470.4,1472.0,MONDAY,H,H,HHW
KK Nagar ATM,31-03-2014,475,345,130,36337.6,25966.4,10371.2,MONDAY,H,H,HHW
Christ College ATM,31-03-2014,105,41,64,9297.6,3556.8,5740.8,MONDAY,H,H,HHW
Big Street ATM,2/4/2014,76,25,51,5022.400000000001,2640.0,2382.4,WEDNESDAY,NH,W,WWW
Mount Road ATM,2/4/2014,52,34,18,3083.2000000000003,2236.8,846.4,WEDNESDAY,NH,W,WWW
Airport ATM,2/4/2014,58,43,15,3299.2000000000003,3048.0,251.20000000000002,WEDNESDAY,NH,W,WWW
KK Nagar ATM,2/4/2014,271,194,77,22171.2,15963.2,6208.0,WEDNESDAY,NH,W,WWW
Christ College ATM,2/4/2014,138,68,70,13124.800000000001,7932.8,5192.0,WEDNESDAY,NH,W,WWW
Big Street ATM,3/4/2014,99,43,56,6780.8,4112.0,2668.8,THURSDAY,NH,W,WWW
Mount Road ATM,3/4/2014,212,126,86,16104.0,10478.4,5625.6,THURSDAY,NH,W,WWW
Airport ATM,3/4/2014,31,23,8,2257.6,2043.2,214.4,THURSDAY,NH,W,WWW
KK Nagar ATM,3/4/2014,270,186,84,28132.8,20536.0,7596.8,THURSDAY,NH,W,WWW
Christ College ATM,3/4/2014,235,81,154,18456.0,7713.6,10742.4,THURSDAY,NH,W,WWW
Big Street ATM,4/4/2014,130,47,83,7649.6,4273.6,3376.0,FRIDAY,NH,W,WWH
Mount Road ATM,4/4/2014,177,103,74,15169.6,10366.4,4803.2,FRIDAY,NH,W,WWH
Airport ATM,4/4/2014,1,0,1,8.0,0.0,8.0,FRIDAY,NH,W,WWH
KK Nagar ATM,4/4/2014,280,179,101,24516.8,14812.800000000001,9704.0,FRIDAY,NH,W,WWH
Christ College ATM,4/4/2014,131,49,82,9692.800000000001,3584.0,6108.8,FRIDAY,NH,W,WWH
Big Street ATM,5/4/2014,112,44,68,6427.2,3153.6,3273.6,SATURDAY,NH,H,WHH
Mount Road ATM,5/4/2014,182,109,73,12361.6,8721.6,3640.0,SATURDAY,NH,H,WHH
KK Nagar ATM,5/4/2014,317,236,81,30411.2,23523.2,6888.0,SATURDAY,NH,H,WHH
Christ College ATM,5/4/2014,140,71,69,13307.2,7297.6,6009.6,SATURDAY,NH,H,WHH
Big Street ATM,6/4/2014,120,35,85,5768.0,2531.2000000000003,3236.8,SUNDAY,NH,H,HHW
Mount Road ATM,6/4/2014,164,84,80,9681.6,6564.8,3116.8,SUNDAY,NH,H,HHW
KK Nagar ATM,6/4/2014,126,71,55,6985.6,3712.0,3273.6,SUNDAY,NH,H,HHW
Christ College ATM,6/4/2014,186,59,127,11764.800000000001,3899.2000000000003,7865.6,SUNDAY,NH,H,HHW
Big Street ATM,7/4/2014,115,43,72,7396.8,3467.2000000000003,3929.6,MONDAY,NH,W,HWW
Mount Road ATM,7/4/2014,181,109,72,11540.800000000001,8345.6,3195.2000000000003,MONDAY,NH,W,HWW
Airport ATM,7/4/2014,4,0,4,188.8,0.0,188.8,MONDAY,NH,W,HWW
KK Nagar ATM,7/4/2014,236,167,69,18388.8,14052.800000000001,4336.0,MONDAY,NH,W,HWW
Christ College ATM,7/4/2014,227,73,154,18468.8,7043.2,11425.6,MONDAY,NH,W,HWW
Big Street ATM,8/4/2014,124,44,80,7619.2,3353.6,4265.6,TUESDAY,NH,W,WWW
Mount Road ATM,8/4/2014,222,103,119,13027.2,7172.8,5854.400000000001,TUESDAY,NH,W,WWW
KK Nagar ATM,8/4/2014,257,167,90,20060.8,13739.2,6321.6,TUESDAY,NH,W,WWW
Christ College ATM,8/4/2014,248,75,173,18609.600000000002,7497.6,11112.0,TUESDAY,NH,W,WWW
Big Street ATM,9/4/2014,125,42,83,6539.2,2387.2000000000003,4152.0,WEDNESDAY,NH,W,WWW
Mount Road ATM,9/4/2014,157,89,68,11868.800000000001,7510.400000000001,4358.4,WEDNESDAY,NH,W,WWW
KK Nagar ATM,9/4/2014,267,183,84,26016.0,19195.2,6820.8,WEDNESDAY,NH,W,WWW
Christ College ATM,9/4/2014,160,59,101,12854.4,5865.6,6988.8,WEDNESDAY,NH,W,WWW
Big Street ATM,10/4/2014,140,42,98,10195.2,4889.6,5305.6,THURSDAY,NH,W,WWW
Mount Road ATM,10/4/2014,172,95,77,10688.0,6318.400000000001,4369.6,THURSDAY,NH,W,WWW
KK Nagar ATM,10/4/2014,249,172,77,20635.2,15425.6,5209.6,THURSDAY,NH,W,WWW
Christ College ATM,10/4/2014,166,63,103,14566.4,8084.8,6481.6,THURSDAY,NH,W,WWW
Big Street ATM,11/4/2014,130,37,93,7057.6,2558.4,4499.2,FRIDAY,NH,W,WWH
Mount Road ATM,11/4/2014,167,77,90,8574.4,5155.2,3419.2000000000003,FRIDAY,NH,W,WWH
KK Nagar ATM,11/4/2014,300,221,79,22212.8,16924.8,5288.0,FRIDAY,NH,W,WWH
Christ College ATM,11/4/2014,157,46,111,14659.2,5168.0,9491.2,FRIDAY,NH,W,WWH
Big Street ATM,12/4/2014,114,42,72,7025.6,3889.6,3136.0,SATURDAY,NH,H,WHH
Mount Road ATM,12/4/2014,188,104,84,12297.6,8084.8,4212.8,SATURDAY,NH,H,WHH
Airport ATM,12/4/2014,46,41,5,4294.4,4238.4,56.0,SATURDAY,NH,H,WHH
KK Nagar ATM,12/4/2014,270,201,69,20291.2,15600.0,4691.2,SATURDAY,NH,H,WHH
Christ College ATM,12/4/2014,215,75,140,14651.2,6420.8,8230.4,SATURDAY,NH,H,WHH
Big Street ATM,13-04-2014,69,23,46,4126.4,2148.8,1977.6000000000001,SUNDAY,H,H,HHH
Mount Road ATM,13-04-2014,171,41,130,8739.2,2403.2000000000003,6336.0,SUNDAY,H,H,HHH
Airport ATM,13-04-2014,105,66,39,7328.0,5931.2,1396.8,SUNDAY,H,H,HHH
KK Nagar ATM,13-04-2014,172,95,77,10169.6,6102.400000000001,4067.2000000000003,SUNDAY,H,H,HHH
Christ College ATM,13-04-2014,117,12,105,7331.2,788.8000000000001,6542.400000000001,SUNDAY,H,H,HHH
Big Street ATM,14-04-2014,35,0,35,2019.2,0.0,2019.2,MONDAY,H,H,HHW
Mount Road ATM,14-04-2014,116,39,77,5708.8,2443.2000000000003,3265.6,MONDAY,H,H,HHW
Airport ATM,14-04-2014,36,28,8,2822.4,2526.4,296.0,MONDAY,H,H,HHW
KK Nagar ATM,14-04-2014,258,123,135,16766.4,6756.8,10009.6,MONDAY,H,H,HHW
Christ College ATM,14-04-2014,71,0,71,5025.6,0.0,5025.6,MONDAY,H,H,HHW
Big Street ATM,15-04-2014,73,18,55,3209.6,870.4,2339.2000000000003,TUESDAY,NH,W,HWW
Mount Road ATM,15-04-2014,179,82,97,11307.2,6204.8,5102.400000000001,TUESDAY,NH,W,HWW
Airport ATM,15-04-2014,15,8,7,1232.0,982.4,249.6,TUESDAY,NH,W,HWW
KK Nagar ATM,15-04-2014,282,171,111,21878.4,14289.6,7588.8,TUESDAY,NH,W,HWW
Christ College ATM,15-04-2014,137,34,103,7185.6,2420.8,4764.8,TUESDAY,NH,W,HWW
Big Street ATM,16-04-2014,125,39,86,7996.8,4505.6,3491.2000000000003,WEDNESDAY,NH,W,WWW
Mount Road ATM,16-04-2014,147,85,62,8411.2,5947.2,2464.0,WEDNESDAY,NH,W,WWW
Airport ATM,16-04-2014,2,2,0,326.40000000000003,326.40000000000003,0.0,WEDNESDAY,NH,W,WWW
KK Nagar ATM,16-04-2014,263,171,92,21244.8,15065.6,6179.2,WEDNESDAY,NH,W,WWW
Christ College ATM,16-04-2014,180,81,99,17635.2,9435.2,8200.0,WEDNESDAY,NH,W,WWW
Big Street ATM,17-04-2014,123,42,81,7553.6,3833.6,3720.0,THURSDAY,NH,W,WWH
Mount Road ATM,17-04-2014,189,105,84,11300.800000000001,7944.0,3356.8,THURSDAY,NH,W,WWH
Airport ATM,17-04-2014,23,14,9,449.6,89.60000000000001,360.0,THURSDAY,NH,W,WWH
KK Nagar ATM,17-04-2014,295,181,114,24860.8,16796.8,8064.0,THURSDAY,NH,W,WWH
Christ College ATM,17-04-2014,157,71,86,12320.0,7548.8,4771.2,THURSDAY,NH,W,WWH
Big Street ATM,18-04-2014,106,32,74,6617.6,2908.8,3708.8,FRIDAY,C,H,WHH
Mount Road ATM,18-04-2014,130,43,87,8964.800000000001,4910.400000000001,4054.4,FRIDAY,C,H,WHH
Airport ATM,18-04-2014,88,62,26,3838.4,3051.2000000000003,787.2,FRIDAY,C,H,WHH
KK Nagar ATM,18-04-2014,190,114,76,12144.0,7174.400000000001,4969.6,FRIDAY,C,H,WHH
Christ College ATM,18-04-2014,91,33,58,7321.6,2817.6,4504.0,FRIDAY,C,H,WHH
Big Street ATM,19-04-2014,105,50,55,5956.8,3937.6,2019.2,SATURDAY,NH,H,HHH
Mount Road ATM,19-04-2014,157,87,70,9678.4,7352.0,2326.4,SATURDAY,NH,H,HHH
Airport ATM,19-04-2014,89,61,28,6371.2,4020.8,2350.4,SATURDAY,NH,H,HHH
KK Nagar ATM,19-04-2014,198,128,70,14905.6,9324.800000000001,5580.8,SATURDAY,NH,H,HHH
Christ College ATM,19-04-2014,111,57,54,10083.2,7310.400000000001,2772.8,SATURDAY,NH,H,HHH
Big Street ATM,20-04-2014,93,44,49,5777.6,4004.8,1772.8,SUNDAY,NH,H,HHW
Mount Road ATM,20-04-2014,101,48,53,6488.0,4692.8,1795.2,SUNDAY,NH,H,HHW
Airport ATM,20-04-2014,99,77,22,9393.6,8772.800000000001,620.8000000000001,SUNDAY,NH,H,HHW
KK Nagar ATM,20-04-2014,87,57,30,5081.6,3564.8,1516.8,SUNDAY,NH,H,HHW
Christ College ATM,20-04-2014,64,33,31,3435.2000000000003,2403.2000000000003,1032.0,SUNDAY,NH,H,HHW
Big Street ATM,21-04-2014,94,31,63,5160.0,2494.4,2665.6,MONDAY,NH,W,HWW
Mount Road ATM,21-04-2014,213,108,105,16916.8,11348.800000000001,5568.0,MONDAY,NH,W,HWW
Airport ATM,21-04-2014,84,72,12,8193.6,7280.0,913.6,MONDAY,NH,W,HWW
KK Nagar ATM,21-04-2014,291,222,69,21952.0,17763.2,4188.8,MONDAY,NH,W,HWW
Christ College ATM,21-04-2014,109,59,50,7505.6,4928.0,2577.6,MONDAY,NH,W,HWW
Big Street ATM,22-04-2014,128,46,82,7025.6,3801.6,3224.0,TUESDAY,NH,W,WWW
Mount Road ATM,22-04-2014,162,70,92,10260.800000000001,7172.8,3088.0,TUESDAY,NH,W,WWW
Airport ATM,22-04-2014,117,90,27,9705.6,8486.4,1219.2,TUESDAY,NH,W,WWW
KK Nagar ATM,22-04-2014,245,163,82,15694.4,11214.4,4480.0,TUESDAY,NH,W,WWW
Christ College ATM,22-04-2014,125,43,82,8171.2,3052.8,5118.400000000001,TUESDAY,NH,W,WWW
Big Street ATM,23-04-2014,103,41,62,5947.2,3476.8,2470.4,WEDNESDAY,NH,W,WWW
Mount Road ATM,23-04-2014,121,75,46,6132.8,4140.8,1992.0,WEDNESDAY,NH,W,WWW
Airport ATM,23-04-2014,152,121,31,11979.2,10971.2,1008.0,WEDNESDAY,NH,W,WWW
KK Nagar ATM,23-04-2014,285,230,55,21321.600000000002,18323.2,2998.4,WEDNESDAY,NH,W,WWW
Christ College ATM,23-04-2014,108,58,50,9899.2,7212.8,2686.4,WEDNESDAY,NH,W,WWW
Big Street ATM,24-04-2014,7,7,0,468.8,468.8,0.0,THURSDAY,NH,W,WWW
Mount Road ATM,24-04-2014,81,27,54,2836.8,1680.0,1156.8,THURSDAY,NH,W,WWW
Airport ATM,24-04-2014,74,54,20,7260.8,6350.400000000001,910.4,THURSDAY,NH,W,WWW
KK Nagar ATM,24-04-2014,123,97,26,3505.6,2692.8,812.8000000000001,THURSDAY,NH,W,WWW
Christ College ATM,24-04-2014,54,35,19,2294.4,1332.8,961.6,THURSDAY,NH,W,WWW
Big Street ATM,25-04-2014,103,39,64,5296.0,2800.0,2496.0,FRIDAY,NH,W,WWH
Mount Road ATM,25-04-2014,155,86,69,11195.2,8027.2,3168.0,FRIDAY,NH,W,WWH
Airport ATM,25-04-2014,103,72,31,7905.6,6676.8,1228.8,FRIDAY,NH,W,WWH
KK Nagar ATM,25-04-2014,297,220,77,21907.2,17558.4,4348.8,FRIDAY,NH,W,WWH
Christ College ATM,25-04-2014,116,50,66,8035.2,4193.6,3841.6,FRIDAY,NH,W,WWH
Big Street ATM,26-04-2014,137,46,91,8180.8,3980.8,4200.0,SATURDAY,NH,H,WHH
Mount Road ATM,26-04-2014,153,65,88,6841.6,3272.0,3569.6,SATURDAY,NH,H,WHH
Airport ATM,26-04-2014,143,104,39,13547.2,10950.4,2596.8,SATURDAY,NH,H,WHH
KK Nagar ATM,26-04-2014,373,265,108,32163.2,24774.4,7388.8,SATURDAY,NH,H,WHH
Christ College ATM,26-04-2014,118,59,59,9904.0,5982.400000000001,3921.6,SATURDAY,NH,H,WHH
Big Street ATM,27-04-2014,136,43,93,4064.0,1670.4,2393.6,SUNDAY,NH,H,HHW
Mount Road ATM,27-04-2014,127,43,84,6856.0,3272.0,3584.0,SUNDAY,NH,H,HHW
Airport ATM,27-04-2014,88,73,15,6304.0,5481.6,822.4,SUNDAY,NH,H,HHW
KK Nagar ATM,27-04-2014,122,82,40,7492.8,5068.8,2424.0,SUNDAY,NH,H,HHW
Christ College ATM,27-04-2014,68,29,39,3972.8,1347.2,2625.6,SUNDAY,NH,H,HHW
Big Street ATM,28-04-2014,98,35,63,4723.2,2576.0,2147.2,MONDAY,NH,W,HWW
Mount Road ATM,28-04-2014,168,85,83,8505.6,4896.0,3609.6,MONDAY,NH,W,HWW
Airport ATM,28-04-2014,94,74,20,5011.2,4596.8,414.40000000000003,MONDAY,NH,W,HWW
KK Nagar ATM,28-04-2014,275,218,57,22721.600000000002,18992.0,3729.6,MONDAY,NH,W,HWW
Christ College ATM,28-04-2014,117,71,46,11259.2,7825.6,3433.6,MONDAY,NH,W,HWW
Big Street ATM,29-04-2014,92,42,50,5985.6,3438.4,2547.2000000000003,TUESDAY,NH,W,WWW
Mount Road ATM,29-04-2014,116,66,50,5513.6,3390.4,2123.2,TUESDAY,NH,W,WWW
Airport ATM,29-04-2014,123,97,26,9891.2,9008.0,883.2,TUESDAY,NH,W,WWW
KK Nagar ATM,29-04-2014,218,153,65,16712.0,12660.800000000001,4051.2000000000003,TUESDAY,NH,W,WWW
Christ College ATM,29-04-2014,100,51,49,6718.400000000001,3332.8,3385.6,TUESDAY,NH,W,WWW
Big Street ATM,30-04-2014,95,34,61,5784.0,2460.8,3323.2000000000003,WEDNESDAY,NH,W,WWH
Mount Road ATM,30-04-2014,200,115,85,17020.8,12193.6,4827.2,WEDNESDAY,NH,W,WWH
Airport ATM,30-04-2014,153,112,41,12364.800000000001,10136.0,2228.8,WEDNESDAY,NH,W,WWH
KK Nagar ATM,30-04-2014,381,267,114,32172.8,23062.4,9110.4,WEDNESDAY,NH,W,WWH
Christ College ATM,30-04-2014,169,70,99,14081.6,6500.8,7580.8,WEDNESDAY,NH,W,WWH
Big Street ATM,1/5/2014,70,24,46,5587.2,2579.2000000000003,3008.0,THURSDAY,N,H,WHW
Mount Road ATM,1/5/2014,102,60,42,7012.8,4537.6,2475.2000000000003,THURSDAY,N,H,WHW
Airport ATM,1/5/2014,67,59,8,7097.6,6841.6,256.0,THURSDAY,N,H,WHW
KK Nagar ATM,1/5/2014,215,152,63,15568.0,10552.0,5016.0,THURSDAY,N,H,WHW
Christ College ATM,1/5/2014,80,39,41,7657.6,3387.2000000000003,4270.4,THURSDAY,N,H,WHW
Big Street ATM,2/5/2014,109,45,64,7568.0,3310.4,4257.6,FRIDAY,NH,W,HWH
Mount Road ATM,2/5/2014,165,117,48,14129.6,11358.4,2771.2000000000003,FRIDAY,NH,W,HWH
Airport ATM,2/5/2014,103,83,20,7283.2,6070.400000000001,1212.8,FRIDAY,NH,W,HWH
KK Nagar ATM,2/5/2014,366,253,113,35545.6,27300.8,8244.8,FRIDAY,NH,W,HWH
Christ College ATM,2/5/2014,138,66,72,11497.6,6019.2,5478.400000000001,FRIDAY,NH,W,HWH
Big Street ATM,3/5/2014,83,31,52,3971.2000000000003,1427.2,2544.0,SATURDAY,NH,H,WHH
Mount Road ATM,3/5/2014,200,130,70,14804.800000000001,10884.800000000001,3920.0,SATURDAY,NH,H,WHH
Airport ATM,3/5/2014,153,138,15,15657.6,14716.800000000001,940.8000000000001,SATURDAY,NH,H,WHH
KK Nagar ATM,3/5/2014,268,191,77,23185.600000000002,17332.8,5852.8,SATURDAY,NH,H,WHH
Christ College ATM,3/5/2014,155,75,80,12764.800000000001,6830.400000000001,5934.400000000001,SATURDAY,NH,H,WHH
Big Street ATM,4/5/2014,99,42,57,5448.0,2886.4,2561.6,SUNDAY,NH,H,HHW
Mount Road ATM,4/5/2014,95,44,51,7352.0,4356.8,2995.2000000000003,SUNDAY,NH,H,HHW
Airport ATM,4/5/2014,103,87,16,7918.400000000001,6817.6,1100.8,SUNDAY,NH,H,HHW
KK Nagar ATM,4/5/2014,116,88,28,7764.8,5892.8,1872.0,SUNDAY,NH,H,HHW
Christ College ATM,4/5/2014,112,41,71,8539.2,3203.2000000000003,5336.0,SUNDAY,NH,H,HHW
Big Street ATM,5/5/2014,48,19,29,3054.4,2025.6000000000001,1028.8,MONDAY,NH,W,HWW
Mount Road ATM,5/5/2014,192,111,81,16353.6,11224.0,5129.6,MONDAY,NH,W,HWW
Airport ATM,5/5/2014,96,84,12,8038.400000000001,7360.0,678.4,MONDAY,NH,W,HWW
KK Nagar ATM,5/5/2014,298,198,100,26993.600000000002,19304.0,7689.6,MONDAY,NH,W,HWW
Christ College ATM,5/5/2014,129,43,86,10830.4,4588.8,6241.6,MONDAY,NH,W,HWW
Big Street ATM,6/5/2014,61,19,42,2491.2000000000003,307.2,2184.0,TUESDAY,NH,W,WWW
Mount Road ATM,6/5/2014,159,85,74,9672.0,6643.2,3028.8,TUESDAY,NH,W,WWW
Airport ATM,6/5/2014,87,62,25,9526.4,7646.400000000001,1880.0,TUESDAY,NH,W,WWW
KK Nagar ATM,6/5/2014,349,223,126,27606.4,18100.8,9505.6,TUESDAY,NH,W,WWW
Christ College ATM,6/5/2014,152,67,85,13142.4,5272.0,7870.400000000001,TUESDAY,NH,W,WWW
Big Street ATM,7/5/2014,99,28,71,6027.2,2188.8,3838.4,WEDNESDAY,NH,W,WWW
Mount Road ATM,7/5/2014,171,90,81,11844.800000000001,7096.0,4748.8,WEDNESDAY,NH,W,WWW
Airport ATM,7/5/2014,134,101,33,11587.2,9648.0,1939.2,WEDNESDAY,NH,W,WWW
KK Nagar ATM,7/5/2014,254,151,103,20329.600000000002,12515.2,7814.400000000001,WEDNESDAY,NH,W,WWW
Christ College ATM,7/5/2014,139,50,89,10016.0,3371.2000000000003,6644.8,WEDNESDAY,NH,W,WWW
Big Street ATM,8/5/2014,101,35,66,4780.8,1892.8,2888.0,THURSDAY,NH,W,WWW
Mount Road ATM,8/5/2014,183,92,91,13606.4,7972.8,5633.6,THURSDAY,NH,W,WWW
Airport ATM,8/5/2014,111,86,25,8990.4,7078.400000000001,1912.0,THURSDAY,NH,W,WWW
KK Nagar ATM,8/5/2014,299,184,115,24166.4,15379.2,8787.2,THURSDAY,NH,W,WWW
Christ College ATM,8/5/2014,130,53,77,10947.2,5883.2,5064.0,THURSDAY,NH,W,WWW
Big Street ATM,9/5/2014,40,14,26,2334.4,1243.2,1091.2,FRIDAY,NH,W,WWH
Mount Road ATM,9/5/2014,147,70,77,7892.8,3544.0,4348.8,FRIDAY,NH,W,WWH
Airport ATM,9/5/2014,81,69,12,9012.800000000001,8208.0,804.8000000000001,FRIDAY,NH,W,WWH
KK Nagar ATM,9/5/2014,289,201,88,25428.8,19542.4,5886.400000000001,FRIDAY,NH,W,WWH
Christ College ATM,9/5/2014,138,63,75,10801.6,4539.2,6262.400000000001,FRIDAY,NH,W,WWH
Big Street ATM,10/5/2014,90,39,51,5912.0,3240.0,2672.0,SATURDAY,NH,H,WHH
Mount Road ATM,10/5/2014,243,111,132,14670.4,8630.4,6040.0,SATURDAY,NH,H,WHH
Airport ATM,10/5/2014,104,98,6,9595.2,9144.0,451.2,SATURDAY,NH,H,WHH
KK Nagar ATM,10/5/2014,286,220,66,19888.0,16016.0,3872.0,SATURDAY,NH,H,WHH
Christ College ATM,10/5/2014,113,51,62,9910.4,5328.0,4582.400000000001,SATURDAY,NH,H,WHH
Big Street ATM,11/5/2014,77,28,49,3252.8,1182.4,2070.4,SUNDAY,NH,H,HHW
Mount Road ATM,11/5/2014,113,52,61,4584.0,1739.2,2844.8,SUNDAY,NH,H,HHW
Airport ATM,11/5/2014,84,84,0,6518.400000000001,6518.400000000001,0.0,SUNDAY,NH,H,HHW
KK Nagar ATM,11/5/2014,108,83,25,7273.6,6200.0,1073.6,SUNDAY,NH,H,HHW
Christ College ATM,11/5/2014,60,39,21,4073.6,3299.2000000000003,774.4,SUNDAY,NH,H,HHW
Big Street ATM,12/5/2014,71,24,47,4313.6,1459.2,2854.4,MONDAY,NH,W,HWW
Mount Road ATM,12/5/2014,168,90,78,10561.6,6710.400000000001,3851.2000000000003,MONDAY,NH,W,HWW
Airport ATM,12/5/2014,96,93,3,7910.400000000001,7606.400000000001,304.0,MONDAY,NH,W,HWW
KK Nagar ATM,12/5/2014,255,188,67,19958.4,16408.0,3550.4,MONDAY,NH,W,HWW
Christ College ATM,12/5/2014,117,57,60,9132.800000000001,5190.400000000001,3942.4,MONDAY,NH,W,HWW
Big Street ATM,13-05-2014,100,43,57,6476.8,3931.2000000000003,2545.6,TUESDAY,NH,W,WWW
Mount Road ATM,13-05-2014,169,82,87,12520.0,8588.8,3931.2000000000003,TUESDAY,NH,W,WWW
Airport ATM,13-05-2014,101,88,13,8808.0,8148.8,659.2,TUESDAY,NH,W,WWW
KK Nagar ATM,13-05-2014,239,171,68,17409.6,13560.0,3849.6,TUESDAY,NH,W,WWW
Christ College ATM,13-05-2014,138,47,91,10944.0,4635.2,6308.8,TUESDAY,NH,W,WWW
Big Street ATM,14-05-2014,94,32,62,6374.400000000001,3800.0,2574.4,WEDNESDAY,NH,W,WWW
Mount Road ATM,14-05-2014,137,82,55,9809.6,6830.400000000001,2979.2000000000003,WEDNESDAY,NH,W,WWW
Airport ATM,14-05-2014,94,89,5,9262.4,8694.4,568.0,WEDNESDAY,NH,W,WWW
KK Nagar ATM,14-05-2014,206,157,49,17198.4,13195.2,4003.2000000000003,WEDNESDAY,NH,W,WWW
Christ College ATM,14-05-2014,147,36,111,11028.800000000001,3267.2000000000003,7761.6,WEDNESDAY,NH,W,WWW
Big Street ATM,15-05-2014,78,26,52,3337.6,1443.2,1894.4,THURSDAY,NH,W,WWW
Mount Road ATM,15-05-2014,128,66,62,7603.2,4928.0,2675.2000000000003,THURSDAY,NH,W,WWW
Airport ATM,15-05-2014,83,77,6,6758.400000000001,6577.6,180.8,THURSDAY,NH,W,WWW
KK Nagar ATM,15-05-2014,233,165,68,16256.0,11774.4,4481.6,THURSDAY,NH,W,WWW
Christ College ATM,15-05-2014,175,72,103,14419.2,6774.400000000001,7644.8,THURSDAY,NH,W,WWW
Big Street ATM,16-05-2014,92,31,61,6110.400000000001,3251.2000000000003,2859.2000000000003,FRIDAY,NH,W,WWH
Mount Road ATM,16-05-2014,133,59,74,5920.0,3302.4,2617.6,FRIDAY,NH,W,WWH
Airport ATM,16-05-2014,100,78,22,8348.8,7696.0,652.8000000000001,FRIDAY,NH,W,WWH
KK Nagar ATM,16-05-2014,198,139,59,14590.4,10160.0,4430.400000000001,FRIDAY,NH,W,WWH
Christ College ATM,16-05-2014,152,46,106,9456.0,3372.8,6083.2,FRIDAY,NH,W,WWH
Big Street ATM,17-05-2014,80,32,48,5032.0,2937.6,2094.4,SATURDAY,NH,H,WHH
Mount Road ATM,17-05-2014,198,101,97,11420.800000000001,6841.6,4579.2,SATURDAY,NH,H,WHH
Airport ATM,17-05-2014,93,71,22,8587.2,7396.8,1190.4,SATURDAY,NH,H,WHH
KK Nagar ATM,17-05-2014,287,208,79,21424.0,16361.6,5062.400000000001,SATURDAY,NH,H,WHH
Christ College ATM,17-05-2014,161,52,109,12521.6,4364.8,8156.8,SATURDAY,NH,H,WHH
Big Street ATM,18-05-2014,124,31,93,6433.6,2561.6,3872.0,SUNDAY,NH,H,HHW
Mount Road ATM,18-05-2014,129,38,91,5225.6,1684.8,3540.8,SUNDAY,NH,H,HHW
Airport ATM,18-05-2014,107,71,36,5667.2,4396.8,1270.4,SUNDAY,NH,H,HHW
KK Nagar ATM,18-05-2014,118,64,54,7177.6,4148.8,3028.8,SUNDAY,NH,H,HHW
Christ College ATM,18-05-2014,141,33,108,7635.2,1204.8,6430.400000000001,SUNDAY,NH,H,HHW
Big Street ATM,19-05-2014,113,36,77,5075.2,2369.6,2705.6,MONDAY,NH,W,HWW
Mount Road ATM,19-05-2014,211,115,96,14828.800000000001,10516.800000000001,4312.0,MONDAY,NH,W,HWW
Airport ATM,19-05-2014,107,83,24,8097.6,7404.8,692.8000000000001,MONDAY,NH,W,HWW
KK Nagar ATM,19-05-2014,258,175,83,19505.600000000002,13008.0,6497.6,MONDAY,NH,W,HWW
Christ College ATM,19-05-2014,206,67,139,13779.2,6072.0,7707.2,MONDAY,NH,W,HWW
Big Street ATM,20-05-2014,92,33,59,5755.2,3142.4,2612.8,TUESDAY,NH,W,WWW
Mount Road ATM,20-05-2014,171,81,90,10929.6,7376.0,3553.6,TUESDAY,NH,W,WWW
Airport ATM,20-05-2014,112,78,34,10835.2,8584.0,2251.2000000000003,TUESDAY,NH,W,WWW
KK Nagar ATM,20-05-2014,250,186,64,18145.600000000002,14649.6,3496.0,TUESDAY,NH,W,WWW
Christ College ATM,20-05-2014,171,59,112,14096.0,6176.0,7920.0,TUESDAY,NH,W,WWW
Big Street ATM,21-05-2014,105,34,71,6641.6,3740.8,2900.8,WEDNESDAY,NH,W,WWW
Mount Road ATM,21-05-2014,165,72,93,8332.8,4510.400000000001,3822.4,WEDNESDAY,NH,W,WWW
Airport ATM,21-05-2014,111,88,23,9707.2,8827.2,880.0,WEDNESDAY,NH,W,WWW
KK Nagar ATM,21-05-2014,335,237,98,23616.0,18243.2,5372.8,WEDNESDAY,NH,W,WWW
Christ College ATM,21-05-2014,160,46,114,13232.0,4216.0,9016.0,WEDNESDAY,NH,W,WWW
Big Street ATM,22-05-2014,92,26,66,4435.2,1952.0,2483.2000000000003,THURSDAY,NH,W,WWW
Mount Road ATM,22-05-2014,176,82,94,10276.800000000001,5028.8,5248.0,THURSDAY,NH,W,WWW
Airport ATM,22-05-2014,132,104,28,11112.0,9558.4,1553.6000000000001,THURSDAY,NH,W,WWW
KK Nagar ATM,22-05-2014,338,246,92,25147.2,19651.2,5496.0,THURSDAY,NH,W,WWW
Christ College ATM,22-05-2014,181,58,123,14112.0,4588.8,9523.2,THURSDAY,NH,W,WWW
Big Street ATM,23-05-2014,91,28,63,3283.2000000000003,984.0,2299.2000000000003,FRIDAY,NH,W,WWH
Mount Road ATM,23-05-2014,163,85,78,9659.2,6088.0,3571.2000000000003,FRIDAY,NH,W,WWH
Airport ATM,23-05-2014,84,68,16,6427.2,5328.0,1099.2,FRIDAY,NH,W,WWH
KK Nagar ATM,23-05-2014,185,129,56,17456.0,13396.800000000001,4059.2000000000003,FRIDAY,NH,W,WWH
Christ College ATM,23-05-2014,143,55,88,10044.800000000001,4208.0,5836.8,FRIDAY,NH,W,WWH
Big Street ATM,24-05-2014,131,43,88,7684.8,4027.2000000000003,3657.6,SATURDAY,NH,H,WHH
Mount Road ATM,24-05-2014,175,83,92,10014.4,6332.8,3681.6,SATURDAY,NH,H,WHH
Airport ATM,24-05-2014,119,96,23,10332.800000000001,9563.2,769.6,SATURDAY,NH,H,WHH
KK Nagar ATM,24-05-2014,155,95,60,9721.6,5990.400000000001,3731.2000000000003,SATURDAY,NH,H,WHH
Christ College ATM,24-05-2014,143,54,89,9904.0,4281.6,5622.400000000001,SATURDAY,NH,H,WHH
Big Street ATM,25-05-2014,149,40,109,6699.2,2372.8,4326.4,SUNDAY,NH,H,HHW
Mount Road ATM,25-05-2014,150,35,115,5649.6,1787.2,3862.4,SUNDAY,NH,H,HHW
Airport ATM,25-05-2014,94,62,32,6131.2,4113.6,2017.6000000000001,SUNDAY,NH,H,HHW
KK Nagar ATM,25-05-2014,99,63,36,6457.6,4142.4,2315.2000000000003,SUNDAY,NH,H,HHW
Christ College ATM,25-05-2014,101,39,62,5902.400000000001,2433.6,3468.8,SUNDAY,NH,H,HHW
Big Street ATM,26-05-2014,130,30,100,6744.0,2208.0,4536.0,MONDAY,NH,W,HWW
Mount Road ATM,26-05-2014,180,66,114,8248.0,3745.6,4502.400000000001,MONDAY,NH,W,HWW
Airport ATM,26-05-2014,129,88,41,8696.0,7102.400000000001,1593.6000000000001,MONDAY,NH,W,HWW
KK Nagar ATM,26-05-2014,267,174,93,22035.2,15641.6,6393.6,MONDAY,NH,W,HWW
Christ College ATM,26-05-2014,207,77,130,17369.6,7462.400000000001,9907.2,MONDAY,NH,W,HWW
Big Street ATM,27-05-2014,128,45,83,7881.6,3718.4,4163.2,TUESDAY,NH,W,WWW
Mount Road ATM,27-05-2014,180,74,106,9508.800000000001,4752.0,4756.8,TUESDAY,NH,W,WWW
Airport ATM,27-05-2014,115,86,29,9291.2,7670.400000000001,1620.8,TUESDAY,NH,W,WWW
KK Nagar ATM,27-05-2014,220,145,75,17460.8,12411.2,5049.6,TUESDAY,NH,W,WWW
Christ College ATM,27-05-2014,152,60,92,9188.800000000001,4179.2,5009.6,TUESDAY,NH,W,WWW
Big Street ATM,28-05-2014,123,28,95,5137.6,2195.2000000000003,2942.4,WEDNESDAY,NH,W,WWW
Mount Road ATM,28-05-2014,203,84,119,11916.800000000001,6353.6,5563.2,WEDNESDAY,NH,W,WWW
Airport ATM,28-05-2014,65,50,15,5084.8,4563.2,521.6,WEDNESDAY,NH,W,WWW
KK Nagar ATM,28-05-2014,344,216,128,30011.2,22296.0,7715.2,WEDNESDAY,NH,W,WWW
Christ College ATM,28-05-2014,138,50,88,11737.6,4380.8,7356.8,WEDNESDAY,NH,W,WWW
Big Street ATM,29-05-2014,177,48,129,8977.6,4083.2000000000003,4894.400000000001,THURSDAY,NH,W,WWW
Mount Road ATM,29-05-2014,279,92,187,16542.4,8374.4,8168.0,THURSDAY,NH,W,WWW
Airport ATM,29-05-2014,129,92,37,12062.4,10246.4,1816.0,THURSDAY,NH,W,WWW
KK Nagar ATM,29-05-2014,317,164,153,21624.0,12248.0,9376.0,THURSDAY,NH,W,WWW
Christ College ATM,29-05-2014,297,60,237,20312.0,5166.400000000001,15145.6,THURSDAY,NH,W,WWW
Big Street ATM,30-05-2014,113,33,80,5470.400000000001,1688.0,3782.4,FRIDAY,NH,W,WWH
Mount Road ATM,30-05-2014,196,110,86,14388.800000000001,9323.2,5065.6,FRIDAY,NH,W,WWH
Airport ATM,30-05-2014,113,72,41,8724.8,6755.2,1969.6000000000001,FRIDAY,NH,W,WWH
KK Nagar ATM,30-05-2014,307,217,90,22281.600000000002,16814.4,5467.2,FRIDAY,NH,W,WWH
Christ College ATM,30-05-2014,124,47,77,10820.800000000001,4344.0,6476.8,FRIDAY,NH,W,WWH
Big Street ATM,31-05-2014,103,30,73,5440.0,1603.2,3836.8,SATURDAY,NH,H,WHH
Mount Road ATM,31-05-2014,270,126,144,17427.2,10428.800000000001,6998.400000000001,SATURDAY,NH,H,WHH
Airport ATM,31-05-2014,132,104,28,12550.4,10976.0,1574.4,SATURDAY,NH,H,WHH
KK Nagar ATM,31-05-2014,491,240,251,36860.8,17416.0,19444.8,SATURDAY,NH,H,WHH
Christ College ATM,31-05-2014,219,53,166,16403.2,3936.0,12467.2,SATURDAY,NH,H,WHH
Big Street ATM,1/6/2014,142,39,103,6328.0,2123.2,4204.8,SUNDAY,NH,H,HHW
Mount Road ATM,1/6/2014,193,60,133,12369.6,4699.2,7670.400000000001,SUNDAY,NH,H,HHW
Airport ATM,1/6/2014,96,71,25,6465.6,5684.8,780.8000000000001,SUNDAY,NH,H,HHW
KK Nagar ATM,1/6/2014,303,127,176,21793.600000000002,9076.800000000001,12716.800000000001,SUNDAY,NH,H,HHW
Christ College ATM,1/6/2014,240,46,194,14950.4,3619.2000000000003,11331.2,SUNDAY,NH,H,HHW
Big Street ATM,2/6/2014,147,47,100,10224.0,4216.0,6008.0,MONDAY,NH,W,HWW
Mount Road ATM,2/6/2014,236,111,125,18081.600000000002,11174.4,6907.2,MONDAY,NH,W,HWW
Airport ATM,2/6/2014,142,100,42,9766.4,7681.6,2084.8,MONDAY,NH,W,HWW
KK Nagar ATM,2/6/2014,426,210,216,38208.0,20747.2,17460.8,MONDAY,NH,W,HWW
Christ College ATM,2/6/2014,170,37,133,15230.4,3926.4,11304.0,MONDAY,NH,W,HWW
Big Street ATM,3/6/2014,92,32,60,5830.400000000001,2908.8,2921.6,TUESDAY,NH,W,WWW
Mount Road ATM,3/6/2014,154,91,63,12265.6,8795.2,3470.4,TUESDAY,NH,W,WWW
Airport ATM,3/6/2014,132,99,33,10579.2,8708.8,1870.4,TUESDAY,NH,W,WWW
KK Nagar ATM,3/6/2014,359,239,120,29280.0,20198.4,9081.6,TUESDAY,NH,W,WWW
Christ College ATM,3/6/2014,191,56,135,17315.2,5635.2,11680.0,TUESDAY,NH,W,WWW
Big Street ATM,4/6/2014,85,32,53,5358.400000000001,2692.8,2665.6,WEDNESDAY,NH,W,WWW
Mount Road ATM,4/6/2014,171,93,78,13916.800000000001,9190.4,4726.400000000001,WEDNESDAY,NH,W,WWW
Airport ATM,4/6/2014,111,86,25,10622.4,9067.2,1555.2,WEDNESDAY,NH,W,WWW
KK Nagar ATM,4/6/2014,329,199,130,26012.8,17032.0,8980.800000000001,WEDNESDAY,NH,W,WWW
Christ College ATM,4/6/2014,212,57,155,19819.2,6105.6,13713.6,WEDNESDAY,NH,W,WWW
Big Street ATM,5/6/2014,129,42,87,8305.6,2628.8,5676.8,THURSDAY,NH,W,WWW
Mount Road ATM,5/6/2014,147,75,72,9835.2,6128.0,3707.2000000000003,THURSDAY,NH,W,WWW
Airport ATM,5/6/2014,123,107,16,12371.2,11492.800000000001,878.4,THURSDAY,NH,W,WWW
KK Nagar ATM,5/6/2014,332,203,129,27769.600000000002,17828.8,9940.800000000001,THURSDAY,NH,W,WWW
Christ College ATM,5/6/2014,225,68,157,18115.2,6926.400000000001,11188.800000000001,THURSDAY,NH,W,WWW
Big Street ATM,6/6/2014,103,29,74,7072.0,2216.0,4856.0,FRIDAY,NH,W,WWH
Mount Road ATM,6/6/2014,221,95,126,15124.800000000001,8363.2,6761.6,FRIDAY,NH,W,WWH
Airport ATM,6/6/2014,110,78,32,10116.800000000001,8468.8,1648.0,FRIDAY,NH,W,WWH
KK Nagar ATM,6/6/2014,255,148,107,21332.8,13128.0,8204.8,FRIDAY,NH,W,WWH
Christ College ATM,6/6/2014,197,57,140,17470.4,6286.400000000001,11184.0,FRIDAY,NH,W,WWH
Big Street ATM,7/6/2014,137,52,85,9059.2,5321.6,3737.6,SATURDAY,NH,H,WHH
Mount Road ATM,7/6/2014,236,88,148,14382.4,7868.8,6513.6,SATURDAY,NH,H,WHH
Airport ATM,7/6/2014,134,106,28,12454.4,10395.2,2059.2,SATURDAY,NH,H,WHH
KK Nagar ATM,7/6/2014,431,226,205,33928.0,18132.8,15795.2,SATURDAY,NH,H,WHH
Christ College ATM,7/6/2014,201,75,126,19536.0,9036.800000000001,10499.2,SATURDAY,NH,H,WHH
Big Street ATM,8/6/2014,118,24,94,4841.6,1198.4,3643.2000000000003,SUNDAY,NH,H,HHW
Mount Road ATM,8/6/2014,177,70,107,11032.0,6147.2,4884.8,SUNDAY,NH,H,HHW
Airport ATM,8/6/2014,124,78,46,10126.4,7611.2,2515.2000000000003,SUNDAY,NH,H,HHW
KK Nagar ATM,8/6/2014,255,107,148,14049.6,6129.6,7920.0,SUNDAY,NH,H,HHW
Christ College ATM,8/6/2014,105,41,64,9115.2,4483.2,4632.0,SUNDAY,NH,H,HHW
Big Street ATM,9/6/2014,110,42,68,7720.0,4657.6,3062.4,MONDAY,NH,W,HWW
Mount Road ATM,9/6/2014,179,93,86,11564.800000000001,6571.2,4993.6,MONDAY,NH,W,HWW
Airport ATM,9/6/2014,92,76,16,6300.8,5899.2,401.6,MONDAY,NH,W,HWW
KK Nagar ATM,9/6/2014,365,212,153,28292.8,17339.2,10953.6,MONDAY,NH,W,HWW
Christ College ATM,9/6/2014,178,48,130,13510.4,3612.8,9897.6,MONDAY,NH,W,HWW
Big Street ATM,10/6/2014,133,41,92,8718.4,3798.4,4920.0,TUESDAY,NH,W,WWW
Mount Road ATM,10/6/2014,167,79,88,10076.800000000001,5836.8,4240.0,TUESDAY,NH,W,WWW
Airport ATM,10/6/2014,124,101,23,9358.4,8238.4,1120.0,TUESDAY,NH,W,WWW
KK Nagar ATM,10/6/2014,331,227,104,24329.600000000002,17627.2,6702.400000000001,TUESDAY,NH,W,WWW
Christ College ATM,10/6/2014,124,51,73,9881.6,4696.0,5185.6,TUESDAY,NH,W,WWW
Big Street ATM,11/6/2014,120,42,78,7244.8,2665.6,4579.2,WEDNESDAY,NH,W,WWW
Mount Road ATM,11/6/2014,177,84,93,10964.800000000001,6614.400000000001,4350.4,WEDNESDAY,NH,W,WWW
Airport ATM,11/6/2014,134,101,33,11374.4,9134.4,2240.0,WEDNESDAY,NH,W,WWW
KK Nagar ATM,11/6/2014,411,270,141,33366.4,23673.600000000002,9692.800000000001,WEDNESDAY,NH,W,WWW
Christ College ATM,11/6/2014,169,62,107,13427.2,5232.0,8195.2,WEDNESDAY,NH,W,WWW
Big Street ATM,12/6/2014,98,36,62,5985.6,3108.8,2876.8,THURSDAY,NH,W,WWW
Mount Road ATM,12/6/2014,159,89,70,10172.800000000001,7296.0,2876.8,THURSDAY,NH,W,WWW
Airport ATM,12/6/2014,108,86,22,11468.800000000001,9526.4,1942.4,THURSDAY,NH,W,WWW
KK Nagar ATM,12/6/2014,289,206,83,22875.2,18707.2,4168.0,THURSDAY,NH,W,WWW
Christ College ATM,12/6/2014,111,56,55,7459.2,4195.2,3264.0,THURSDAY,NH,W,WWW
Big Street ATM,13-06-2014,106,38,68,5398.400000000001,2316.8,3081.6,FRIDAY,NH,W,WWH
Mount Road ATM,13-06-2014,143,65,78,8753.6,4656.0,4097.6,FRIDAY,NH,W,WWH
Airport ATM,13-06-2014,70,60,10,5267.2,4721.6,545.6,FRIDAY,NH,W,WWH
KK Nagar ATM,13-06-2014,260,184,76,17801.600000000002,13294.4,4507.2,FRIDAY,NH,W,WWH
Christ College ATM,13-06-2014,74,30,44,6336.0,2937.6,3398.4,FRIDAY,NH,W,WWH
Big Street ATM,14-06-2014,115,35,80,5662.400000000001,2064.0,3598.4,SATURDAY,NH,H,WHH
Mount Road ATM,14-06-2014,186,75,111,12219.2,6296.0,5923.2,SATURDAY,NH,H,WHH
Airport ATM,14-06-2014,67,52,15,3912.0,3408.0,504.0,SATURDAY,NH,H,WHH
KK Nagar ATM,14-06-2014,262,172,90,22417.600000000002,16704.0,5713.6,SATURDAY,NH,H,WHH
Christ College ATM,14-06-2014,128,58,70,7254.400000000001,2940.8,4313.6,SATURDAY,NH,H,WHH
Big Street ATM,15-06-2014,122,39,83,7067.2,3156.8,3910.4,SUNDAY,NH,H,HHW
Mount Road ATM,15-06-2014,135,49,86,6417.6,3185.6,3232.0,SUNDAY,NH,H,HHW
Airport ATM,15-06-2014,121,99,22,6502.400000000001,5806.400000000001,696.0,SUNDAY,NH,H,HHW
KK Nagar ATM,15-06-2014,131,86,45,8260.8,4761.6,3499.2000000000003,SUNDAY,NH,H,HHW
Christ College ATM,15-06-2014,129,39,90,6411.2,2371.2000000000003,4040.0,SUNDAY,NH,H,HHW
Big Street ATM,16-06-2014,91,33,58,4545.6,2035.2,2510.4,MONDAY,NH,W,HWW
Mount Road ATM,16-06-2014,132,84,48,12616.0,9720.0,2896.0,MONDAY,NH,W,HWW
Airport ATM,16-06-2014,38,31,7,2475.2000000000003,2340.8,134.4,MONDAY,NH,W,HWW
KK Nagar ATM,16-06-2014,273,196,77,20633.600000000002,16091.2,4542.400000000001,MONDAY,NH,W,HWW
Christ College ATM,16-06-2014,228,58,170,15552.0,5880.0,9672.0,MONDAY,NH,W,HWW
Big Street ATM,17-06-2014,96,42,54,5296.0,3345.6,1950.4,TUESDAY,NH,W,WWW
Mount Road ATM,17-06-2014,87,56,31,4616.0,3832.0,784.0,TUESDAY,NH,W,WWW
Airport ATM,17-06-2014,98,76,22,9886.4,8612.8,1273.6000000000001,TUESDAY,NH,W,WWW
KK Nagar ATM,17-06-2014,234,172,62,16424.0,12593.6,3830.4,TUESDAY,NH,W,WWW
Christ College ATM,17-06-2014,148,59,89,10019.2,3966.4,6052.8,TUESDAY,NH,W,WWW
Big Street ATM,18-06-2014,94,36,58,4012.8,2366.4,1646.4,WEDNESDAY,NH,W,WWW
Mount Road ATM,18-06-2014,175,92,83,11550.4,6976.0,4574.400000000001,WEDNESDAY,NH,W,WWW
Airport ATM,18-06-2014,92,78,14,7760.0,7267.2,492.8,WEDNESDAY,NH,W,WWW
KK Nagar ATM,18-06-2014,290,186,104,23585.600000000002,17836.8,5748.8,WEDNESDAY,NH,W,WWW
Christ College ATM,18-06-2014,122,53,69,9292.800000000001,4944.0,4348.8,WEDNESDAY,NH,W,WWW
Big Street ATM,19-06-2014,92,38,54,5630.400000000001,3720.0,1910.4,THURSDAY,NH,W,WWW
Mount Road ATM,19-06-2014,145,81,64,7721.6,5534.400000000001,2187.2000000000003,THURSDAY,NH,W,WWW
Airport ATM,19-06-2014,84,62,22,8064.0,6326.400000000001,1737.6000000000001,THURSDAY,NH,W,WWW
KK Nagar ATM,19-06-2014,232,174,58,17110.4,14564.800000000001,2545.6,THURSDAY,NH,W,WWW
Christ College ATM,19-06-2014,114,52,62,7547.2,3944.0,3603.2000000000003,THURSDAY,NH,W,WWW
Big Street ATM,20-06-2014,107,48,59,5280.0,3057.6,2222.4,FRIDAY,NH,W,WWH
Mount Road ATM,20-06-2014,188,92,96,13756.800000000001,7673.6,6083.2,FRIDAY,NH,W,WWH
Airport ATM,20-06-2014,103,79,24,8276.8,7086.400000000001,1190.4,FRIDAY,NH,W,WWH
KK Nagar ATM,20-06-2014,241,182,59,14392.0,10553.6,3838.4,FRIDAY,NH,W,WWH
Christ College ATM,20-06-2014,127,59,68,8969.6,5916.8,3052.8,FRIDAY,NH,W,WWH
Big Street ATM,21-06-2014,91,29,62,3056.0,1182.4,1873.6000000000001,SATURDAY,NH,H,WHH
Mount Road ATM,21-06-2014,216,87,129,10710.4,5328.0,5382.400000000001,SATURDAY,NH,H,WHH
Airport ATM,21-06-2014,94,77,17,6747.2,6156.8,590.4,SATURDAY,NH,H,WHH
KK Nagar ATM,21-06-2014,263,185,78,19227.2,15420.800000000001,3806.4,SATURDAY,NH,H,WHH
Christ College ATM,21-06-2014,134,58,76,11436.800000000001,6024.0,5412.8,SATURDAY,NH,H,WHH
Big Street ATM,22-06-2014,99,30,69,4214.4,1736.0,2478.4,SUNDAY,NH,H,HHW
Mount Road ATM,22-06-2014,125,51,74,6355.2,4363.2,1992.0,SUNDAY,NH,H,HHW
Airport ATM,22-06-2014,107,84,23,8259.2,7305.6,953.6,SUNDAY,NH,H,HHW
KK Nagar ATM,22-06-2014,148,90,58,9344.0,5376.0,3968.0,SUNDAY,NH,H,HHW
Christ College ATM,22-06-2014,96,40,56,6081.6,3016.0,3065.6,SUNDAY,NH,H,HHW
Big Street ATM,23-06-2014,77,28,49,4320.0,2430.4,1889.6000000000001,MONDAY,NH,W,HWW
Mount Road ATM,23-06-2014,157,74,83,9696.0,5582.400000000001,4113.6,MONDAY,NH,W,HWW
Airport ATM,23-06-2014,111,87,24,7984.0,7416.0,568.0,MONDAY,NH,W,HWW
KK Nagar ATM,23-06-2014,277,211,66,21110.4,17028.8,4081.6,MONDAY,NH,W,HWW
Christ College ATM,23-06-2014,100,46,54,6436.8,3628.8,2808.0,MONDAY,NH,W,HWW
Big Street ATM,24-06-2014,107,30,77,4692.8,1401.6000000000001,3291.2000000000003,TUESDAY,NH,W,WWW
Mount Road ATM,24-06-2014,162,88,74,11316.800000000001,6756.8,4560.0,TUESDAY,NH,W,WWW
Airport ATM,24-06-2014,89,71,18,6188.8,4892.8,1296.0,TUESDAY,NH,W,WWW
KK Nagar ATM,24-06-2014,226,173,53,14214.4,11049.6,3164.8,TUESDAY,NH,W,WWW
Christ College ATM,24-06-2014,111,43,68,6622.400000000001,2412.8,4209.6,TUESDAY,NH,W,WWW
Big Street ATM,25-06-2014,101,39,62,5510.400000000001,2462.4,3048.0,WEDNESDAY,NH,W,WWW
Mount Road ATM,25-06-2014,167,97,70,12249.6,8201.6,4048.0,WEDNESDAY,NH,W,WWW
Airport ATM,25-06-2014,132,86,46,10017.6,7280.0,2737.6,WEDNESDAY,NH,W,WWW
KK Nagar ATM,25-06-2014,242,182,60,17323.2,12428.800000000001,4894.400000000001,WEDNESDAY,NH,W,WWW
Christ College ATM,25-06-2014,78,39,39,5539.2,4035.2000000000003,1504.0,WEDNESDAY,NH,W,WWW
Big Street ATM,26-06-2014,79,27,52,4156.8,1686.4,2470.4,THURSDAY,NH,W,WWW
Mount Road ATM,26-06-2014,170,96,74,9984.0,6116.8,3867.2000000000003,THURSDAY,NH,W,WWW
Airport ATM,26-06-2014,146,115,31,11806.4,10808.0,998.4,THURSDAY,NH,W,WWW
KK Nagar ATM,26-06-2014,268,183,85,22726.4,15788.800000000001,6937.6,THURSDAY,NH,W,WWW
Christ College ATM,26-06-2014,106,45,61,9948.800000000001,5768.0,4180.8,THURSDAY,NH,W,WWW
Big Street ATM,27-06-2014,95,30,65,4763.2,2158.4,2604.8,FRIDAY,NH,W,WWH
Mount Road ATM,27-06-2014,173,84,89,11768.0,7624.0,4144.0,FRIDAY,NH,W,WWH
Airport ATM,27-06-2014,140,117,23,11808.0,10521.6,1286.4,FRIDAY,NH,W,WWH
KK Nagar ATM,27-06-2014,238,176,62,15206.4,11120.0,4086.4,FRIDAY,NH,W,WWH
Christ College ATM,27-06-2014,100,43,57,5430.400000000001,2971.2000000000003,2459.2000000000003,FRIDAY,NH,W,WWH
Big Street ATM,28-06-2014,123,31,92,6121.6,1875.2,4246.4,SATURDAY,NH,H,WHH
Mount Road ATM,28-06-2014,213,82,131,12792.0,6361.6,6430.400000000001,SATURDAY,NH,H,WHH
Airport ATM,28-06-2014,90,70,20,7528.0,6640.0,888.0,SATURDAY,NH,H,WHH
KK Nagar ATM,28-06-2014,325,212,113,23392.0,16801.6,6590.400000000001,SATURDAY,NH,H,WHH
Christ College ATM,28-06-2014,121,55,66,8579.2,4692.8,3886.4,SATURDAY,NH,H,WHH
Big Street ATM,29-06-2014,108,40,68,5078.400000000001,2096.0,2982.4,SUNDAY,NH,H,HHW
Mount Road ATM,29-06-2014,118,46,72,6192.0,2878.4,3313.6,SUNDAY,NH,H,HHW
Airport ATM,29-06-2014,58,45,13,3585.6,3216.0,369.6,SUNDAY,NH,H,HHW
KK Nagar ATM,29-06-2014,163,106,57,7944.0,5555.2,2388.8,SUNDAY,NH,H,HHW
Christ College ATM,29-06-2014,84,29,55,5553.6,2134.4,3419.2000000000003,SUNDAY,NH,H,HHW
Big Street ATM,30-06-2014,108,32,76,5504.0,1481.6000000000001,4022.4,MONDAY,NH,W,HWW
Mount Road ATM,30-06-2014,285,120,165,21763.2,11256.0,10507.2,MONDAY,NH,W,HWW
Airport ATM,30-06-2014,52,41,11,3512.0,2964.8,547.2,MONDAY,NH,W,HWW
KK Nagar ATM,30-06-2014,314,206,108,24939.2,17764.8,7174.400000000001,MONDAY,NH,W,HWW
Christ College ATM,30-06-2014,133,60,73,10038.4,4616.0,5422.400000000001,MONDAY,NH,W,HWW
Big Street ATM,1/7/2014,142,36,106,11192.0,3334.4,7857.6,TUESDAY,NH,W,WWW
Mount Road ATM,1/7/2014,212,98,114,12816.0,7488.0,5328.0,TUESDAY,NH,W,WWW
Airport ATM,1/7/2014,77,63,14,5721.6,5035.2,686.4,TUESDAY,NH,W,WWW
KK Nagar ATM,1/7/2014,336,209,127,31446.4,21145.600000000002,10300.800000000001,TUESDAY,NH,W,WWW
Christ College ATM,1/7/2014,247,56,191,19336.0,3372.8,15963.2,TUESDAY,NH,W,WWW
Big Street ATM,2/7/2014,59,17,42,3675.2000000000003,1617.6000000000001,2057.6,WEDNESDAY,NH,W,WWW
Mount Road ATM,2/7/2014,220,110,110,18870.4,12046.4,6824.0,WEDNESDAY,NH,W,WWW
Airport ATM,2/7/2014,145,102,43,15148.800000000001,11779.2,3369.6,WEDNESDAY,NH,W,WWW
KK Nagar ATM,2/7/2014,296,189,107,27913.600000000002,20336.0,7577.6,WEDNESDAY,NH,W,WWW
Christ College ATM,2/7/2014,139,43,96,10408.0,3177.6,7230.400000000001,WEDNESDAY,NH,W,WWW
Big Street ATM,3/7/2014,70,18,52,4080.0,1259.2,2820.8,THURSDAY,NH,W,WWW
Mount Road ATM,3/7/2014,195,122,73,16012.800000000001,12251.2,3761.6,THURSDAY,NH,W,WWW
Airport ATM,3/7/2014,163,139,24,15049.6,13828.800000000001,1220.8,THURSDAY,NH,W,WWW
KK Nagar ATM,3/7/2014,266,194,72,24134.4,18848.0,5286.400000000001,THURSDAY,NH,W,WWW
Christ College ATM,3/7/2014,271,63,208,21280.0,5427.2,15852.800000000001,THURSDAY,NH,W,WWW
Big Street ATM,4/7/2014,114,41,73,6803.2,2785.6,4017.6,FRIDAY,NH,W,WWH
Mount Road ATM,4/7/2014,216,103,113,15851.2,10174.4,5676.8,FRIDAY,NH,W,WWH
Airport ATM,4/7/2014,139,98,41,12480.0,9448.0,3032.0,FRIDAY,NH,W,WWH
KK Nagar ATM,4/7/2014,262,174,88,19388.8,13020.800000000001,6368.0,FRIDAY,NH,W,WWH
Christ College ATM,4/7/2014,173,51,122,12798.4,4692.8,8105.6,FRIDAY,NH,W,WWH
Big Street ATM,5/7/2014,84,27,57,3668.8,1233.6000000000001,2435.2000000000003,SATURDAY,NH,H,WHH
Mount Road ATM,5/7/2014,276,117,159,17777.600000000002,10088.0,7689.6,SATURDAY,NH,H,WHH
Airport ATM,5/7/2014,159,121,38,14304.0,11785.6,2518.4,SATURDAY,NH,H,WHH
KK Nagar ATM,5/7/2014,271,189,82,21888.0,15240.0,6648.0,SATURDAY,NH,H,WHH
Christ College ATM,5/7/2014,192,52,140,17217.6,6233.6,10984.0,SATURDAY,NH,H,WHH
Big Street ATM,6/7/2014,107,30,77,4289.6,1752.0,2537.6,SUNDAY,NH,H,HHW
Mount Road ATM,6/7/2014,196,69,127,9673.6,4163.2,5510.400000000001,SUNDAY,NH,H,HHW
Airport ATM,6/7/2014,139,99,40,10985.6,9081.6,1904.0,SUNDAY,NH,H,HHW
KK Nagar ATM,6/7/2014,137,85,52,9776.0,6280.0,3496.0,SUNDAY,NH,H,HHW
Christ College ATM,6/7/2014,156,34,122,11769.6,2596.8,9172.800000000001,SUNDAY,NH,H,HHW
Big Street ATM,7/7/2014,99,28,71,6059.2,2760.0,3299.2000000000003,MONDAY,NH,W,HWW
Mount Road ATM,7/7/2014,269,150,119,20100.8,13440.0,6660.8,MONDAY,NH,W,HWW
Airport ATM,7/7/2014,118,92,26,7283.2,5892.8,1390.4,MONDAY,NH,W,HWW
KK Nagar ATM,7/7/2014,262,172,90,17611.2,11848.0,5763.2,MONDAY,NH,W,HWW
Christ College ATM,7/7/2014,260,80,180,20379.2,6384.0,13995.2,MONDAY,NH,W,HWW
Big Street ATM,8/7/2014,86,25,61,4673.6,1409.6000000000001,3264.0,TUESDAY,NH,W,WWW
Mount Road ATM,8/7/2014,162,74,88,10548.800000000001,6195.2,4353.6,TUESDAY,NH,W,WWW
Airport ATM,8/7/2014,126,88,38,9716.800000000001,7624.0,2092.8,TUESDAY,NH,W,WWW
KK Nagar ATM,8/7/2014,281,211,70,19865.600000000002,15640.0,4225.6,TUESDAY,NH,W,WWW
Christ College ATM,8/7/2014,187,84,103,13960.0,7784.0,6176.0,TUESDAY,NH,W,WWW
Big Street ATM,9/7/2014,88,25,63,5233.6,1553.6000000000001,3680.0,WEDNESDAY,NH,W,WWW
Mount Road ATM,9/7/2014,200,116,84,13152.0,8644.8,4507.2,WEDNESDAY,NH,W,WWW
Airport ATM,9/7/2014,142,112,30,12656.0,10270.4,2385.6,WEDNESDAY,NH,W,WWW
KK Nagar ATM,9/7/2014,264,182,82,19411.2,13950.4,5460.8,WEDNESDAY,NH,W,WWW
Christ College ATM,9/7/2014,160,47,113,11619.2,3824.0,7795.2,WEDNESDAY,NH,W,WWW
Big Street ATM,10/7/2014,98,28,70,5836.8,1849.6000000000001,3987.2000000000003,THURSDAY,NH,W,WWW
Mount Road ATM,10/7/2014,186,93,93,11384.0,7475.2,3908.8,THURSDAY,NH,W,WWW
Airport ATM,10/7/2014,118,92,26,11305.6,9985.6,1320.0,THURSDAY,NH,W,WWW
KK Nagar ATM,10/7/2014,257,170,87,18476.8,12875.2,5601.6,THURSDAY,NH,W,WWW
Christ College ATM,10/7/2014,123,49,74,7539.2,4054.4,3484.8,THURSDAY,NH,W,WWW
Big Street ATM,11/7/2014,88,19,69,4268.8,1236.8,3032.0,FRIDAY,NH,W,WWH
Mount Road ATM,11/7/2014,173,82,91,14451.2,8756.800000000001,5694.400000000001,FRIDAY,NH,W,WWH
Airport ATM,11/7/2014,142,114,28,14169.6,12609.6,1560.0,FRIDAY,NH,W,WWH
KK Nagar ATM,11/7/2014,244,190,54,17499.2,13929.6,3569.6,FRIDAY,NH,W,WWH
Christ College ATM,11/7/2014,165,60,105,11536.0,5499.2,6036.8,FRIDAY,NH,W,WWH
Big Street ATM,12/7/2014,106,26,80,5339.2,1643.2,3696.0,SATURDAY,NH,H,WHH
Mount Road ATM,12/7/2014,244,96,148,16804.8,9273.6,7531.2,SATURDAY,NH,H,WHH
Airport ATM,12/7/2014,128,102,26,12008.0,10307.2,1700.8,SATURDAY,NH,H,WHH
KK Nagar ATM,12/7/2014,305,210,95,23209.600000000002,16499.2,6710.400000000001,SATURDAY,NH,H,WHH
Christ College ATM,12/7/2014,183,53,130,15307.2,4059.2000000000003,11248.0,SATURDAY,NH,H,WHH
Big Street ATM,13-07-2014,145,40,105,7171.2,2019.2,5152.0,SUNDAY,NH,H,HHW
Mount Road ATM,13-07-2014,153,49,104,6152.0,2633.6,3518.4,SUNDAY,NH,H,HHW
Airport ATM,13-07-2014,105,80,25,4996.8,4160.0,836.8000000000001,SUNDAY,NH,H,HHW
KK Nagar ATM,13-07-2014,210,147,63,9443.2,6313.6,3129.6,SUNDAY,NH,H,HHW
Christ College ATM,13-07-2014,78,31,47,3208.0,1662.4,1545.6000000000001,SUNDAY,NH,H,HHW
Big Street ATM,14-07-2014,102,36,66,5396.8,2286.4,3110.4,MONDAY,NH,W,HWW
Mount Road ATM,14-07-2014,185,104,81,9697.6,5937.6,3760.0,MONDAY,NH,W,HWW
Airport ATM,14-07-2014,153,111,42,15171.2,13006.4,2164.8,MONDAY,NH,W,HWW
KK Nagar ATM,14-07-2014,410,286,124,28348.8,22164.8,6184.0,MONDAY,NH,W,HWW
Christ College ATM,14-07-2014,193,66,127,13664.0,5699.2,7964.8,MONDAY,NH,W,HWW
Big Street ATM,15-07-2014,74,26,48,3916.8,1872.0,2044.8,TUESDAY,NH,W,WWW
Mount Road ATM,15-07-2014,178,85,93,10523.2,5291.2,5232.0,TUESDAY,NH,W,WWW
Airport ATM,15-07-2014,107,86,21,8598.4,7616.0,982.4,TUESDAY,NH,W,WWW
KK Nagar ATM,15-07-2014,280,218,62,23236.8,18793.600000000002,4443.2,TUESDAY,NH,W,WWW
Christ College ATM,15-07-2014,156,55,101,13092.800000000001,5102.400000000001,7990.400000000001,TUESDAY,NH,W,WWW
Big Street ATM,16-07-2014,115,33,82,6425.6,3164.8,3260.8,WEDNESDAY,NH,W,WWW
Mount Road ATM,16-07-2014,167,84,83,9155.2,5476.8,3678.4,WEDNESDAY,NH,W,WWW
Airport ATM,16-07-2014,89,77,12,7516.8,6657.6,859.2,WEDNESDAY,NH,W,WWW
KK Nagar ATM,16-07-2014,281,209,72,21052.8,17006.4,4046.4,WEDNESDAY,NH,W,WWW
Christ College ATM,16-07-2014,138,71,67,10262.4,6048.0,4214.4,WEDNESDAY,NH,W,WWW
Big Street ATM,17-07-2014,100,33,67,5769.6,3235.2000000000003,2534.4,THURSDAY,NH,W,WWW
Mount Road ATM,17-07-2014,167,83,84,9012.800000000001,3723.2000000000003,5289.6,THURSDAY,NH,W,WWW
Airport ATM,17-07-2014,117,96,21,10000.0,8696.0,1304.0,THURSDAY,NH,W,WWW
KK Nagar ATM,17-07-2014,269,200,69,20075.2,15214.4,4860.8,THURSDAY,NH,W,WWW
Christ College ATM,17-07-2014,107,56,51,8782.4,5144.0,3638.4,THURSDAY,NH,W,WWW
Big Street ATM,18-07-2014,98,29,69,5627.2,2883.2000000000003,2744.0,FRIDAY,NH,W,WWH
Mount Road ATM,18-07-2014,162,80,82,8406.4,4809.6,3596.8,FRIDAY,NH,W,WWH
Airport ATM,18-07-2014,95,74,21,7363.2,5908.8,1454.4,FRIDAY,NH,W,WWH
KK Nagar ATM,18-07-2014,235,179,56,14944.0,12129.6,2814.4,FRIDAY,NH,W,WWH
Christ College ATM,18-07-2014,116,52,64,8852.800000000001,5340.8,3512.0,FRIDAY,NH,W,WWH
Big Street ATM,19-07-2014,134,47,87,6088.0,2995.2000000000003,3092.8,SATURDAY,NH,H,WHH
Mount Road ATM,19-07-2014,278,107,171,15148.800000000001,7313.6,7835.2,SATURDAY,NH,H,WHH
Airport ATM,19-07-2014,141,114,27,9092.800000000001,7892.8,1200.0,SATURDAY,NH,H,WHH
KK Nagar ATM,19-07-2014,193,123,70,10788.800000000001,6182.400000000001,4606.400000000001,SATURDAY,NH,H,WHH
Christ College ATM,19-07-2014,158,75,83,13801.6,8561.6,5240.0,SATURDAY,NH,H,WHH
Big Street ATM,20-07-2014,122,28,94,5225.6,1646.4,3579.2000000000003,SUNDAY,NH,H,HHW
Mount Road ATM,20-07-2014,169,49,120,8468.8,3748.8,4720.0,SUNDAY,NH,H,HHW
Airport ATM,20-07-2014,120,73,47,8036.8,6558.400000000001,1478.4,SUNDAY,NH,H,HHW
KK Nagar ATM,20-07-2014,126,90,36,6961.6,4492.8,2468.8,SUNDAY,NH,H,HHW
Christ College ATM,20-07-2014,115,26,89,6784.0,1840.0,4944.0,SUNDAY,NH,H,HHW
Big Street ATM,21-07-2014,99,33,66,4806.400000000001,1888.0,2918.4,MONDAY,NH,W,HWW
Mount Road ATM,21-07-2014,206,111,95,14828.800000000001,10739.2,4089.6,MONDAY,NH,W,HWW
Airport ATM,21-07-2014,48,37,11,2136.0,1968.0,168.0,MONDAY,NH,W,HWW
KK Nagar ATM,21-07-2014,259,185,74,17841.600000000002,13371.2,4470.400000000001,MONDAY,NH,W,HWW
Christ College ATM,21-07-2014,91,40,51,7728.0,4368.0,3360.0,MONDAY,NH,W,HWW
Big Street ATM,22-07-2014,101,36,65,5219.2,2356.8,2862.4,TUESDAY,NH,W,WWW
Mount Road ATM,22-07-2014,185,79,106,9737.6,5748.8,3988.8,TUESDAY,NH,W,WWW
Airport ATM,22-07-2014,108,81,27,9641.6,8348.8,1292.8,TUESDAY,NH,W,WWW
KK Nagar ATM,22-07-2014,241,189,52,21825.600000000002,18692.8,3132.8,TUESDAY,NH,W,WWW
Christ College ATM,22-07-2014,95,50,45,6976.0,4515.2,2460.8,TUESDAY,NH,W,WWW
Big Street ATM,23-07-2014,114,35,79,5606.400000000001,3212.8,2393.6,WEDNESDAY,NH,W,WWW
Mount Road ATM,23-07-2014,179,82,97,10340.800000000001,6860.8,3480.0,WEDNESDAY,NH,W,WWW
Airport ATM,23-07-2014,144,121,23,11048.0,9800.0,1248.0,WEDNESDAY,NH,W,WWW
KK Nagar ATM,23-07-2014,239,163,76,19953.600000000002,14536.0,5417.6,WEDNESDAY,NH,W,WWW
Christ College ATM,23-07-2014,105,51,54,7555.2,5238.400000000001,2316.8,WEDNESDAY,NH,W,WWW
Big Street ATM,24-07-2014,125,33,92,6185.6,2088.0,4097.6,THURSDAY,NH,W,WWW
Mount Road ATM,24-07-2014,171,77,94,10628.800000000001,5459.2,5169.6,THURSDAY,NH,W,WWW
Airport ATM,24-07-2014,54,41,13,3998.4,3774.4,224.0,THURSDAY,NH,W,WWW
KK Nagar ATM,24-07-2014,275,208,67,19252.8,16323.2,2929.6,THURSDAY,NH,W,WWW
Christ College ATM,24-07-2014,119,47,72,7520.0,3750.4,3769.6,THURSDAY,NH,W,WWW
Big Street ATM,25-07-2014,108,38,70,6473.6,3678.4,2795.2000000000003,FRIDAY,NH,W,WWH
Mount Road ATM,25-07-2014,180,88,92,11720.0,7353.6,4366.4,FRIDAY,NH,W,WWH
Airport ATM,25-07-2014,96,81,15,10880.0,10337.6,542.4,FRIDAY,NH,W,WWH
KK Nagar ATM,25-07-2014,209,165,44,14672.0,12355.2,2316.8,FRIDAY,NH,W,WWH
Christ College ATM,25-07-2014,119,57,62,8073.6,4857.6,3216.0,FRIDAY,NH,W,WWH
Big Street ATM,26-07-2014,94,21,73,5070.400000000001,1702.4,3368.0,SATURDAY,NH,H,WHH
Mount Road ATM,26-07-2014,286,116,170,17017.6,8227.2,8790.4,SATURDAY,NH,H,WHH
Airport ATM,26-07-2014,109,84,25,8713.6,7707.2,1006.4,SATURDAY,NH,H,WHH
KK Nagar ATM,26-07-2014,271,211,60,20827.2,16552.0,4275.2,SATURDAY,NH,H,WHH
Christ College ATM,26-07-2014,120,50,70,5908.8,2740.8,3168.0,SATURDAY,NH,H,WHH
Big Street ATM,27-07-2014,80,16,64,3265.6,976.0,2289.6,SUNDAY,NH,H,HHW
Mount Road ATM,27-07-2014,148,55,93,6219.2,2520.0,3699.2000000000003,SUNDAY,NH,H,HHW
Airport ATM,27-07-2014,103,73,30,8027.2,6564.8,1462.4,SUNDAY,NH,H,HHW
KK Nagar ATM,27-07-2014,106,70,36,5838.400000000001,3904.0,1934.4,SUNDAY,NH,H,HHW
Christ College ATM,27-07-2014,60,27,33,2683.2000000000003,1331.2,1352.0,SUNDAY,NH,H,HHW
Big Street ATM,28-07-2014,115,38,77,5312.0,2491.2000000000003,2820.8,MONDAY,NH,W,HWH
Mount Road ATM,28-07-2014,155,92,63,10419.2,7568.0,2851.2000000000003,MONDAY,NH,W,HWH
Airport ATM,28-07-2014,113,89,24,7321.6,7014.400000000001,307.2,MONDAY,NH,W,HWH
KK Nagar ATM,28-07-2014,308,222,86,23113.600000000002,18684.8,4428.8,MONDAY,NH,W,HWH
Christ College ATM,28-07-2014,119,64,55,7937.6,5283.2,2654.4,MONDAY,NH,W,HWH
Big Street ATM,29-07-2014,48,10,38,2638.4,928.0,1710.4,TUESDAY,M,H,WHW
Mount Road ATM,29-07-2014,110,52,58,5896.0,3585.6,2310.4,TUESDAY,M,H,WHW
Airport ATM,29-07-2014,91,67,24,6294.400000000001,4968.0,1326.4,TUESDAY,M,H,WHW
KK Nagar ATM,29-07-2014,161,117,44,10795.2,8750.4,2044.8,TUESDAY,M,H,WHW
Christ College ATM,29-07-2014,75,36,39,3697.6,2800.0,897.6,TUESDAY,M,H,WHW
Big Street ATM,30-07-2014,103,29,74,4608.0,1691.2,2916.8,WEDNESDAY,NH,W,HWW
Mount Road ATM,30-07-2014,200,108,92,13425.6,9705.6,3720.0,WEDNESDAY,NH,W,HWW
Airport ATM,30-07-2014,106,85,21,9921.6,9243.2,678.4,WEDNESDAY,NH,W,HWW
KK Nagar ATM,30-07-2014,232,167,65,17875.2,13403.2,4472.0,WEDNESDAY,NH,W,HWW
Christ College ATM,30-07-2014,100,36,64,6188.8,2497.6,3691.2000000000003,WEDNESDAY,NH,W,HWW
Big Street ATM,31-07-2014,114,30,84,6785.6,2318.4,4467.2,THURSDAY,NH,W,WWW
Mount Road ATM,31-07-2014,226,116,110,15420.800000000001,9241.6,6179.2,THURSDAY,NH,W,WWW
Airport ATM,31-07-2014,43,35,8,3408.0,2932.8,475.2,THURSDAY,NH,W,WWW
KK Nagar ATM,31-07-2014,302,236,66,25707.2,21982.4,3724.8,THURSDAY,NH,W,WWW
Christ College ATM,31-07-2014,157,60,97,11768.0,5168.0,6600.0,THURSDAY,NH,W,WWW
Big Street ATM,1/8/2014,150,31,119,8451.2,1819.2,6632.0,FRIDAY,NH,W,WWH
Mount Road ATM,1/8/2014,265,116,149,16934.4,7046.400000000001,9888.0,FRIDAY,NH,W,WWH
Airport ATM,1/8/2014,121,83,38,11876.800000000001,9304.0,2572.8,FRIDAY,NH,W,WWH
KK Nagar ATM,1/8/2014,286,211,75,24912.0,19620.8,5291.2,FRIDAY,NH,W,WWH
Christ College ATM,1/8/2014,174,52,122,13844.800000000001,3534.4,10310.4,FRIDAY,NH,W,WWH
Big Street ATM,2/8/2014,149,35,114,8820.800000000001,1681.6000000000001,7139.2,SATURDAY,NH,H,WHH
Mount Road ATM,2/8/2014,270,90,180,15233.6,6862.400000000001,8371.2,SATURDAY,NH,H,WHH
Airport ATM,2/8/2014,116,87,29,9742.4,8121.6,1620.8,SATURDAY,NH,H,WHH
KK Nagar ATM,2/8/2014,324,205,119,24806.4,16748.8,8057.6,SATURDAY,NH,H,WHH
Christ College ATM,2/8/2014,223,83,140,18601.600000000002,7915.2,10686.4,SATURDAY,NH,H,WHH
Big Street ATM,3/8/2014,71,16,55,1593.6000000000001,417.6,1176.0,SUNDAY,NH,H,HHW
Mount Road ATM,3/8/2014,161,46,115,8105.6,3392.0,4713.6,SUNDAY,NH,H,HHW
Airport ATM,3/8/2014,90,71,19,6697.6,5619.2,1078.4,SUNDAY,NH,H,HHW
KK Nagar ATM,3/8/2014,137,80,57,8192.0,4257.6,3934.4,SUNDAY,NH,H,HHW
Christ College ATM,3/8/2014,191,49,142,14046.4,4809.6,9236.800000000001,SUNDAY,NH,H,HHW
Big Street ATM,4/8/2014,151,38,113,10227.2,2529.6,7697.6,MONDAY,NH,W,HWW
Mount Road ATM,4/8/2014,201,108,93,11672.0,6780.8,4891.2,MONDAY,NH,W,HWW
Airport ATM,4/8/2014,22,14,8,1265.6000000000001,937.6,328.0,MONDAY,NH,W,HWW
KK Nagar ATM,4/8/2014,326,204,122,25580.8,15990.4,9590.4,MONDAY,NH,W,HWW
Christ College ATM,4/8/2014,228,73,155,19680.0,6414.400000000001,13265.6,MONDAY,NH,W,HWW
Big Street ATM,5/8/2014,159,42,117,9516.800000000001,2798.4,6718.400000000001,TUESDAY,NH,W,WWW
Mount Road ATM,5/8/2014,213,119,94,12473.6,6942.400000000001,5531.2,TUESDAY,NH,W,WWW
Airport ATM,5/8/2014,94,70,24,10366.4,7788.8,2577.6,TUESDAY,NH,W,WWW
KK Nagar ATM,5/8/2014,274,196,78,22043.2,16132.800000000001,5910.400000000001,TUESDAY,NH,W,WWW
Christ College ATM,5/8/2014,167,64,103,12510.4,5430.400000000001,7080.0,TUESDAY,NH,W,WWW
Big Street ATM,6/8/2014,138,37,101,8401.6,2689.6,5712.0,WEDNESDAY,NH,W,WWW
Mount Road ATM,6/8/2014,223,125,98,13779.2,7420.8,6358.400000000001,WEDNESDAY,NH,W,WWW
Airport ATM,6/8/2014,73,50,23,5776.0,4659.2,1116.8,WEDNESDAY,NH,W,WWW
KK Nagar ATM,6/8/2014,280,209,71,23825.600000000002,19358.4,4467.2,WEDNESDAY,NH,W,WWW
Christ College ATM,6/8/2014,159,65,94,10998.4,5315.2,5683.2,WEDNESDAY,NH,W,WWW
Big Street ATM,7/8/2014,147,35,112,7099.2,1160.0,5939.2,THURSDAY,NH,W,WWW
Mount Road ATM,7/8/2014,223,122,101,13747.2,8041.6,5705.6,THURSDAY,NH,W,WWW
Airport ATM,7/8/2014,119,97,22,9270.4,8091.2,1179.2,THURSDAY,NH,W,WWW
KK Nagar ATM,7/8/2014,271,193,78,18556.8,14016.0,4540.8,THURSDAY,NH,W,WWW
Christ College ATM,7/8/2014,202,58,144,16406.4,6884.8,9521.6,THURSDAY,NH,W,WWW
Big Street ATM,8/8/2014,131,36,95,8648.0,3830.4,4817.6,FRIDAY,NH,W,WWH
Mount Road ATM,8/8/2014,182,96,86,13470.4,7220.8,6249.6,FRIDAY,NH,W,WWH
Airport ATM,8/8/2014,97,71,26,10452.800000000001,8601.6,1851.2,FRIDAY,NH,W,WWH
KK Nagar ATM,8/8/2014,272,191,81,21172.8,15614.4,5558.400000000001,FRIDAY,NH,W,WWH
Christ College ATM,8/8/2014,167,59,108,10585.6,5246.400000000001,5339.2,FRIDAY,NH,W,WWH
Big Street ATM,9/8/2014,87,30,57,4256.0,1889.6000000000001,2366.4,SATURDAY,NH,H,WHH
Mount Road ATM,9/8/2014,265,119,146,16072.0,8176.0,7896.0,SATURDAY,NH,H,WHH
Airport ATM,9/8/2014,92,67,25,6926.400000000001,5699.2,1227.2,SATURDAY,NH,H,WHH
KK Nagar ATM,9/8/2014,339,251,88,25835.2,19680.0,6155.2,SATURDAY,NH,H,WHH
Christ College ATM,9/8/2014,160,76,84,13152.0,7334.400000000001,5817.6,SATURDAY,NH,H,WHH
Mount Road ATM,10/8/2014,246,56,190,8699.2,1995.2,6704.0,SUNDAY,NH,H,HHW
Airport ATM,10/8/2014,103,69,34,7025.6,4958.400000000001,2067.2,SUNDAY,NH,H,HHW
KK Nagar ATM,10/8/2014,166,111,55,8681.6,5640.0,3041.6,SUNDAY,NH,H,HHW
Christ College ATM,10/8/2014,173,53,120,10222.4,3374.4,6848.0,SUNDAY,NH,H,HHW
Big Street ATM,11/8/2014,50,17,33,2192.0,828.8000000000001,1363.2,MONDAY,NH,W,HWW
Mount Road ATM,11/8/2014,253,114,139,13883.2,7508.8,6374.400000000001,MONDAY,NH,W,HWW
Airport ATM,11/8/2014,135,100,35,11926.4,10148.800000000001,1777.6000000000001,MONDAY,NH,W,HWW
KK Nagar ATM,11/8/2014,251,180,71,21027.2,16244.800000000001,4782.400000000001,MONDAY,NH,W,HWW
Christ College ATM,11/8/2014,182,54,128,9548.800000000001,3801.6,5747.2,MONDAY,NH,W,HWW
Big Street ATM,12/8/2014,82,35,47,4496.0,1689.6000000000001,2806.4,TUESDAY,NH,W,WWW
Mount Road ATM,12/8/2014,178,105,73,10668.800000000001,6966.400000000001,3702.4,TUESDAY,NH,W,WWW
Airport ATM,12/8/2014,103,76,27,8814.4,7534.400000000001,1280.0,TUESDAY,NH,W,WWW
KK Nagar ATM,12/8/2014,290,211,79,21969.600000000002,17302.4,4667.2,TUESDAY,NH,W,WWW
Christ College ATM,12/8/2014,130,46,84,7467.2,1969.6000000000001,5497.6,TUESDAY,NH,W,WWW
Big Street ATM,13-08-2014,30,4,26,1475.2,129.6,1345.6000000000001,WEDNESDAY,NH,W,WWW
Mount Road ATM,13-08-2014,164,83,81,6992.0,3270.4,3721.6,WEDNESDAY,NH,W,WWW
Airport ATM,13-08-2014,112,81,31,7761.6,6187.2,1574.4,WEDNESDAY,NH,W,WWW
KK Nagar ATM,13-08-2014,270,207,63,22897.600000000002,19510.4,3387.2000000000003,WEDNESDAY,NH,W,WWW
Christ College ATM,13-08-2014,158,43,115,8564.8,3340.8,5224.0,WEDNESDAY,NH,W,WWW
Big Street ATM,14-08-2014,113,41,72,6392.0,2899.2000000000003,3492.8,THURSDAY,NH,W,WWH
Mount Road ATM,14-08-2014,225,133,92,13304.0,9489.6,3814.4,THURSDAY,NH,W,WWH
Airport ATM,14-08-2014,139,109,30,10568.0,9220.800000000001,1347.2,THURSDAY,NH,W,WWH
KK Nagar ATM,14-08-2014,277,211,66,20528.0,17304.0,3224.0,THURSDAY,NH,W,WWH
Christ College ATM,14-08-2014,212,66,146,14483.2,6849.6,7633.6,THURSDAY,NH,W,WWH
Big Street ATM,15-08-2014,104,26,78,4931.2,1947.2,2984.0,FRIDAY,N,H,WHH
Mount Road ATM,15-08-2014,150,42,108,6835.2,1899.2,4936.0,FRIDAY,N,H,WHH
Airport ATM,15-08-2014,84,67,17,5878.400000000001,5292.8,585.6,FRIDAY,N,H,WHH
KK Nagar ATM,15-08-2014,169,113,56,9969.6,6867.2,3102.4,FRIDAY,N,H,WHH
Christ College ATM,15-08-2014,100,32,68,5844.8,2158.4,3686.4,FRIDAY,N,H,WHH
Big Street ATM,16-08-2014,106,34,72,5915.2,2406.4,3508.8,SATURDAY,NH,H,HHH
Mount Road ATM,16-08-2014,157,84,73,8100.8,4515.2,3585.6,SATURDAY,NH,H,HHH
Airport ATM,16-08-2014,92,74,18,7550.400000000001,6555.2,995.2,SATURDAY,NH,H,HHH
KK Nagar ATM,16-08-2014,331,213,118,24096.0,14944.0,9152.0,SATURDAY,NH,H,HHH
Christ College ATM,16-08-2014,186,80,106,15864.0,8528.0,7336.0,SATURDAY,NH,H,HHH
Big Street ATM,17-08-2014,122,34,88,6246.400000000001,2739.2000000000003,3507.2000000000003,SUNDAY,H,H,HHW
Mount Road ATM,17-08-2014,128,45,83,6561.6,3251.2000000000003,3310.4,SUNDAY,H,H,HHW
Airport ATM,17-08-2014,82,54,28,3856.0,3254.4,601.6,SUNDAY,H,H,HHW
KK Nagar ATM,17-08-2014,147,98,49,8100.8,5329.6,2771.2000000000003,SUNDAY,H,H,HHW
Christ College ATM,17-08-2014,136,44,92,7414.400000000001,2851.2000000000003,4563.2,SUNDAY,H,H,HHW
Big Street ATM,18-08-2014,82,32,50,3033.6,1619.2,1414.4,MONDAY,NH,W,HWW
Mount Road ATM,18-08-2014,177,91,86,10225.6,6376.0,3849.6,MONDAY,NH,W,HWW
Airport ATM,18-08-2014,65,53,12,3497.6,3260.8,236.8,MONDAY,NH,W,HWW
KK Nagar ATM,18-08-2014,292,219,73,21859.2,17576.0,4283.2,MONDAY,NH,W,HWW
Christ College ATM,18-08-2014,164,49,115,9481.6,3899.2000000000003,5582.400000000001,MONDAY,NH,W,HWW
Big Street ATM,19-08-2014,90,36,54,5249.6,3035.2000000000003,2214.4,TUESDAY,NH,W,WWW
Mount Road ATM,19-08-2014,173,89,84,8644.8,4624.0,4020.8,TUESDAY,NH,W,WWW
Airport ATM,19-08-2014,114,89,25,10540.800000000001,8884.800000000001,1656.0,TUESDAY,NH,W,WWW
KK Nagar ATM,19-08-2014,278,214,64,24364.8,19384.0,4980.8,TUESDAY,NH,W,WWW
Christ College ATM,19-08-2014,142,57,85,7064.0,3755.2000000000003,3308.8,TUESDAY,NH,W,WWW
Big Street ATM,20-08-2014,107,49,58,5632.0,3443.2000000000003,2188.8,WEDNESDAY,NH,W,WWW
Mount Road ATM,20-08-2014,164,93,71,10803.2,6734.400000000001,4068.8,WEDNESDAY,NH,W,WWW
Airport ATM,20-08-2014,49,44,5,5408.0,5291.2,116.8,WEDNESDAY,NH,W,WWW
KK Nagar ATM,20-08-2014,253,206,47,21675.2,18552.0,3123.2000000000003,WEDNESDAY,NH,W,WWW
Christ College ATM,20-08-2014,125,46,79,9489.6,4750.400000000001,4739.2,WEDNESDAY,NH,W,WWW
Big Street ATM,21-08-2014,93,25,68,4675.2,1736.0,2939.2000000000003,THURSDAY,NH,W,WWW
Mount Road ATM,21-08-2014,171,106,65,8833.6,6360.0,2473.6,THURSDAY,NH,W,WWW
Airport ATM,21-08-2014,88,71,17,5872.0,5432.0,440.0,THURSDAY,NH,W,WWW
KK Nagar ATM,21-08-2014,249,182,67,17148.8,12929.6,4219.2,THURSDAY,NH,W,WWW
Christ College ATM,21-08-2014,140,52,88,11326.4,6883.2,4443.2,THURSDAY,NH,W,WWW
Big Street ATM,22-08-2014,108,35,73,6380.8,3238.4,3142.4,FRIDAY,NH,W,WWH
Mount Road ATM,22-08-2014,133,80,53,6713.6,4582.400000000001,2131.2,FRIDAY,NH,W,WWH
Airport ATM,22-08-2014,118,85,33,7473.6,5368.0,2105.6,FRIDAY,NH,W,WWH
KK Nagar ATM,22-08-2014,220,155,65,13870.4,10081.6,3788.8,FRIDAY,NH,W,WWH
Christ College ATM,22-08-2014,155,54,101,9756.800000000001,3388.8,6368.0,FRIDAY,NH,W,WWH
Big Street ATM,23-08-2014,106,27,79,5361.6,1664.0,3697.6,SATURDAY,NH,H,WHH
Mount Road ATM,23-08-2014,184,80,104,9433.6,4972.8,4460.8,SATURDAY,NH,H,WHH
Airport ATM,23-08-2014,87,74,13,8243.2,7526.400000000001,716.8000000000001,SATURDAY,NH,H,WHH
KK Nagar ATM,23-08-2014,225,178,47,19697.600000000002,17376.0,2321.6,SATURDAY,NH,H,WHH
Christ College ATM,23-08-2014,221,65,156,12561.6,5291.2,7270.400000000001,SATURDAY,NH,H,WHH
Big Street ATM,24-08-2014,115,28,87,5028.8,1806.4,3222.4,SUNDAY,NH,H,HHW
Mount Road ATM,24-08-2014,97,45,52,3385.6,1830.4,1555.2,SUNDAY,NH,H,HHW
Airport ATM,24-08-2014,105,65,40,5094.400000000001,3139.2000000000003,1955.2,SUNDAY,NH,H,HHW
KK Nagar ATM,24-08-2014,133,102,31,7512.0,5846.400000000001,1665.6000000000001,SUNDAY,NH,H,HHW
Christ College ATM,24-08-2014,125,34,91,5788.8,1924.8,3864.0,SUNDAY,NH,H,HHW
Big Street ATM,25-08-2014,84,30,54,3942.4,1446.4,2496.0,MONDAY,NH,W,HWW
Mount Road ATM,25-08-2014,176,101,75,11091.2,7492.8,3598.4,MONDAY,NH,W,HWW
Airport ATM,25-08-2014,105,74,31,8132.8,5737.6,2395.2000000000003,MONDAY,NH,W,HWW
KK Nagar ATM,25-08-2014,257,193,64,18875.2,13937.6,4937.6,MONDAY,NH,W,HWW
Christ College ATM,25-08-2014,137,46,91,9131.2,3553.6,5577.6,MONDAY,NH,W,HWW
Big Street ATM,26-08-2014,73,25,48,3585.6,1560.0,2025.6000000000001,TUESDAY,NH,W,WWW
Mount Road ATM,26-08-2014,181,116,65,11248.0,8097.6,3150.4,TUESDAY,NH,W,WWW
Airport ATM,26-08-2014,110,88,22,8556.8,7232.0,1324.8,TUESDAY,NH,W,WWW
KK Nagar ATM,26-08-2014,288,209,79,22896.0,17472.0,5424.0,TUESDAY,NH,W,WWW
Christ College ATM,26-08-2014,127,53,74,10168.0,5563.2,4604.8,TUESDAY,NH,W,WWW
Big Street ATM,27-08-2014,101,38,63,5905.6,1883.2,4022.4,WEDNESDAY,NH,W,WWW
Mount Road ATM,27-08-2014,190,117,73,10265.6,6510.400000000001,3755.2000000000003,WEDNESDAY,NH,W,WWW
Airport ATM,27-08-2014,77,63,14,5993.6,5392.0,601.6,WEDNESDAY,NH,W,WWW
KK Nagar ATM,27-08-2014,301,224,77,21440.0,16244.800000000001,5195.2,WEDNESDAY,NH,W,WWW
Christ College ATM,27-08-2014,147,52,95,10168.0,5390.400000000001,4777.6,WEDNESDAY,NH,W,WWW
Big Street ATM,28-08-2014,133,50,83,8886.4,4785.6,4100.8,THURSDAY,NH,W,WWH
Mount Road ATM,28-08-2014,183,103,80,10368.0,5116.8,5251.2,THURSDAY,NH,W,WWH
Airport ATM,28-08-2014,105,77,28,8998.4,7209.6,1788.8,THURSDAY,NH,W,WWH
KK Nagar ATM,28-08-2014,284,195,89,24451.2,18193.600000000002,6257.6,THURSDAY,NH,W,WWH
Christ College ATM,28-08-2014,237,65,172,15584.0,5537.6,10046.4,THURSDAY,NH,W,WWH
Big Street ATM,29-08-2014,75,19,56,3216.0,1224.0,1992.0,FRIDAY,H,H,WHH
Mount Road ATM,29-08-2014,108,45,63,5796.8,2988.8,2808.0,FRIDAY,H,H,WHH
Airport ATM,29-08-2014,66,48,18,4801.6,4526.400000000001,275.2,FRIDAY,H,H,WHH
KK Nagar ATM,29-08-2014,197,140,57,13297.6,9225.6,4072.0,FRIDAY,H,H,WHH
Christ College ATM,29-08-2014,112,27,85,8044.8,3120.0,4924.8,FRIDAY,H,H,WHH
Big Street ATM,30-08-2014,73,21,52,4361.6,1160.0,3201.6,SATURDAY,NH,H,HHH
Mount Road ATM,30-08-2014,234,118,116,15086.4,10160.0,4926.400000000001,SATURDAY,NH,H,HHH
Airport ATM,30-08-2014,126,94,32,13457.6,11353.6,2104.0,SATURDAY,NH,H,HHH
KK Nagar ATM,30-08-2014,407,224,183,26742.4,14475.2,12267.2,SATURDAY,NH,H,HHH
Christ College ATM,30-08-2014,269,64,205,19520.0,4486.400000000001,15033.6,SATURDAY,NH,H,HHH
Big Street ATM,31-08-2014,92,19,73,4635.2,1304.0,3331.2000000000003,SUNDAY,NH,H,HHW
Mount Road ATM,31-08-2014,178,72,106,8798.4,4683.2,4115.2,SUNDAY,NH,H,HHW
Airport ATM,31-08-2014,91,69,22,7572.8,6404.8,1168.0,SUNDAY,NH,H,HHW
KK Nagar ATM,31-08-2014,190,105,85,13126.4,7144.0,5982.400000000001,SUNDAY,NH,H,HHW
Christ College ATM,31-08-2014,186,27,159,9590.4,1144.0,8446.4,SUNDAY,NH,H,HHW
Big Street ATM,1/9/2014,140,32,108,8912.0,2203.2000000000003,6708.8,MONDAY,NH,W,HWW
Mount Road ATM,1/9/2014,219,112,107,15728.0,10456.0,5272.0,MONDAY,NH,W,HWW
Airport ATM,1/9/2014,99,79,20,8472.0,7304.0,1168.0,MONDAY,NH,W,HWW
KK Nagar ATM,1/9/2014,340,200,140,27537.600000000002,15363.2,12174.4,MONDAY,NH,W,HWW
Christ College ATM,1/9/2014,215,54,161,15313.6,3516.8,11796.800000000001,MONDAY,NH,W,HWW
Big Street ATM,2/9/2014,105,26,79,6251.2,2556.8,3694.4,TUESDAY,NH,W,WWW
Mount Road ATM,2/9/2014,207,86,121,14280.0,8348.8,5931.2,TUESDAY,NH,W,WWW
Airport ATM,2/9/2014,112,88,24,11576.0,10062.4,1513.6000000000001,TUESDAY,NH,W,WWW
KK Nagar ATM,2/9/2014,337,203,134,29705.600000000002,19553.600000000002,10152.0,TUESDAY,NH,W,WWW
Christ College ATM,2/9/2014,173,64,109,13524.800000000001,5462.400000000001,8062.400000000001,TUESDAY,NH,W,WWW
Big Street ATM,3/9/2014,109,24,85,6649.6,2372.8,4276.8,WEDNESDAY,NH,W,WWW
Mount Road ATM,3/9/2014,208,109,99,15492.800000000001,9856.0,5636.8,WEDNESDAY,NH,W,WWW
Airport ATM,3/9/2014,85,65,20,7088.0,6292.8,795.2,WEDNESDAY,NH,W,WWW
KK Nagar ATM,3/9/2014,291,209,82,26984.0,19529.600000000002,7454.400000000001,WEDNESDAY,NH,W,WWW
Christ College ATM,3/9/2014,191,62,129,14465.6,5584.0,8881.6,WEDNESDAY,NH,W,WWW
Big Street ATM,4/9/2014,118,51,67,7896.0,4120.0,3776.0,THURSDAY,NH,W,WWW
Mount Road ATM,4/9/2014,233,101,132,15960.0,7913.6,8046.400000000001,THURSDAY,NH,W,WWW
Airport ATM,4/9/2014,118,96,22,10454.4,8896.0,1558.4,THURSDAY,NH,W,WWW
KK Nagar ATM,4/9/2014,254,179,75,22699.2,16580.8,6118.400000000001,THURSDAY,NH,W,WWW
Christ College ATM,4/9/2014,250,81,169,19393.600000000002,6836.8,12556.800000000001,THURSDAY,NH,W,WWW
Big Street ATM,5/9/2014,121,40,81,6996.8,2598.4,4398.400000000001,FRIDAY,NH,W,WWH
Mount Road ATM,5/9/2014,226,105,121,13769.6,7112.0,6657.6,FRIDAY,NH,W,WWH
Airport ATM,5/9/2014,106,75,31,9700.800000000001,7166.400000000001,2534.4,FRIDAY,NH,W,WWH
KK Nagar ATM,5/9/2014,255,177,78,21011.2,14732.800000000001,6278.400000000001,FRIDAY,NH,W,WWH
Christ College ATM,5/9/2014,158,52,106,12454.4,4664.0,7790.400000000001,FRIDAY,NH,W,WWH
Big Street ATM,6/9/2014,120,28,92,5761.6,1902.4,3859.2000000000003,SATURDAY,NH,H,WHH
Mount Road ATM,6/9/2014,226,100,126,13804.800000000001,7401.6,6403.2,SATURDAY,NH,H,WHH
Airport ATM,6/9/2014,107,71,36,9995.2,7878.400000000001,2116.8,SATURDAY,NH,H,WHH
KK Nagar ATM,6/9/2014,329,232,97,26094.4,20467.2,5627.2,SATURDAY,NH,H,WHH
Christ College ATM,6/9/2014,231,69,162,17724.8,7145.6,10579.2,SATURDAY,NH,H,WHH
Big Street ATM,7/9/2014,113,23,90,5356.8,1347.2,4009.6,SUNDAY,NH,H,HHW
Mount Road ATM,7/9/2014,147,51,96,8022.400000000001,3118.4,4904.0,SUNDAY,NH,H,HHW
Airport ATM,7/9/2014,93,68,25,6924.8,6321.6,603.2,SUNDAY,NH,H,HHW
KK Nagar ATM,7/9/2014,144,90,54,8832.0,6553.6,2278.4,SUNDAY,NH,H,HHW
Christ College ATM,7/9/2014,259,42,217,14745.6,2068.8,12676.800000000001,SUNDAY,NH,H,HHW
Big Street ATM,8/9/2014,104,30,74,5804.8,2174.4,3630.4,MONDAY,NH,W,HWW
Mount Road ATM,8/9/2014,215,106,109,12956.800000000001,7966.400000000001,4990.400000000001,MONDAY,NH,W,HWW
Airport ATM,8/9/2014,138,95,43,12209.6,9681.6,2528.0,MONDAY,NH,W,HWW
KK Nagar ATM,8/9/2014,275,179,96,22664.0,17136.0,5528.0,MONDAY,NH,W,HWW
Christ College ATM,8/9/2014,251,57,194,17657.600000000002,5062.400000000001,12595.2,MONDAY,NH,W,HWW
Big Street ATM,9/9/2014,121,31,90,7704.0,2588.8,5115.2,TUESDAY,NH,W,WWW
Mount Road ATM,9/9/2014,221,131,90,13560.0,9118.4,4441.6,TUESDAY,NH,W,WWW
Airport ATM,9/9/2014,108,76,32,8568.0,6486.400000000001,2081.6,TUESDAY,NH,W,WWW
KK Nagar ATM,9/9/2014,276,205,71,21731.2,17164.8,4566.400000000001,TUESDAY,NH,W,WWW
Christ College ATM,9/9/2014,164,50,114,10689.6,3438.4,7251.2,TUESDAY,NH,W,WWW
Big Street ATM,10/9/2014,114,30,84,7014.400000000001,2542.4,4472.0,WEDNESDAY,NH,W,WWW
Mount Road ATM,10/9/2014,207,123,84,13947.2,10220.800000000001,3726.4,WEDNESDAY,NH,W,WWW
Airport ATM,10/9/2014,134,100,34,10838.4,8760.0,2078.4,WEDNESDAY,NH,W,WWW
KK Nagar ATM,10/9/2014,288,203,85,21712.0,17080.0,4632.0,WEDNESDAY,NH,W,WWW
Christ College ATM,10/9/2014,130,65,65,9963.2,6531.2,3432.0,WEDNESDAY,NH,W,WWW
Big Street ATM,11/9/2014,126,41,85,7038.400000000001,3598.4,3440.0,THURSDAY,NH,W,WWW
Mount Road ATM,11/9/2014,187,93,94,10681.6,6240.0,4441.6,THURSDAY,NH,W,WWW
Airport ATM,11/9/2014,91,63,28,6680.0,4468.8,2211.2000000000003,THURSDAY,NH,W,WWW
KK Nagar ATM,11/9/2014,216,146,70,15488.0,11169.6,4318.4,THURSDAY,NH,W,WWW
Christ College ATM,11/9/2014,120,46,74,7734.400000000001,3995.2000000000003,3739.2000000000003,THURSDAY,NH,W,WWW
Big Street ATM,12/9/2014,122,44,78,7849.6,3492.8,4356.8,FRIDAY,NH,W,WWH
Mount Road ATM,12/9/2014,151,89,62,6889.6,4073.6,2816.0,FRIDAY,NH,W,WWH
Airport ATM,12/9/2014,108,72,36,9318.4,7340.8,1977.6000000000001,FRIDAY,NH,W,WWH
KK Nagar ATM,12/9/2014,240,170,70,20228.8,15700.800000000001,4528.0,FRIDAY,NH,W,WWH
Christ College ATM,12/9/2014,167,47,120,10953.6,4139.2,6814.400000000001,FRIDAY,NH,W,WWH
Big Street ATM,13-09-2014,146,37,109,8088.0,2928.0,5160.0,SATURDAY,NH,H,WHH
Mount Road ATM,13-09-2014,190,100,90,7905.6,3848.0,4057.6,SATURDAY,NH,H,WHH
Airport ATM,13-09-2014,91,72,19,7640.0,7131.2,508.8,SATURDAY,NH,H,WHH
KK Nagar ATM,13-09-2014,274,184,90,20936.0,15238.4,5697.6,SATURDAY,NH,H,WHH
Christ College ATM,13-09-2014,186,66,120,14220.800000000001,7547.2,6673.6,SATURDAY,NH,H,WHH
Big Street ATM,14-09-2014,158,35,123,7238.400000000001,1996.8,5241.6,SUNDAY,NH,H,HHW
Mount Road ATM,14-09-2014,159,43,116,6060.8,1894.4,4166.4,SUNDAY,NH,H,HHW
Airport ATM,14-09-2014,62,36,26,4156.8,2275.2000000000003,1881.6000000000001,SUNDAY,NH,H,HHW
KK Nagar ATM,14-09-2014,214,132,82,14059.2,9753.6,4305.6,SUNDAY,NH,H,HHW
Christ College ATM,14-09-2014,155,50,105,9118.4,4227.2,4891.2,SUNDAY,NH,H,HHW
Big Street ATM,15-09-2014,123,31,92,5376.0,1819.2,3556.8,MONDAY,NH,W,HWW
Mount Road ATM,15-09-2014,167,106,61,11782.4,9182.4,2600.0,MONDAY,NH,W,HWW
Airport ATM,15-09-2014,109,79,30,8574.4,7444.8,1129.6000000000001,MONDAY,NH,W,HWW
KK Nagar ATM,15-09-2014,270,189,81,20801.600000000002,15875.2,4926.400000000001,MONDAY,NH,W,HWW
Christ College ATM,15-09-2014,197,56,141,13504.0,4681.6,8822.4,MONDAY,NH,W,HWW
Big Street ATM,16-09-2014,124,28,96,5169.6,1652.8,3516.8,TUESDAY,NH,W,WWW
Mount Road ATM,16-09-2014,141,93,48,6739.2,5273.6,1465.6000000000001,TUESDAY,NH,W,WWW
Airport ATM,16-09-2014,108,72,36,8702.4,6323.2,2379.2000000000003,TUESDAY,NH,W,WWW
KK Nagar ATM,16-09-2014,235,161,74,19382.4,14459.2,4923.2,TUESDAY,NH,W,WWW
Christ College ATM,16-09-2014,111,33,78,5980.8,2188.8,3792.0,TUESDAY,NH,W,WWW
Big Street ATM,17-09-2014,122,43,79,6100.8,2841.6,3259.2000000000003,WEDNESDAY,NH,W,WWW
Mount Road ATM,17-09-2014,191,108,83,10984.0,6686.400000000001,4297.6,WEDNESDAY,NH,W,WWW
Airport ATM,17-09-2014,6,6,0,1192.0,1192.0,0.0,WEDNESDAY,NH,W,WWW
KK Nagar ATM,17-09-2014,235,164,71,16160.0,11956.800000000001,4203.2,WEDNESDAY,NH,W,WWW
Christ College ATM,17-09-2014,151,69,82,11956.800000000001,7153.6,4803.2,WEDNESDAY,NH,W,WWW
Big Street ATM,18-09-2014,116,28,88,5577.6,1614.4,3963.2000000000003,THURSDAY,NH,W,WWW
Mount Road ATM,18-09-2014,164,100,64,9899.2,7465.6,2433.6,THURSDAY,NH,W,WWW
Airport ATM,18-09-2014,37,23,14,1793.6000000000001,1342.4,451.2,THURSDAY,NH,W,WWW
KK Nagar ATM,18-09-2014,238,167,71,16998.4,11291.2,5707.2,THURSDAY,NH,W,WWW
Christ College ATM,18-09-2014,160,49,111,8899.2,3534.4,5364.8,THURSDAY,NH,W,WWW
Big Street ATM,19-09-2014,118,39,79,5380.8,1988.8,3392.0,FRIDAY,NH,W,WWH
Mount Road ATM,19-09-2014,153,91,62,10675.2,7592.0,3083.2000000000003,FRIDAY,NH,W,WWH
Airport ATM,19-09-2014,61,48,13,3459.2000000000003,2963.2000000000003,496.0,FRIDAY,NH,W,WWH
KK Nagar ATM,19-09-2014,232,164,68,16544.0,12953.6,3590.4,FRIDAY,NH,W,WWH
Christ College ATM,19-09-2014,122,56,66,9985.6,6251.2,3734.4,FRIDAY,NH,W,WWH
Big Street ATM,20-09-2014,131,28,103,4609.6,1884.8,2724.8,SATURDAY,NH,H,WHH
Mount Road ATM,20-09-2014,192,109,83,11464.0,8302.4,3161.6,SATURDAY,NH,H,WHH
Airport ATM,20-09-2014,98,72,26,8001.6,6875.2,1126.4,SATURDAY,NH,H,WHH
KK Nagar ATM,20-09-2014,223,153,70,17918.4,13380.800000000001,4537.6,SATURDAY,NH,H,WHH
Christ College ATM,20-09-2014,151,57,94,12192.0,6195.2,5996.8,SATURDAY,NH,H,WHH
Big Street ATM,21-09-2014,131,38,93,6336.0,1984.0,4352.0,SUNDAY,NH,H,HHW
Mount Road ATM,21-09-2014,110,33,77,4916.8,2723.2000000000003,2193.6,SUNDAY,NH,H,HHW
Airport ATM,21-09-2014,72,52,20,5136.0,4184.0,952.0,SUNDAY,NH,H,HHW
KK Nagar ATM,21-09-2014,142,110,32,9148.800000000001,7817.6,1331.2,SUNDAY,NH,H,HHW
Christ College ATM,21-09-2014,75,20,55,2713.6,838.4,1875.2,SUNDAY,NH,H,HHW
Big Street ATM,22-09-2014,50,10,40,2336.0,892.8000000000001,1443.2,MONDAY,NH,W,HWW
Mount Road ATM,22-09-2014,143,88,55,7571.2,4867.2,2704.0,MONDAY,NH,W,HWW
Airport ATM,22-09-2014,97,75,22,8307.2,7452.8,854.4,MONDAY,NH,W,HWW
KK Nagar ATM,22-09-2014,218,162,56,15222.4,11204.800000000001,4017.6,MONDAY,NH,W,HWW
Christ College ATM,22-09-2014,144,58,86,7952.0,4001.6,3950.4,MONDAY,NH,W,HWW
Big Street ATM,23-09-2014,142,44,98,8236.8,3880.0,4356.8,TUESDAY,NH,W,WWW
Mount Road ATM,23-09-2014,124,75,49,8756.800000000001,6067.2,2689.6,TUESDAY,NH,W,WWW
Airport ATM,23-09-2014,25,19,6,603.2,486.40000000000003,116.8,TUESDAY,NH,W,WWW
KK Nagar ATM,23-09-2014,216,149,67,16321.6,11563.2,4758.400000000001,TUESDAY,NH,W,WWW
Christ College ATM,23-09-2014,97,39,58,6150.400000000001,3603.2000000000003,2547.2000000000003,TUESDAY,NH,W,WWW
Big Street ATM,24-09-2014,123,33,90,5884.8,1580.8,4304.0,WEDNESDAY,NH,W,WWW
Mount Road ATM,24-09-2014,213,116,97,13041.6,8944.0,4097.6,WEDNESDAY,NH,W,WWW
Airport ATM,24-09-2014,78,63,15,6787.2,5918.400000000001,868.8000000000001,WEDNESDAY,NH,W,WWW
KK Nagar ATM,24-09-2014,229,166,63,17259.2,13049.6,4209.6,WEDNESDAY,NH,W,WWW
Christ College ATM,24-09-2014,103,51,52,6305.6,4006.4,2299.2000000000003,WEDNESDAY,NH,W,WWW
Big Street ATM,25-09-2014,113,34,79,4408.0,1412.8,2995.2000000000003,THURSDAY,NH,W,WWW
Mount Road ATM,25-09-2014,214,116,98,12132.800000000001,7086.400000000001,5046.400000000001,THURSDAY,NH,W,WWW
Airport ATM,25-09-2014,75,63,12,7443.2,6691.2,752.0,THURSDAY,NH,W,WWW
KK Nagar ATM,25-09-2014,286,201,85,21801.600000000002,15779.2,6022.400000000001,THURSDAY,NH,W,WWW
Christ College ATM,25-09-2014,113,43,70,6492.8,3032.0,3460.8,THURSDAY,NH,W,WWW
Big Street ATM,26-09-2014,106,40,66,6540.8,3542.4,2998.4,FRIDAY,NH,W,WWH
Mount Road ATM,26-09-2014,196,85,111,9460.800000000001,3819.2000000000003,5641.6,FRIDAY,NH,W,WWH
Airport ATM,26-09-2014,109,72,37,7030.400000000001,5201.6,1828.8,FRIDAY,NH,W,WWH
KK Nagar ATM,26-09-2014,287,182,105,20006.4,13059.2,6947.2,FRIDAY,NH,W,WWH
Christ College ATM,26-09-2014,99,40,59,5569.6,2771.2000000000003,2798.4,FRIDAY,NH,W,WWH
Big Street ATM,27-09-2014,152,39,113,6544.0,2380.8,4163.2,SATURDAY,NH,H,WHH
Mount Road ATM,27-09-2014,137,69,68,7392.0,4012.8,3379.2000000000003,SATURDAY,NH,H,WHH
Airport ATM,27-09-2014,76,52,24,4376.0,3427.2000000000003,948.8000000000001,SATURDAY,NH,H,WHH
KK Nagar ATM,27-09-2014,149,108,41,10065.6,7235.2,2830.4,SATURDAY,NH,H,WHH
Christ College ATM,27-09-2014,124,39,85,8238.4,4209.6,4028.8,SATURDAY,NH,H,WHH
Big Street ATM,28-09-2014,58,14,44,3398.4,1897.6000000000001,1500.8,SUNDAY,NH,H,HHW
Mount Road ATM,28-09-2014,161,50,111,7195.2,2390.4,4804.8,SUNDAY,NH,H,HHW
Airport ATM,28-09-2014,82,49,33,3022.4,1776.0,1246.4,SUNDAY,NH,H,HHW
KK Nagar ATM,28-09-2014,198,109,89,9393.6,4728.0,4665.6,SUNDAY,NH,H,HHW
Christ College ATM,28-09-2014,223,52,171,13179.2,4096.0,9083.2,SUNDAY,NH,H,HHW
Big Street ATM,29-09-2014,43,10,33,2003.2,888.0,1115.2,MONDAY,NH,W,HWW
Mount Road ATM,29-09-2014,271,100,171,15366.4,8241.6,7124.8,MONDAY,NH,W,HWW
Airport ATM,29-09-2014,53,38,15,2459.2000000000003,2003.2,456.0,MONDAY,NH,W,HWW
KK Nagar ATM,29-09-2014,277,184,93,20262.4,14510.4,5752.0,MONDAY,NH,W,HWW
Christ College ATM,29-09-2014,265,53,212,17971.2,4526.400000000001,13444.800000000001,MONDAY,NH,W,HWW
Big Street ATM,30-09-2014,115,43,72,7472.0,4944.0,2528.0,TUESDAY,NH,W,WWW
Mount Road ATM,30-09-2014,240,134,106,18268.8,10891.2,7377.6,TUESDAY,NH,W,WWW
Airport ATM,30-09-2014,119,81,38,8024.0,5939.2,2084.8,TUESDAY,NH,W,WWW
KK Nagar ATM,30-09-2014,341,208,133,26075.2,16353.6,9721.6,TUESDAY,NH,W,WWW
Christ College ATM,30-09-2014,265,54,211,17040.0,4320.0,12720.0,TUESDAY,NH,W,WWW
Big Street ATM,1/10/2014,164,42,122,10745.6,3456.0,7289.6,WEDNESDAY,NH,W,WWH
Mount Road ATM,1/10/2014,246,128,118,18260.8,11008.0,7252.8,WEDNESDAY,NH,W,WWH
Airport ATM,1/10/2014,40,29,11,3387.2000000000003,2161.6,1225.6000000000001,WEDNESDAY,NH,W,WWH
KK Nagar ATM,1/10/2014,480,246,234,40796.8,21985.600000000002,18811.2,WEDNESDAY,NH,W,WWH
Christ College ATM,1/10/2014,266,55,211,21035.2,5528.0,15507.2,WEDNESDAY,NH,W,WWH
Big Street ATM,2/10/2014,52,15,37,2147.2,384.0,1763.2,THURSDAY,N,H,WHH
Mount Road ATM,2/10/2014,210,53,157,14388.800000000001,5625.6,8763.2,THURSDAY,N,H,WHH
KK Nagar ATM,2/10/2014,318,154,164,21524.8,9340.800000000001,12184.0,THURSDAY,N,H,WHH
Christ College ATM,2/10/2014,209,46,163,14499.2,2945.6,11553.6,THURSDAY,N,H,WHH
Big Street ATM,3/10/2014,2,2,0,3.2,3.2,0.0,FRIDAY,H,H,HHH
Mount Road ATM,3/10/2014,152,63,89,10840.0,6417.6,4422.400000000001,FRIDAY,H,H,HHH
KK Nagar ATM,3/10/2014,414,180,234,29246.4,11542.4,17704.0,FRIDAY,H,H,HHH
Christ College ATM,3/10/2014,18,0,18,1300.8,0.0,1300.8,FRIDAY,H,H,HHH
Big Street ATM,4/10/2014,49,14,35,3048.0,768.0,2280.0,SATURDAY,NH,H,HHH
Mount Road ATM,4/10/2014,249,81,168,15592.0,6388.8,9203.2,SATURDAY,NH,H,HHH
Airport ATM,4/10/2014,50,39,11,4868.8,4574.400000000001,294.40000000000003,SATURDAY,NH,H,HHH
KK Nagar ATM,4/10/2014,469,209,260,32075.2,14232.0,17843.2,SATURDAY,NH,H,HHH
Christ College ATM,4/10/2014,156,62,94,12238.4,5489.6,6748.8,SATURDAY,NH,H,HHH
Big Street ATM,5/10/2014,59,16,43,3532.8,1206.4,2326.4,SUNDAY,M,H,HHW
Mount Road ATM,5/10/2014,188,64,124,10100.800000000001,4104.0,5996.8,SUNDAY,M,H,HHW
Airport ATM,5/10/2014,128,93,35,9643.2,7609.6,2033.6000000000001,SUNDAY,M,H,HHW
KK Nagar ATM,5/10/2014,238,130,108,13881.6,6785.6,7096.0,SUNDAY,M,H,HHW
Christ College ATM,5/10/2014,203,39,164,13305.6,3048.0,10257.6,SUNDAY,M,H,HHW
Mount Road ATM,6/10/2014,149,56,93,9435.2,4248.0,5187.2,MONDAY,NH,W,HWW
Airport ATM,6/10/2014,77,53,24,5166.400000000001,4235.2,931.2,MONDAY,NH,W,HWW
KK Nagar ATM,6/10/2014,302,157,145,22785.600000000002,11323.2,11462.4,MONDAY,NH,W,HWW
Christ College ATM,6/10/2014,221,49,172,15160.0,3624.0,11536.0,MONDAY,NH,W,HWW
Big Street ATM,7/10/2014,89,27,62,4665.6,1233.6000000000001,3432.0,TUESDAY,NH,W,WWW
Mount Road ATM,7/10/2014,191,122,69,14660.800000000001,10321.6,4339.2,TUESDAY,NH,W,WWW
Airport ATM,7/10/2014,100,70,30,6000.0,4209.6,1790.4,TUESDAY,NH,W,WWW
KK Nagar ATM,7/10/2014,367,207,160,30835.2,18184.0,12651.2,TUESDAY,NH,W,WWW
Christ College ATM,7/10/2014,290,58,232,22268.8,4921.6,17347.2,TUESDAY,NH,W,WWW
Big Street ATM,8/10/2014,146,47,99,9033.6,3616.0,5417.6,WEDNESDAY,NH,W,WWW
Mount Road ATM,8/10/2014,229,141,88,14392.0,9944.0,4448.0,WEDNESDAY,NH,W,WWW
Airport ATM,8/10/2014,139,108,31,13019.2,10734.4,2284.8,WEDNESDAY,NH,W,WWW
KK Nagar ATM,8/10/2014,286,195,91,27020.8,19715.2,7305.6,WEDNESDAY,NH,W,WWW
Christ College ATM,8/10/2014,340,69,271,27184.0,5881.6,21302.4,WEDNESDAY,NH,W,WWW
Big Street ATM,9/10/2014,133,44,89,8019.2,3494.4,4524.8,THURSDAY,NH,W,WWW
Mount Road ATM,9/10/2014,196,113,83,12902.4,8043.2,4859.2,THURSDAY,NH,W,WWW
Airport ATM,9/10/2014,122,92,30,9649.6,7451.2,2198.4,THURSDAY,NH,W,WWW
KK Nagar ATM,9/10/2014,274,181,93,20689.600000000002,13704.0,6985.6,THURSDAY,NH,W,WWW
Christ College ATM,9/10/2014,266,67,199,19105.600000000002,5713.6,13392.0,THURSDAY,NH,W,WWW
Big Street ATM,10/10/2014,120,39,81,7166.400000000001,3308.8,3857.6,FRIDAY,NH,W,WWH
Mount Road ATM,10/10/2014,198,115,83,11750.4,8225.6,3524.8,FRIDAY,NH,W,WWH
Airport ATM,10/10/2014,134,95,39,10689.6,8483.2,2206.4,FRIDAY,NH,W,WWH
KK Nagar ATM,10/10/2014,270,171,99,20595.2,13108.800000000001,7486.400000000001,FRIDAY,NH,W,WWH
Christ College ATM,10/10/2014,274,64,210,19292.8,3852.8,15440.0,FRIDAY,NH,W,WWH
Big Street ATM,11/10/2014,109,20,89,4617.6,868.8000000000001,3748.8,SATURDAY,NH,H,WHH
Mount Road ATM,11/10/2014,239,118,121,13097.6,8121.6,4976.0,SATURDAY,NH,H,WHH
Airport ATM,11/10/2014,110,75,35,10523.2,8371.2,2152.0,SATURDAY,NH,H,WHH
KK Nagar ATM,11/10/2014,290,185,105,24281.600000000002,16340.800000000001,7940.8,SATURDAY,NH,H,WHH
Christ College ATM,11/10/2014,247,67,180,21430.4,7336.0,14094.4,SATURDAY,NH,H,WHH
Big Street ATM,12/10/2014,172,46,126,8531.2,3232.0,5299.2,SUNDAY,NH,H,HHW
Mount Road ATM,12/10/2014,199,64,135,9558.4,4947.2,4611.2,SUNDAY,NH,H,HHW
Airport ATM,12/10/2014,1,1,0,8.0,8.0,0.0,SUNDAY,NH,H,HHW
KK Nagar ATM,12/10/2014,250,159,91,18628.8,13611.2,5017.6,SUNDAY,NH,H,HHW
Christ College ATM,12/10/2014,125,44,81,6483.2,3040.0,3443.2000000000003,SUNDAY,NH,H,HHW
Big Street ATM,13-10-2014,105,23,82,5036.8,873.6,4163.2,MONDAY,NH,W,HWW
Mount Road ATM,13-10-2014,191,110,81,14675.2,10608.0,4067.2000000000003,MONDAY,NH,W,HWW
Airport ATM,13-10-2014,64,47,17,4235.2,3678.4,556.8000000000001,MONDAY,NH,W,HWW
KK Nagar ATM,13-10-2014,303,201,102,24696.0,16998.4,7697.6,MONDAY,NH,W,HWW
Christ College ATM,13-10-2014,199,52,147,13990.4,3908.8,10081.6,MONDAY,NH,W,HWW
Big Street ATM,14-10-2014,108,38,70,7302.400000000001,2880.0,4422.400000000001,TUESDAY,NH,W,WWW
Mount Road ATM,14-10-2014,166,107,59,9467.2,7070.400000000001,2396.8,TUESDAY,NH,W,WWW
Airport ATM,14-10-2014,87,75,12,9188.800000000001,8384.0,804.8000000000001,TUESDAY,NH,W,WWW
KK Nagar ATM,14-10-2014,253,179,74,18123.2,14148.800000000001,3974.4,TUESDAY,NH,W,WWW
Christ College ATM,14-10-2014,108,48,60,9398.4,6020.8,3377.6,TUESDAY,NH,W,WWW
Big Street ATM,15-10-2014,107,28,79,4158.4,1348.8,2809.6,WEDNESDAY,NH,W,WWW
Mount Road ATM,15-10-2014,200,117,83,12454.4,8427.2,4027.2000000000003,WEDNESDAY,NH,W,WWW
Airport ATM,15-10-2014,79,63,16,7326.400000000001,6073.6,1252.8,WEDNESDAY,NH,W,WWW
KK Nagar ATM,15-10-2014,321,210,111,24060.8,16582.4,7478.400000000001,WEDNESDAY,NH,W,WWW
Christ College ATM,15-10-2014,107,46,61,8300.8,5096.0,3204.8,WEDNESDAY,NH,W,WWW
Big Street ATM,16-10-2014,121,27,94,8328.0,1812.8,6515.2,THURSDAY,NH,W,WWW
Mount Road ATM,16-10-2014,167,107,60,10616.0,8140.8,2475.2000000000003,THURSDAY,NH,W,WWW
Airport ATM,16-10-2014,124,93,31,11009.6,8908.800000000001,2100.8,THURSDAY,NH,W,WWW
KK Nagar ATM,16-10-2014,298,208,90,21860.8,16059.2,5801.6,THURSDAY,NH,W,WWW
Christ College ATM,16-10-2014,134,54,80,10564.800000000001,5772.8,4792.0,THURSDAY,NH,W,WWW
Big Street ATM,17-10-2014,142,42,100,7907.2,2457.6,5449.6,FRIDAY,NH,W,WWH
Mount Road ATM,17-10-2014,130,72,58,7398.400000000001,4843.2,2555.2000000000003,FRIDAY,NH,W,WWH
Airport ATM,17-10-2014,73,53,20,4788.8,3998.4,790.4,FRIDAY,NH,W,WWH
KK Nagar ATM,17-10-2014,263,174,89,18484.8,12988.800000000001,5496.0,FRIDAY,NH,W,WWH
Christ College ATM,17-10-2014,189,63,126,13193.6,6438.400000000001,6755.2,FRIDAY,NH,W,WWH
Big Street ATM,18-10-2014,123,43,80,6516.8,2635.2000000000003,3881.6,SATURDAY,NH,H,WHH
Mount Road ATM,18-10-2014,162,86,76,7824.0,4913.6,2910.4,SATURDAY,NH,H,WHH
Airport ATM,18-10-2014,98,66,32,8312.0,6902.400000000001,1409.6000000000001,SATURDAY,NH,H,WHH
KK Nagar ATM,18-10-2014,263,179,84,17296.0,12756.800000000001,4539.2,SATURDAY,NH,H,WHH
Christ College ATM,18-10-2014,235,73,162,19254.4,7796.8,11457.6,SATURDAY,NH,H,WHH
Big Street ATM,19-10-2014,153,47,106,8465.6,3585.6,4880.0,SUNDAY,NH,H,HHW
Mount Road ATM,19-10-2014,3,0,3,384.0,0.0,384.0,SUNDAY,NH,H,HHW
Airport ATM,19-10-2014,93,51,42,5739.2,3592.0,2147.2,SUNDAY,NH,H,HHW
KK Nagar ATM,19-10-2014,265,126,139,17585.600000000002,8848.0,8737.6,SUNDAY,NH,H,HHW
Christ College ATM,19-10-2014,166,37,129,10881.6,3336.0,7545.6,SUNDAY,NH,H,HHW
Big Street ATM,20-10-2014,105,32,73,6484.8,2745.6,3739.2000000000003,MONDAY,NH,W,HWW
Mount Road ATM,20-10-2014,216,90,126,10609.6,5236.8,5372.8,MONDAY,NH,W,HWW
Airport ATM,20-10-2014,115,81,34,10081.6,8540.8,1540.8,MONDAY,NH,W,HWW
KK Nagar ATM,20-10-2014,351,225,126,25878.4,18446.4,7432.0,MONDAY,NH,W,HWW
Christ College ATM,20-10-2014,261,80,181,19760.0,8553.6,11206.4,MONDAY,NH,W,HWW
Big Street ATM,21-10-2014,115,29,86,8112.0,3454.4,4657.6,TUESDAY,NH,W,WWH
Mount Road ATM,21-10-2014,181,84,97,10332.800000000001,4592.0,5740.8,TUESDAY,NH,W,WWH
Airport ATM,21-10-2014,135,105,30,10064.0,8539.2,1524.8,TUESDAY,NH,W,WWH
KK Nagar ATM,21-10-2014,490,266,224,24041.600000000002,13428.800000000001,10612.800000000001,TUESDAY,NH,W,WWH
Christ College ATM,21-10-2014,262,60,202,19260.8,5614.400000000001,13646.4,TUESDAY,NH,W,WWH
Big Street ATM,22-10-2014,155,45,110,8464.0,3116.8,5347.2,WEDNESDAY,H,H,WHW
Mount Road ATM,22-10-2014,67,34,33,3932.8,2532.8,1400.0,WEDNESDAY,H,H,WHW
Airport ATM,22-10-2014,47,29,18,1558.4,1030.4,528.0,WEDNESDAY,H,H,WHW
KK Nagar ATM,22-10-2014,78,50,28,3691.2000000000003,3057.6,633.6,WEDNESDAY,H,H,WHW
Christ College ATM,22-10-2014,123,25,98,5707.2,1179.2,4528.0,WEDNESDAY,H,H,WHW
Big Street ATM,23-10-2014,141,27,114,5875.2,1580.8,4294.4,THURSDAY,NH,W,HWW
Mount Road ATM,23-10-2014,83,40,43,4257.6,2612.8,1644.8,THURSDAY,NH,W,HWW
Airport ATM,23-10-2014,60,42,18,5284.8,4076.8,1208.0,THURSDAY,NH,W,HWW
KK Nagar ATM,23-10-2014,242,138,104,16665.6,9772.800000000001,6892.8,THURSDAY,NH,W,HWW
Christ College ATM,23-10-2014,115,38,77,8649.6,3806.4,4843.2,THURSDAY,NH,W,HWW
Big Street ATM,24-10-2014,104,26,78,4721.6,1590.4,3131.2000000000003,FRIDAY,NH,W,WWH
Mount Road ATM,24-10-2014,109,70,39,6955.2,6080.0,875.2,FRIDAY,NH,W,WWH
Airport ATM,24-10-2014,67,43,24,4942.400000000001,3913.6,1028.8,FRIDAY,NH,W,WWH
KK Nagar ATM,24-10-2014,207,143,64,15788.800000000001,12024.0,3764.8,FRIDAY,NH,W,WWH
Christ College ATM,24-10-2014,181,42,139,10382.4,4355.2,6027.2,FRIDAY,NH,W,WWH
Big Street ATM,25-10-2014,109,15,94,4531.2,683.2,3848.0,SATURDAY,NH,H,WHH
Mount Road ATM,25-10-2014,151,87,64,9084.800000000001,5723.2,3361.6,SATURDAY,NH,H,WHH
Airport ATM,25-10-2014,89,65,24,7116.8,5902.400000000001,1214.4,SATURDAY,NH,H,WHH
KK Nagar ATM,25-10-2014,310,193,117,19860.8,13097.6,6763.2,SATURDAY,NH,H,WHH
Christ College ATM,25-10-2014,178,55,123,12280.0,5768.0,6512.0,SATURDAY,NH,H,WHH
Big Street ATM,26-10-2014,101,27,74,6529.6,2988.8,3540.8,SUNDAY,NH,H,HHW
Mount Road ATM,26-10-2014,89,48,41,4176.0,2643.2000000000003,1532.8,SUNDAY,NH,H,HHW
Airport ATM,26-10-2014,81,60,21,5358.400000000001,4944.0,414.40000000000003,SUNDAY,NH,H,HHW
KK Nagar ATM,26-10-2014,150,61,89,8955.2,3696.0,5259.2,SUNDAY,NH,H,HHW
Christ College ATM,26-10-2014,153,48,105,8502.4,3768.0,4734.400000000001,SUNDAY,NH,H,HHW
Big Street ATM,27-10-2014,102,34,68,7272.0,3184.0,4088.0,MONDAY,NH,W,HWW
Mount Road ATM,27-10-2014,143,95,48,8681.6,6480.0,2201.6,MONDAY,NH,W,HWW
Airport ATM,27-10-2014,94,67,27,6846.400000000001,5686.400000000001,1160.0,MONDAY,NH,W,HWW
KK Nagar ATM,27-10-2014,280,164,116,22953.600000000002,14276.800000000001,8676.8,MONDAY,NH,W,HWW
Christ College ATM,27-10-2014,126,50,76,8606.4,3992.0,4614.400000000001,MONDAY,NH,W,HWW
Big Street ATM,28-10-2014,77,25,52,4195.2,1710.4,2484.8,TUESDAY,NH,W,WWW
Mount Road ATM,28-10-2014,149,93,56,8355.2,5633.6,2721.6,TUESDAY,NH,W,WWW
Airport ATM,28-10-2014,120,89,31,9838.4,8739.2,1099.2,TUESDAY,NH,W,WWW
KK Nagar ATM,28-10-2014,219,139,80,15480.0,9910.4,5569.6,TUESDAY,NH,W,WWW
Christ College ATM,28-10-2014,114,51,63,5336.0,2316.8,3019.2000000000003,TUESDAY,NH,W,WWW
Big Street ATM,29-10-2014,76,34,42,4440.0,1867.2,2572.8,WEDNESDAY,NH,W,WWW
Mount Road ATM,29-10-2014,129,77,52,10940.800000000001,8204.8,2736.0,WEDNESDAY,NH,W,WWW
Airport ATM,29-10-2014,91,66,25,6976.0,5635.2,1340.8,WEDNESDAY,NH,W,WWW
KK Nagar ATM,29-10-2014,239,165,74,20505.600000000002,16004.800000000001,4500.8,WEDNESDAY,NH,W,WWW
Christ College ATM,29-10-2014,110,41,69,7705.6,3520.0,4185.6,WEDNESDAY,NH,W,WWW
Big Street ATM,30-10-2014,98,25,73,5404.8,1464.0,3940.8,THURSDAY,NH,W,WWW
Mount Road ATM,30-10-2014,152,105,47,8747.2,7313.6,1433.6000000000001,THURSDAY,NH,W,WWW
Airport ATM,30-10-2014,97,71,26,7094.400000000001,5840.0,1254.4,THURSDAY,NH,W,WWW
KK Nagar ATM,30-10-2014,221,143,78,14696.0,9657.6,5038.400000000001,THURSDAY,NH,W,WWW
Christ College ATM,30-10-2014,117,47,70,7441.6,3396.8,4044.8,THURSDAY,NH,W,WWW
Big Street ATM,31-10-2014,129,35,94,8443.2,2748.8,5694.400000000001,FRIDAY,NH,W,WWH
Mount Road ATM,31-10-2014,179,80,99,13067.2,5392.0,7675.2,FRIDAY,NH,W,WWH
Airport ATM,31-10-2014,99,68,31,6939.2,5340.8,1598.4,FRIDAY,NH,W,WWH
KK Nagar ATM,31-10-2014,210,147,63,20620.8,14566.4,6054.400000000001,FRIDAY,NH,W,WWH
Christ College ATM,31-10-2014,104,32,72,8174.400000000001,3244.8,4929.6,FRIDAY,NH,W,WWH
Big Street ATM,1/11/2014,141,36,105,8110.400000000001,1604.8,6505.6,SATURDAY,NH,H,WHH
Mount Road ATM,1/11/2014,268,117,151,19286.4,10003.2,9283.2,SATURDAY,NH,H,WHH
Airport ATM,1/11/2014,127,97,30,12502.4,10278.4,2224.0,SATURDAY,NH,H,WHH
KK Nagar ATM,1/11/2014,296,175,121,24476.8,15116.800000000001,9360.0,SATURDAY,NH,H,WHH
Christ College ATM,1/11/2014,178,61,117,12800.0,3457.6,9342.4,SATURDAY,NH,H,WHH
Big Street ATM,2/11/2014,161,41,120,10568.0,3795.2000000000003,6772.8,SUNDAY,NH,H,HHW
Mount Road ATM,2/11/2014,143,63,80,12424.0,8185.6,4238.4,SUNDAY,NH,H,HHW
Airport ATM,2/11/2014,87,52,35,7505.6,5003.2,2502.4,SUNDAY,NH,H,HHW
KK Nagar ATM,2/11/2014,133,62,71,11249.6,4908.8,6340.8,SUNDAY,NH,H,HHW
Christ College ATM,2/11/2014,172,38,134,14219.2,2272.0,11947.2,SUNDAY,NH,H,HHW
Big Street ATM,3/11/2014,103,46,57,7515.2,5233.6,2281.6,MONDAY,NH,W,HWH
Mount Road ATM,3/11/2014,153,87,66,11043.2,6977.6,4065.6,MONDAY,NH,W,HWH
Airport ATM,3/11/2014,109,86,23,10075.2,8510.4,1564.8,MONDAY,NH,W,HWH
KK Nagar ATM,3/11/2014,132,99,33,10510.4,8054.400000000001,2456.0,MONDAY,NH,W,HWH
Christ College ATM,3/11/2014,271,55,216,18848.0,3548.8,15299.2,MONDAY,NH,W,HWH
Big Street ATM,4/11/2014,3,3,0,25.6,25.6,0.0,TUESDAY,M,H,WHW
Mount Road ATM,4/11/2014,159,84,75,11280.0,7675.2,3604.8,TUESDAY,M,H,WHW
Airport ATM,4/11/2014,96,68,28,8544.0,7107.2,1436.8,TUESDAY,M,H,WHW
KK Nagar ATM,4/11/2014,288,147,141,23329.600000000002,11390.4,11939.2,TUESDAY,M,H,WHW
Christ College ATM,4/11/2014,142,63,79,9483.2,4116.8,5366.400000000001,TUESDAY,M,H,WHW
Big Street ATM,5/11/2014,51,25,26,2726.4,947.2,1779.2,WEDNESDAY,NH,W,HWW
Mount Road ATM,5/11/2014,207,123,84,17182.4,12064.0,5118.400000000001,WEDNESDAY,NH,W,HWW
Airport ATM,5/11/2014,111,81,30,9228.800000000001,7352.0,1876.8,WEDNESDAY,NH,W,HWW
KK Nagar ATM,5/11/2014,249,165,84,24478.4,18233.600000000002,6244.8,WEDNESDAY,NH,W,HWW
Christ College ATM,5/11/2014,194,74,120,14878.4,6462.400000000001,8416.0,WEDNESDAY,NH,W,HWW
Big Street ATM,6/11/2014,75,28,47,5112.0,2448.0,2664.0,THURSDAY,NH,W,WWW
Mount Road ATM,6/11/2014,161,99,62,11206.4,7542.400000000001,3664.0,THURSDAY,NH,W,WWW
Airport ATM,6/11/2014,97,70,27,7793.6,6209.6,1584.0,THURSDAY,NH,W,WWW
KK Nagar ATM,6/11/2014,264,177,87,23961.600000000002,18158.4,5803.2,THURSDAY,NH,W,WWW
Christ College ATM,6/11/2014,164,72,92,12876.800000000001,6640.0,6236.8,THURSDAY,NH,W,WWW
Big Street ATM,7/11/2014,103,39,64,6150.400000000001,2212.8,3937.6,FRIDAY,NH,W,WWH
Mount Road ATM,7/11/2014,153,98,55,9915.2,7680.0,2235.2000000000003,FRIDAY,NH,W,WWH
Airport ATM,7/11/2014,104,79,25,8337.6,6979.2,1358.4,FRIDAY,NH,W,WWH
KK Nagar ATM,7/11/2014,188,143,45,17222.4,14073.6,3148.8,FRIDAY,NH,W,WWH
Christ College ATM,7/11/2014,158,62,96,12579.2,5438.400000000001,7140.8,FRIDAY,NH,W,WWH
Big Street ATM,8/11/2014,127,39,88,7078.400000000001,2628.8,4449.6,SATURDAY,NH,H,WHH
Mount Road ATM,8/11/2014,194,96,98,12329.6,6612.8,5716.8,SATURDAY,NH,H,WHH
Airport ATM,8/11/2014,112,79,33,11060.800000000001,9523.2,1537.6000000000001,SATURDAY,NH,H,WHH
KK Nagar ATM,8/11/2014,254,169,85,20105.600000000002,13894.4,6211.2,SATURDAY,NH,H,WHH
Christ College ATM,8/11/2014,262,77,185,20684.8,8235.2,12449.6,SATURDAY,NH,H,WHH
Big Street ATM,9/11/2014,139,36,103,8532.8,3302.4,5230.400000000001,SUNDAY,NH,H,HHW
Mount Road ATM,9/11/2014,153,57,96,10908.800000000001,6355.2,4553.6,SUNDAY,NH,H,HHW
KK Nagar ATM,9/11/2014,144,84,60,8939.2,5193.6,3745.6,SUNDAY,NH,H,HHW
Christ College ATM,9/11/2014,82,13,69,4984.0,760.0,4224.0,SUNDAY,NH,H,HHW
Big Street ATM,10/11/2014,104,39,65,6329.6,2739.2000000000003,3590.4,MONDAY,NH,W,HWW
Mount Road ATM,10/11/2014,203,99,104,18584.0,10193.6,8390.4,MONDAY,NH,W,HWW
Airport ATM,10/11/2014,119,93,26,12716.800000000001,11238.4,1478.4,MONDAY,NH,W,HWW
KK Nagar ATM,10/11/2014,254,162,92,18072.0,11505.6,6566.400000000001,MONDAY,NH,W,HWW
Christ College ATM,10/11/2014,184,54,130,12480.0,4737.6,7742.400000000001,MONDAY,NH,W,HWW
Big Street ATM,11/11/2014,98,34,64,5443.2,1918.4,3524.8,TUESDAY,NH,W,WWW
Mount Road ATM,11/11/2014,152,95,57,12510.4,8644.8,3865.6,TUESDAY,NH,W,WWW
Airport ATM,11/11/2014,128,101,27,11596.800000000001,9854.4,1742.4,TUESDAY,NH,W,WWW
KK Nagar ATM,11/11/2014,230,167,63,16435.2,12945.6,3489.6,TUESDAY,NH,W,WWW
Christ College ATM,11/11/2014,193,72,121,15793.6,8355.2,7438.400000000001,TUESDAY,NH,W,WWW
Big Street ATM,12/11/2014,109,41,68,4411.2,2288.0,2123.2,WEDNESDAY,NH,W,WWW
Mount Road ATM,12/11/2014,155,85,70,10787.2,7966.400000000001,2820.8,WEDNESDAY,NH,W,WWW
Airport ATM,12/11/2014,61,47,14,4120.0,3678.4,441.6,WEDNESDAY,NH,W,WWW
KK Nagar ATM,12/11/2014,214,136,78,19438.4,12422.4,7016.0,WEDNESDAY,NH,W,WWW
Christ College ATM,12/11/2014,183,47,136,13696.0,4553.6,9142.4,WEDNESDAY,NH,W,WWW
Big Street ATM,13-11-2014,94,41,53,7099.2,4148.8,2950.4,THURSDAY,NH,W,WWW
Mount Road ATM,13-11-2014,146,78,68,8036.8,4374.400000000001,3662.4,THURSDAY,NH,W,WWW
Airport ATM,13-11-2014,88,68,20,6444.8,5360.0,1084.8,THURSDAY,NH,W,WWW
KK Nagar ATM,13-11-2014,207,147,60,16094.4,11747.2,4347.2,THURSDAY,NH,W,WWW
Christ College ATM,13-11-2014,122,48,74,9980.800000000001,4939.2,5041.6,THURSDAY,NH,W,WWW
Big Street ATM,14-11-2014,112,39,73,5452.8,2678.4,2774.4,FRIDAY,NH,W,WWH
Mount Road ATM,14-11-2014,121,70,51,7422.400000000001,5107.2,2315.2000000000003,FRIDAY,NH,W,WWH
Airport ATM,14-11-2014,90,75,15,6972.8,6449.6,523.2,FRIDAY,NH,W,WWH
KK Nagar ATM,14-11-2014,204,164,40,14441.6,11766.4,2675.2000000000003,FRIDAY,NH,W,WWH
Christ College ATM,14-11-2014,108,43,65,7779.2,3224.0,4555.2,FRIDAY,NH,W,WWH
Big Street ATM,15-11-2014,136,58,78,8472.0,4782.400000000001,3689.6,SATURDAY,NH,H,WHH
Mount Road ATM,15-11-2014,149,86,63,7920.0,5704.0,2216.0,SATURDAY,NH,H,WHH
Airport ATM,15-11-2014,109,76,33,7644.8,6164.8,1480.0,SATURDAY,NH,H,WHH
KK Nagar ATM,15-11-2014,244,177,67,17196.8,12675.2,4521.6,SATURDAY,NH,H,WHH
Christ College ATM,15-11-2014,132,47,85,11371.2,4500.8,6870.400000000001,SATURDAY,NH,H,WHH
Big Street ATM,16-11-2014,131,35,96,5897.6,1788.8,4108.8,SUNDAY,NH,H,HHW
Mount Road ATM,16-11-2014,104,50,54,4324.8,2545.6,1779.2,SUNDAY,NH,H,HHW
Airport ATM,16-11-2014,107,87,20,6000.0,5470.400000000001,529.6,SUNDAY,NH,H,HHW
KK Nagar ATM,16-11-2014,125,96,29,7046.400000000001,5526.400000000001,1520.0,SUNDAY,NH,H,HHW
Christ College ATM,16-11-2014,120,34,86,6660.8,2196.8,4464.0,SUNDAY,NH,H,HHW
Big Street ATM,17-11-2014,102,40,62,5068.8,2137.6,2931.2000000000003,MONDAY,NH,W,HWW
Mount Road ATM,17-11-2014,134,75,59,7488.0,5017.6,2470.4,MONDAY,NH,W,HWW
Airport ATM,17-11-2014,113,90,23,7859.2,7038.400000000001,820.8000000000001,MONDAY,NH,W,HWW
KK Nagar ATM,17-11-2014,235,190,45,13771.2,11275.2,2496.0,MONDAY,NH,W,HWW
Christ College ATM,17-11-2014,177,55,122,11048.0,3830.4,7217.6,MONDAY,NH,W,HWW
Big Street ATM,18-11-2014,111,43,68,5886.400000000001,2713.6,3172.8,TUESDAY,NH,W,WWW
Mount Road ATM,18-11-2014,146,92,54,7980.8,5056.0,2924.8,TUESDAY,NH,W,WWW
Airport ATM,18-11-2014,70,56,14,5083.2,4353.6,729.6,TUESDAY,NH,W,WWW
KK Nagar ATM,18-11-2014,168,112,56,11422.4,7616.0,3806.4,TUESDAY,NH,W,WWW
Christ College ATM,18-11-2014,157,59,98,10793.6,5368.0,5425.6,TUESDAY,NH,W,WWW
Big Street ATM,19-11-2014,128,53,75,5859.2,3256.0,2603.2000000000003,WEDNESDAY,NH,W,WWW
Mount Road ATM,19-11-2014,123,79,44,9137.6,6731.2,2406.4,WEDNESDAY,NH,W,WWW
Airport ATM,19-11-2014,76,55,21,5070.400000000001,4219.2,851.2,WEDNESDAY,NH,W,WWW
KK Nagar ATM,19-11-2014,245,175,70,15451.2,12238.4,3212.8,WEDNESDAY,NH,W,WWW
Christ College ATM,19-11-2014,150,52,98,7766.400000000001,3286.4,4480.0,WEDNESDAY,NH,W,WWW
Big Street ATM,20-11-2014,87,28,59,4961.6,1617.6000000000001,3344.0,THURSDAY,NH,W,WWW
Mount Road ATM,20-11-2014,123,77,46,8232.0,6200.0,2032.0,THURSDAY,NH,W,WWW
Airport ATM,20-11-2014,98,84,14,9121.6,8542.4,579.2,THURSDAY,NH,W,WWW
KK Nagar ATM,20-11-2014,205,159,46,15795.2,13267.2,2528.0,THURSDAY,NH,W,WWW
Christ College ATM,20-11-2014,154,62,92,10260.800000000001,5419.2,4841.6,THURSDAY,NH,W,WWW
Big Street ATM,21-11-2014,97,29,68,4340.8,1360.0,2980.8,FRIDAY,NH,W,WWH
Mount Road ATM,21-11-2014,114,68,46,6625.6,4632.0,1993.6000000000001,FRIDAY,NH,W,WWH
Airport ATM,21-11-2014,93,66,27,6923.2,5292.8,1630.4,FRIDAY,NH,W,WWH
KK Nagar ATM,21-11-2014,256,186,70,20230.4,15724.800000000001,4505.6,FRIDAY,NH,W,WWH
Christ College ATM,21-11-2014,86,43,43,6281.6,4094.4,2187.2000000000003,FRIDAY,NH,W,WWH
Big Street ATM,22-11-2014,115,45,70,5705.6,3393.6,2312.0,SATURDAY,NH,H,WHH
Mount Road ATM,22-11-2014,144,92,52,10796.800000000001,9737.6,1059.2,SATURDAY,NH,H,WHH
Airport ATM,22-11-2014,127,96,31,11105.6,9211.2,1894.4,SATURDAY,NH,H,WHH
KK Nagar ATM,22-11-2014,235,169,66,20478.4,14281.6,6196.8,SATURDAY,NH,H,WHH
Christ College ATM,22-11-2014,131,62,69,10601.6,6312.0,4289.6,SATURDAY,NH,H,WHH
Big Street ATM,23-11-2014,108,37,71,6241.6,3585.6,2656.0,SUNDAY,NH,H,HHW
Mount Road ATM,23-11-2014,105,60,45,4838.400000000001,3318.4,1520.0,SUNDAY,NH,H,HHW
Airport ATM,23-11-2014,78,62,16,5315.2,4753.6,561.6,SUNDAY,NH,H,HHW
KK Nagar ATM,23-11-2014,127,86,41,8252.8,5929.6,2323.2000000000003,SUNDAY,NH,H,HHW
Christ College ATM,23-11-2014,88,38,50,4446.400000000001,2552.0,1894.4,SUNDAY,NH,H,HHW
Big Street ATM,24-11-2014,100,38,62,5312.0,2128.0,3184.0,MONDAY,NH,W,HWW
Mount Road ATM,24-11-2014,142,89,53,9561.6,6577.6,2984.0,MONDAY,NH,W,HWW
Airport ATM,24-11-2014,89,77,12,8267.2,7558.400000000001,708.8000000000001,MONDAY,NH,W,HWW
KK Nagar ATM,24-11-2014,217,147,70,17062.4,12388.800000000001,4673.6,MONDAY,NH,W,HWW
Christ College ATM,24-11-2014,110,57,53,7035.2,4030.4,3004.8,MONDAY,NH,W,HWW
Big Street ATM,25-11-2014,118,56,62,6596.8,3808.0,2788.8,TUESDAY,NH,W,WWW
Mount Road ATM,25-11-2014,132,88,44,8558.4,5665.6,2892.8,TUESDAY,NH,W,WWW
Airport ATM,25-11-2014,85,63,22,7990.400000000001,7228.8,761.6,TUESDAY,NH,W,WWW
KK Nagar ATM,25-11-2014,221,163,58,12760.0,9696.0,3064.0,TUESDAY,NH,W,WWW
Christ College ATM,25-11-2014,131,55,76,7924.8,4672.0,3252.8,TUESDAY,NH,W,WWW
Big Street ATM,26-11-2014,88,37,51,4700.8,2744.0,1956.8,WEDNESDAY,NH,W,WWW
Mount Road ATM,26-11-2014,147,94,53,8444.8,6224.0,2220.8,WEDNESDAY,NH,W,WWW
Airport ATM,26-11-2014,128,107,21,11310.4,10440.0,870.4,WEDNESDAY,NH,W,WWW
KK Nagar ATM,26-11-2014,286,209,77,21614.4,18097.600000000002,3516.8,WEDNESDAY,NH,W,WWW
Christ College ATM,26-11-2014,115,33,82,7668.8,2188.8,5480.0,WEDNESDAY,NH,W,WWW
Big Street ATM,27-11-2014,127,44,83,6084.8,3097.6,2987.2000000000003,THURSDAY,NH,W,WWW
Mount Road ATM,27-11-2014,121,70,51,9163.2,5601.6,3561.6,THURSDAY,NH,W,WWW
Airport ATM,27-11-2014,114,83,31,9241.6,7640.0,1601.6000000000001,THURSDAY,NH,W,WWW
KK Nagar ATM,27-11-2014,206,145,61,14982.4,11675.2,3307.2000000000003,THURSDAY,NH,W,WWW
Christ College ATM,27-11-2014,97,44,53,7699.2,4217.6,3481.6,THURSDAY,NH,W,WWW
Big Street ATM,28-11-2014,165,55,110,10745.6,4704.0,6041.6,FRIDAY,NH,W,WWH
Mount Road ATM,28-11-2014,134,88,46,9644.800000000001,7419.2,2225.6,FRIDAY,NH,W,WWH
Airport ATM,28-11-2014,94,70,24,7238.400000000001,5982.400000000001,1256.0,FRIDAY,NH,W,WWH
KK Nagar ATM,28-11-2014,144,95,49,11516.800000000001,7470.400000000001,4046.4,FRIDAY,NH,W,WWH
Christ College ATM,28-11-2014,101,35,66,8281.6,2993.6,5288.0,FRIDAY,NH,W,WWH
Big Street ATM,29-11-2014,61,26,35,4168.0,2556.8,1611.2,SATURDAY,NH,H,WHH
Mount Road ATM,29-11-2014,190,108,82,13272.0,9360.0,3912.0,SATURDAY,NH,H,WHH
Airport ATM,29-11-2014,111,79,32,9731.2,8089.6,1641.6000000000001,SATURDAY,NH,H,WHH
KK Nagar ATM,29-11-2014,135,76,59,10681.6,6060.8,4620.8,SATURDAY,NH,H,WHH
Christ College ATM,29-11-2014,202,59,143,15854.4,5478.400000000001,10376.0,SATURDAY,NH,H,WHH
Big Street ATM,30-11-2014,106,28,78,6276.8,2153.6,4123.2,SUNDAY,NH,H,HHW
Mount Road ATM,30-11-2014,122,47,75,6835.2,2958.4,3876.8,SUNDAY,NH,H,HHW
Airport ATM,30-11-2014,114,96,18,7665.6,6878.400000000001,787.2,SUNDAY,NH,H,HHW
KK Nagar ATM,30-11-2014,159,72,87,12059.2,4918.400000000001,7140.8,SUNDAY,NH,H,HHW
Christ College ATM,30-11-2014,163,50,113,11625.6,4376.0,7249.6,SUNDAY,NH,H,HHW
Big Street ATM,1/12/2014,78,24,54,4934.400000000001,1961.6000000000001,2972.8,MONDAY,NH,W,HWW
Mount Road ATM,1/12/2014,197,107,90,16107.2,9054.4,7052.8,MONDAY,NH,W,HWW
Airport ATM,1/12/2014,36,23,13,3118.4,2667.2000000000003,451.2,MONDAY,NH,W,HWW
KK Nagar ATM,1/12/2014,253,130,123,22937.600000000002,12212.800000000001,10724.800000000001,MONDAY,NH,W,HWW
Christ College ATM,1/12/2014,183,61,122,16073.6,5353.6,10720.0,MONDAY,NH,W,HWW
Big Street ATM,2/12/2014,130,46,84,7920.0,2582.4,5337.6,TUESDAY,NH,W,WWW
Mount Road ATM,2/12/2014,161,109,52,13244.800000000001,10150.4,3094.4,TUESDAY,NH,W,WWW
Airport ATM,2/12/2014,102,73,29,8328.0,7150.400000000001,1177.6000000000001,TUESDAY,NH,W,WWW
KK Nagar ATM,2/12/2014,173,114,59,11126.4,7998.400000000001,3128.0,TUESDAY,NH,W,WWW
Christ College ATM,2/12/2014,149,57,92,13576.0,4609.6,8966.4,TUESDAY,NH,W,WWW
Big Street ATM,3/12/2014,118,48,70,8204.8,3584.0,4620.8,WEDNESDAY,NH,W,WWW
Mount Road ATM,3/12/2014,191,132,59,17740.8,13796.800000000001,3944.0,WEDNESDAY,NH,W,WWW
KK Nagar ATM,3/12/2014,224,161,63,19803.2,15248.0,4555.2,WEDNESDAY,NH,W,WWW
Christ College ATM,3/12/2014,179,73,106,16638.4,7744.0,8894.4,WEDNESDAY,NH,W,WWW
Big Street ATM,4/12/2014,46,8,38,2192.0,513.6,1678.4,THURSDAY,NH,W,WWW
Mount Road ATM,4/12/2014,174,95,79,14646.4,10056.0,4590.400000000001,THURSDAY,NH,W,WWW
Airport ATM,4/12/2014,30,25,5,2542.4,2470.4,72.0,THURSDAY,NH,W,WWW
KK Nagar ATM,4/12/2014,130,86,44,7921.6,5177.6,2744.0,THURSDAY,NH,W,WWW
Christ College ATM,4/12/2014,159,71,88,11614.4,5888.0,5726.400000000001,THURSDAY,NH,W,WWW
Big Street ATM,5/12/2014,122,61,61,5644.8,2896.0,2748.8,FRIDAY,NH,W,WWH
Mount Road ATM,5/12/2014,184,94,90,14452.800000000001,7819.2,6633.6,FRIDAY,NH,W,WWH
Airport ATM,5/12/2014,131,111,20,7220.8,6190.400000000001,1030.4,FRIDAY,NH,W,WWH
KK Nagar ATM,5/12/2014,137,84,53,11660.800000000001,8195.2,3465.6,FRIDAY,NH,W,WWH
Christ College ATM,5/12/2014,172,77,95,13507.2,6068.8,7438.400000000001,FRIDAY,NH,W,WWH
Big Street ATM,6/12/2014,116,28,88,5924.8,1945.6000000000001,3979.2000000000003,SATURDAY,NH,H,WHH
Mount Road ATM,6/12/2014,205,115,90,16473.6,11630.4,4843.2,SATURDAY,NH,H,WHH
Airport ATM,6/12/2014,118,82,36,10923.2,8145.6,2777.6,SATURDAY,NH,H,WHH
KK Nagar ATM,6/12/2014,100,67,33,7070.400000000001,5040.0,2030.4,SATURDAY,NH,H,WHH
Christ College ATM,6/12/2014,193,88,105,15340.800000000001,7536.0,7804.8,SATURDAY,NH,H,WHH
Big Street ATM,7/12/2014,102,34,68,5022.400000000001,2107.2,2915.2000000000003,SUNDAY,NH,H,HHW
Mount Road ATM,7/12/2014,142,70,72,9385.6,5942.400000000001,3443.2000000000003,SUNDAY,NH,H,HHW
Airport ATM,7/12/2014,83,46,37,6348.8,4724.8,1624.0,SUNDAY,NH,H,HHW
KK Nagar ATM,7/12/2014,78,60,18,5324.8,4374.400000000001,950.4,SUNDAY,NH,H,HHW
Christ College ATM,7/12/2014,124,45,79,7152.0,2454.4,4697.6,SUNDAY,NH,H,HHW
Big Street ATM,8/12/2014,77,19,58,6518.400000000001,2563.2000000000003,3955.2000000000003,MONDAY,NH,W,HWW
Mount Road ATM,8/12/2014,149,110,39,12928.0,10648.0,2280.0,MONDAY,NH,W,HWW
Airport ATM,8/12/2014,35,24,11,4448.0,3900.8,547.2,MONDAY,NH,W,HWW
KK Nagar ATM,8/12/2014,109,70,39,10465.6,6452.8,4012.8,MONDAY,NH,W,HWW
Christ College ATM,8/12/2014,124,45,79,8417.6,3691.2000000000003,4726.400000000001,MONDAY,NH,W,HWW
Big Street ATM,9/12/2014,119,45,74,6865.6,3400.0,3465.6,TUESDAY,NH,W,WWW
Mount Road ATM,9/12/2014,167,103,64,14136.0,9848.0,4288.0,TUESDAY,NH,W,WWW
Airport ATM,9/12/2014,40,36,4,4324.8,4216.0,108.8,TUESDAY,NH,W,WWW
KK Nagar ATM,9/12/2014,109,83,26,7099.2,5216.0,1883.2,TUESDAY,NH,W,WWW
Christ College ATM,9/12/2014,166,57,109,11880.0,4257.6,7622.400000000001,TUESDAY,NH,W,WWW
Big Street ATM,10/12/2014,102,41,61,8252.8,4686.400000000001,3566.4,WEDNESDAY,NH,W,WWW
Mount Road ATM,10/12/2014,131,83,48,8606.4,6534.400000000001,2072.0,WEDNESDAY,NH,W,WWW
Airport ATM,10/12/2014,64,50,14,5902.400000000001,4800.0,1102.4,WEDNESDAY,NH,W,WWW
KK Nagar ATM,10/12/2014,94,60,34,7593.6,5134.400000000001,2459.2000000000003,WEDNESDAY,NH,W,WWW
Christ College ATM,10/12/2014,141,53,88,10041.6,4462.400000000001,5579.2,WEDNESDAY,NH,W,WWW
Big Street ATM,11/12/2014,127,40,87,7699.2,3246.4,4452.8,THURSDAY,NH,W,WWW
Mount Road ATM,11/12/2014,150,76,74,7814.400000000001,3824.0,3990.4,THURSDAY,NH,W,WWW
Airport ATM,11/12/2014,112,92,20,11675.2,10654.4,1020.8000000000001,THURSDAY,NH,W,WWW
KK Nagar ATM,11/12/2014,57,44,13,3865.6,2972.8,892.8000000000001,THURSDAY,NH,W,WWW
Christ College ATM,11/12/2014,125,62,63,8230.4,4582.400000000001,3648.0,THURSDAY,NH,W,WWW
Big Street ATM,12/12/2014,137,48,89,10342.4,5115.2,5227.2,FRIDAY,NH,W,WWH
Mount Road ATM,12/12/2014,140,89,51,9177.6,6518.400000000001,2659.2000000000003,FRIDAY,NH,W,WWH
Airport ATM,12/12/2014,100,77,23,8249.6,7286.400000000001,963.2,FRIDAY,NH,W,WWH
KK Nagar ATM,12/12/2014,126,93,33,7964.8,5854.400000000001,2110.4,FRIDAY,NH,W,WWH
Christ College ATM,12/12/2014,107,46,61,7305.6,4152.0,3153.6,FRIDAY,NH,W,WWH
Big Street ATM,13-12-2014,104,39,65,5681.6,2552.0,3129.6,SATURDAY,NH,H,WHH
Mount Road ATM,13-12-2014,159,85,74,10688.0,7356.8,3331.2000000000003,SATURDAY,NH,H,WHH
Airport ATM,13-12-2014,109,74,35,8208.0,6032.0,2176.0,SATURDAY,NH,H,WHH
KK Nagar ATM,13-12-2014,182,126,56,10428.800000000001,7686.400000000001,2742.4,SATURDAY,NH,H,WHH
Christ College ATM,13-12-2014,117,55,62,8504.0,5323.2,3180.8,SATURDAY,NH,H,WHH
Big Street ATM,14-12-2014,122,32,90,5536.0,2635.2000000000003,2900.8,SUNDAY,NH,H,HHW
Mount Road ATM,14-12-2014,115,62,53,6092.8,3878.4,2214.4,SUNDAY,NH,H,HHW
Airport ATM,14-12-2014,122,93,29,9048.0,7235.2,1812.8,SUNDAY,NH,H,HHW
KK Nagar ATM,14-12-2014,57,36,21,2840.0,2086.4,753.6,SUNDAY,NH,H,HHW
Christ College ATM,14-12-2014,77,29,48,4243.2,1883.2,2360.0,SUNDAY,NH,H,HHW
Big Street ATM,15-12-2014,119,44,75,6838.400000000001,3814.4,3024.0,MONDAY,NH,W,HWW
Mount Road ATM,15-12-2014,157,110,47,9857.6,8451.2,1406.4,MONDAY,NH,W,HWW
Airport ATM,15-12-2014,113,92,21,7601.6,6387.2,1214.4,MONDAY,NH,W,HWW
KK Nagar ATM,15-12-2014,245,170,75,15585.6,11372.800000000001,4212.8,MONDAY,NH,W,HWW
Christ College ATM,15-12-2014,119,56,63,8008.0,3854.4,4153.6,MONDAY,NH,W,HWW
Big Street ATM,16-12-2014,95,33,62,4075.2000000000003,1656.0,2419.2000000000003,TUESDAY,NH,W,WWW
Mount Road ATM,16-12-2014,154,89,65,10744.0,8113.6,2630.4,TUESDAY,NH,W,WWW
Airport ATM,16-12-2014,101,77,24,8915.2,7200.0,1715.2,TUESDAY,NH,W,WWW
KK Nagar ATM,16-12-2014,117,90,27,7304.0,5876.8,1427.2,TUESDAY,NH,W,WWW
Christ College ATM,16-12-2014,102,52,50,5918.400000000001,3017.6,2900.8,TUESDAY,NH,W,WWW
Big Street ATM,17-12-2014,102,41,61,5315.2,3691.2000000000003,1624.0,WEDNESDAY,NH,W,WWW
Mount Road ATM,17-12-2014,151,78,73,7366.400000000001,4478.400000000001,2888.0,WEDNESDAY,NH,W,WWW
Airport ATM,17-12-2014,111,81,30,9124.800000000001,6926.400000000001,2198.4,WEDNESDAY,NH,W,WWW
KK Nagar ATM,17-12-2014,130,96,34,8104.0,6936.0,1168.0,WEDNESDAY,NH,W,WWW
Christ College ATM,17-12-2014,114,50,64,8848.0,5465.6,3382.4,WEDNESDAY,NH,W,WWW
Big Street ATM,18-12-2014,116,49,67,6796.8,3977.6,2819.2000000000003,THURSDAY,NH,W,WWW
Mount Road ATM,18-12-2014,153,89,64,9865.6,6512.0,3353.6,THURSDAY,NH,W,WWW
Airport ATM,18-12-2014,97,76,21,6979.2,6088.0,891.2,THURSDAY,NH,W,WWW
KK Nagar ATM,18-12-2014,116,79,37,10246.4,7649.6,2596.8,THURSDAY,NH,W,WWW
Christ College ATM,18-12-2014,123,50,73,6968.0,3787.2000000000003,3180.8,THURSDAY,NH,W,WWW
Big Street ATM,19-12-2014,116,36,80,6774.400000000001,3092.8,3681.6,FRIDAY,NH,W,WWH
Mount Road ATM,19-12-2014,121,67,54,6553.6,3812.8,2740.8,FRIDAY,NH,W,WWH
Airport ATM,19-12-2014,107,94,13,10456.0,9273.6,1182.4,FRIDAY,NH,W,WWH
KK Nagar ATM,19-12-2014,128,90,38,8873.6,6942.400000000001,1931.2,FRIDAY,NH,W,WWH
Christ College ATM,19-12-2014,99,45,54,5393.6,3300.8,2092.8,FRIDAY,NH,W,WWH
Big Street ATM,20-12-2014,112,30,82,6092.8,2296.0,3796.8,SATURDAY,NH,H,WHH
Mount Road ATM,20-12-2014,177,88,89,11318.4,7449.6,3868.8,SATURDAY,NH,H,WHH
Airport ATM,20-12-2014,137,108,29,12764.800000000001,11348.800000000001,1416.0,SATURDAY,NH,H,WHH
KK Nagar ATM,20-12-2014,160,105,55,11051.2,6520.0,4531.2,SATURDAY,NH,H,WHH
Christ College ATM,20-12-2014,115,61,54,8033.6,4507.2,3526.4,SATURDAY,NH,H,WHH
Big Street ATM,21-12-2014,127,43,84,6556.8,2792.0,3764.8,SUNDAY,NH,H,HHW
Mount Road ATM,21-12-2014,137,65,72,8644.8,6192.0,2452.8,SUNDAY,NH,H,HHW
Airport ATM,21-12-2014,100,73,27,6342.400000000001,5129.6,1212.8,SUNDAY,NH,H,HHW
KK Nagar ATM,21-12-2014,68,45,23,3121.6,1852.8,1268.8,SUNDAY,NH,H,HHW
Christ College ATM,21-12-2014,132,54,78,6670.400000000001,2744.0,3926.4,SUNDAY,NH,H,HHW
Big Street ATM,22-12-2014,89,32,57,2841.6,984.0,1857.6000000000001,MONDAY,NH,W,HWW
Mount Road ATM,22-12-2014,168,89,79,12614.4,7145.6,5468.8,MONDAY,NH,W,HWW
Airport ATM,22-12-2014,98,77,21,7475.2,6683.2,792.0,MONDAY,NH,W,HWW
KK Nagar ATM,22-12-2014,174,111,63,13614.4,9038.4,4576.0,MONDAY,NH,W,HWW
Christ College ATM,22-12-2014,148,55,93,8900.800000000001,4446.400000000001,4454.400000000001,MONDAY,NH,W,HWW
Big Street ATM,23-12-2014,94,43,51,5441.6,3302.4,2139.2,TUESDAY,NH,W,WWW
Mount Road ATM,23-12-2014,163,104,59,11747.2,8723.2,3024.0,TUESDAY,NH,W,WWW
Airport ATM,23-12-2014,89,71,18,6384.0,6044.8,339.2,TUESDAY,NH,W,WWW
KK Nagar ATM,23-12-2014,176,118,58,12203.2,8552.0,3651.2000000000003,TUESDAY,NH,W,WWW
Christ College ATM,23-12-2014,93,39,54,5123.2,2976.0,2147.2,TUESDAY,NH,W,WWW
Big Street ATM,24-12-2014,122,53,69,6936.0,3897.6,3038.4,WEDNESDAY,NH,W,WWH
Mount Road ATM,24-12-2014,170,97,73,10388.800000000001,6953.6,3435.2000000000003,WEDNESDAY,NH,W,WWH
Airport ATM,24-12-2014,112,85,27,10614.4,9241.6,1372.8,WEDNESDAY,NH,W,WWH
KK Nagar ATM,24-12-2014,172,110,62,13712.0,8872.0,4840.0,WEDNESDAY,NH,W,WWH
Christ College ATM,24-12-2014,176,53,123,12174.4,4793.6,7380.8,WEDNESDAY,NH,W,WWH
Big Street ATM,25-12-2014,117,36,81,5617.6,2502.4,3115.2000000000003,THURSDAY,C,H,WHW
Mount Road ATM,25-12-2014,97,51,46,6379.2,4371.2,2008.0,THURSDAY,C,H,WHW
Airport ATM,25-12-2014,93,73,20,7019.2,6102.400000000001,916.8000000000001,THURSDAY,C,H,WHW
KK Nagar ATM,25-12-2014,150,94,56,10620.800000000001,7214.400000000001,3406.4,THURSDAY,C,H,WHW
Christ College ATM,25-12-2014,163,49,114,6942.400000000001,2620.8,4321.6,THURSDAY,C,H,WHW
Big Street ATM,26-12-2014,90,29,61,3836.8,1657.6000000000001,2179.2,FRIDAY,NH,W,HWH
Mount Road ATM,26-12-2014,158,90,68,11115.2,6480.0,4635.2,FRIDAY,NH,W,HWH
Airport ATM,26-12-2014,104,77,27,6892.8,5542.400000000001,1350.4,FRIDAY,NH,W,HWH
KK Nagar ATM,26-12-2014,176,102,74,10809.6,5923.2,4886.400000000001,FRIDAY,NH,W,HWH
Christ College ATM,26-12-2014,91,40,51,4614.400000000001,2480.0,2134.4,FRIDAY,NH,W,HWH
Big Street ATM,27-12-2014,107,38,69,6350.400000000001,3857.6,2492.8,SATURDAY,NH,H,WHH
Mount Road ATM,27-12-2014,172,105,67,12371.2,8964.800000000001,3406.4,SATURDAY,NH,H,WHH
Airport ATM,27-12-2014,91,78,13,9185.6,8764.800000000001,420.8,SATURDAY,NH,H,WHH
KK Nagar ATM,27-12-2014,157,97,60,11817.6,7736.0,4081.6,SATURDAY,NH,H,WHH
Christ College ATM,27-12-2014,114,51,63,7803.2,4459.2,3344.0,SATURDAY,NH,H,WHH
Big Street ATM,28-12-2014,104,29,75,5040.0,1872.0,3168.0,SUNDAY,NH,H,HHW
Mount Road ATM,28-12-2014,64,33,31,3784.0,2308.8,1475.2,SUNDAY,NH,H,HHW
Airport ATM,28-12-2014,77,58,19,4347.2,4014.4,332.8,SUNDAY,NH,H,HHW
KK Nagar ATM,28-12-2014,67,36,31,3368.0,1244.8,2123.2,SUNDAY,NH,H,HHW
Christ College ATM,28-12-2014,86,29,57,5072.0,1868.8,3203.2000000000003,SUNDAY,NH,H,HHW
Big Street ATM,29-12-2014,115,46,69,5880.0,3120.0,2760.0,MONDAY,NH,W,HWW
Mount Road ATM,29-12-2014,72,52,20,3808.0,2961.6,846.4,MONDAY,NH,W,HWW
Airport ATM,29-12-2014,68,52,16,7076.8,5840.0,1236.8,MONDAY,NH,W,HWW
KK Nagar ATM,29-12-2014,139,89,50,7961.6,5321.6,2640.0,MONDAY,NH,W,HWW
Christ College ATM,29-12-2014,113,67,46,8196.8,5286.400000000001,2910.4,MONDAY,NH,W,HWW
Big Street ATM,30-12-2014,129,42,87,8497.6,3756.8,4740.8,TUESDAY,NH,W,WWW
Mount Road ATM,30-12-2014,135,81,54,7686.400000000001,5347.2,2339.2000000000003,TUESDAY,NH,W,WWW
Airport ATM,30-12-2014,106,86,20,8203.2,7403.2,800.0,TUESDAY,NH,W,WWW
KK Nagar ATM,30-12-2014,143,88,55,9593.6,6140.8,3452.8,TUESDAY,NH,W,WWW
Christ College ATM,30-12-2014,110,50,60,8918.4,4350.4,4568.0,TUESDAY,NH,W,WWW
Big Street ATM,31-12-2014,172,54,118,10867.2,5083.2,5784.0,WEDNESDAY,NH,W,WWH
Mount Road ATM,31-12-2014,214,147,67,18516.8,14273.6,4243.2,WEDNESDAY,NH,W,WWH
Airport ATM,31-12-2014,128,97,31,12110.4,9678.4,2432.0,WEDNESDAY,NH,W,WWH
KK Nagar ATM,31-12-2014,279,160,119,21868.8,12862.4,9006.4,WEDNESDAY,NH,W,WWH
Christ College ATM,31-12-2014,165,75,90,11169.6,6358.400000000001,4811.2,WEDNESDAY,NH,W,WWH
Big Street ATM,1/1/2015,119,41,78,8573.28,3235.65,5337.63,Thursday,C,H,WHW
Mount Road ATM,1/1/2015,129,58,71,7921.38,3885.96,4035.42,Thursday,C,H,WHW
Airport ATM,1/1/2015,79,43,36,6329.79,4576.02,1753.7700000000002,Thursday,C,H,WHW
KK Nagar ATM,1/1/2015,257,96,161,18351.780000000002,6697.080000000001,11654.7,Thursday,C,H,WHW
Christ College ATM,1/1/2015,134,54,80,11489.34,4305.72,7183.620000000001,Thursday,C,H,WHW
Big Street ATM,2/1/2015,128,45,83,7018.26,2322.9900000000002,4695.27,Friday,NH,W,HWH
Mount Road ATM,2/1/2015,187,96,91,14387.910000000002,9694.230000000001,4693.68,Friday,NH,W,HWH
Airport ATM,2/1/2015,121,89,32,10071.060000000001,8264.82,1806.24,Friday,NH,W,HWH
KK Nagar ATM,2/1/2015,102,58,44,7174.080000000001,3641.1000000000004,3532.98,Friday,NH,W,HWH
Christ College ATM,2/1/2015,186,64,122,13243.11,4870.17,8372.94,Friday,NH,W,HWH
Big Street ATM,3/1/2015,137,48,89,8061.3,4210.320000000001,3850.98,Saturday,NH,H,WHH
Mount Road ATM,3/1/2015,209,106,103,16456.5,10234.83,6221.67,Saturday,NH,H,WHH
Airport ATM,3/1/2015,174,134,40,17324.64,14310.0,3014.6400000000003,Saturday,NH,H,WHH
KK Nagar ATM,3/1/2015,143,87,56,13790.070000000002,9088.44,4701.63,Saturday,NH,H,WHH
Christ College ATM,3/1/2015,169,89,80,13947.480000000001,7209.06,6738.42,Saturday,NH,H,WHH
Big Street ATM,4/1/2015,87,39,48,4636.4400000000005,1828.5,2807.94,Sunday,M,H,HHW
Mount Road ATM,4/1/2015,124,65,59,6935.580000000001,4488.570000000001,2447.01,Sunday,M,H,HHW
Airport ATM,4/1/2015,119,97,22,8417.460000000001,7275.84,1141.6200000000001,Sunday,M,H,HHW
KK Nagar ATM,4/1/2015,179,101,78,10951.92,4534.68,6417.240000000001,Sunday,M,H,HHW
Christ College ATM,4/1/2015,55,18,37,3159.3300000000004,906.3000000000001,2253.03,Sunday,M,H,HHW
Big Street ATM,5/1/2015,69,23,46,3253.1400000000003,798.1800000000001,2454.96,Monday,NH,W,HWW
Mount Road ATM,5/1/2015,192,133,59,17284.89,13944.300000000001,3340.59,Monday,NH,W,HWW
Airport ATM,5/1/2015,54,41,13,4940.13,4197.6,742.5300000000001,Monday,NH,W,HWW
KK Nagar ATM,5/1/2015,203,122,81,18305.670000000002,12184.17,6121.5,Monday,NH,W,HWW
Christ College ATM,5/1/2015,211,84,127,18345.420000000002,7439.610000000001,10905.810000000001,Monday,NH,W,HWW
Big Street ATM,6/1/2015,123,45,78,7444.38,4378.860000000001,3065.52,Tuesday,NH,W,WWW
Mount Road ATM,6/1/2015,173,100,73,11925.0,7627.2300000000005,4297.77,Tuesday,NH,W,WWW
Airport ATM,6/1/2015,98,70,28,7420.530000000001,5642.910000000001,1777.6200000000001,Tuesday,NH,W,WWW
KK Nagar ATM,6/1/2015,207,121,86,15022.320000000002,8205.99,6816.330000000001,Tuesday,NH,W,WWW
Christ College ATM,6/1/2015,152,70,82,9665.61,4917.87,4747.740000000001,Tuesday,NH,W,WWW
Big Street ATM,7/1/2015,108,45,63,5474.37,2377.05,3097.32,Wednesday,NH,W,WWW
Mount Road ATM,7/1/2015,222,125,97,14300.460000000001,9579.75,4720.71,Wednesday,NH,W,WWW
Airport ATM,7/1/2015,112,94,18,9527.28,9055.050000000001,472.23,Wednesday,NH,W,WWW
KK Nagar ATM,7/1/2015,178,126,52,13084.11,9535.230000000001,3548.88,Wednesday,NH,W,WWW
Christ College ATM,7/1/2015,128,60,68,8966.01,4493.34,4472.67,Wednesday,NH,W,WWW
Big Street ATM,8/1/2015,118,43,75,6722.52,2537.6400000000003,4184.88,Thursday,NH,W,WWW
Mount Road ATM,8/1/2015,194,111,83,13047.54,8608.26,4439.280000000001,Thursday,NH,W,WWW
Airport ATM,8/1/2015,118,85,33,9034.380000000001,7407.81,1626.5700000000002,Thursday,NH,W,WWW
KK Nagar ATM,8/1/2015,280,183,97,20685.9,14662.980000000001,6022.92,Thursday,NH,W,WWW
Christ College ATM,8/1/2015,143,76,67,12246.18,7533.42,4712.76,Thursday,NH,W,WWW
Big Street ATM,9/1/2015,109,37,72,5762.160000000001,2103.57,3658.59,Friday,NH,W,WWH
Mount Road ATM,9/1/2015,150,92,58,11120.460000000001,7771.92,3348.5400000000004,Friday,NH,W,WWH
Airport ATM,9/1/2015,120,83,37,9635.400000000001,6876.75,2758.65,Friday,NH,W,WWH
KK Nagar ATM,9/1/2015,195,135,60,12982.35,9183.84,3798.51,Friday,NH,W,WWH
Christ College ATM,9/1/2015,131,78,53,11082.300000000001,6522.18,4560.12,Friday,NH,W,WWH
Big Street ATM,10/1/2015,127,39,88,6270.96,2944.6800000000003,3326.28,Saturday,NH,H,WHH
Mount Road ATM,10/1/2015,228,104,124,14561.220000000001,8749.77,5811.450000000001,Saturday,NH,H,WHH
Airport ATM,10/1/2015,160,124,36,15206.76,12879.0,2327.76,Saturday,NH,H,WHH
KK Nagar ATM,10/1/2015,291,199,92,23532.0,16893.75,6638.25,Saturday,NH,H,WHH
Christ College ATM,10/1/2015,219,73,146,16950.99,8015.1900000000005,8935.800000000001,Saturday,NH,H,WHH
Big Street ATM,11/1/2015,126,41,85,7468.2300000000005,3083.01,4385.22,Sunday,NH,H,HHW
Mount Road ATM,11/1/2015,211,63,148,9342.84,3793.7400000000002,5549.1,Sunday,NH,H,HHW
Airport ATM,11/1/2015,149,113,36,10705.470000000001,9436.650000000001,1268.8200000000002,Sunday,NH,H,HHW
KK Nagar ATM,11/1/2015,99,58,41,5744.67,2962.17,2782.5,Sunday,NH,H,HHW
Christ College ATM,11/1/2015,158,50,108,7822.8,2588.52,5234.280000000001,Sunday,NH,H,HHW
Big Street ATM,12/1/2015,118,32,86,6614.400000000001,2012.94,4601.46,Monday,NH,W,HWW
Mount Road ATM,12/1/2015,206,109,97,14699.550000000001,8937.390000000001,5762.160000000001,Monday,NH,W,HWW
Airport ATM,12/1/2015,98,85,13,5242.2300000000005,4701.63,540.6,Monday,NH,W,HWW
KK Nagar ATM,12/1/2015,296,188,108,24140.97,16388.13,7752.84,Monday,NH,W,HWW
Christ College ATM,12/1/2015,137,62,75,8972.37,5682.660000000001,3289.71,Monday,NH,W,HWW
Big Street ATM,13-01-2015,116,43,73,5811.450000000001,2520.15,3291.3,Tuesday,NH,W,WWW
Mount Road ATM,13-01-2015,165,90,75,9382.59,5894.13,3488.46,Tuesday,NH,W,WWW
Airport ATM,13-01-2015,138,109,29,11870.94,10335.0,1535.94,Tuesday,NH,W,WWW
KK Nagar ATM,13-01-2015,202,134,68,12985.53,9799.17,3186.36,Tuesday,NH,W,WWW
Christ College ATM,13-01-2015,135,79,56,12163.5,8655.960000000001,3507.5400000000004,Tuesday,NH,W,WWW
Big Street ATM,14-01-2015,80,34,46,4569.66,2210.1,2359.56,Wednesday,NH,W,WWH
Mount Road ATM,14-01-2015,161,100,61,9244.26,6493.56,2750.7000000000003,Wednesday,NH,W,WWH
Airport ATM,14-01-2015,129,103,26,9374.640000000001,7825.9800000000005,1548.66,Wednesday,NH,W,WWH
KK Nagar ATM,14-01-2015,243,155,88,16807.89,12118.980000000001,4688.91,Wednesday,NH,W,WWH
Christ College ATM,14-01-2015,141,90,51,10786.560000000001,8765.67,2020.89,Wednesday,NH,W,WWH
Big Street ATM,15-01-2015,66,32,34,4978.29,3552.0600000000004,1426.23,Thursday,H,H,WHH
Mount Road ATM,15-01-2015,64,38,26,4156.26,2718.9,1437.3600000000001,Thursday,H,H,WHH
Airport ATM,15-01-2015,48,42,6,2836.56,2423.1600000000003,413.40000000000003,Thursday,H,H,WHH
KK Nagar ATM,15-01-2015,73,42,31,4191.240000000001,2324.58,1866.66,Thursday,H,H,WHH
Christ College ATM,15-01-2015,70,33,37,2811.1200000000003,1305.39,1505.73,Thursday,H,H,WHH
Big Street ATM,16-01-2015,73,30,43,3625.2000000000003,1540.71,2084.4900000000002,Friday,N,H,HHH
Mount Road ATM,16-01-2015,64,32,32,3035.3100000000004,1399.2,1636.1100000000001,Friday,N,H,HHH
Airport ATM,16-01-2015,43,32,11,3313.5600000000004,2844.51,469.05,Friday,N,H,HHH
KK Nagar ATM,16-01-2015,79,46,33,4579.2,2971.71,1607.49,Friday,N,H,HHH
Christ College ATM,16-01-2015,53,25,28,3749.2200000000003,2322.9900000000002,1426.23,Friday,N,H,HHH
Big Street ATM,17-01-2015,120,45,75,5272.4400000000005,2372.28,2900.1600000000003,Saturday,H,H,HHH
Mount Road ATM,17-01-2015,85,53,32,5862.33,4329.570000000001,1532.76,Saturday,H,H,HHH
Airport ATM,17-01-2015,71,51,20,4534.68,3594.9900000000002,939.69,Saturday,H,H,HHH
KK Nagar ATM,17-01-2015,134,81,53,9179.07,6407.700000000001,2771.3700000000003,Saturday,H,H,HHH
Christ College ATM,17-01-2015,97,41,56,3752.4,1694.94,2057.46,Saturday,H,H,HHH
Big Street ATM,18-01-2015,140,39,101,5561.820000000001,1675.8600000000001,3885.96,Sunday,NH,H,HHW
Mount Road ATM,18-01-2015,81,46,35,4851.09,3626.7900000000004,1224.3000000000002,Sunday,NH,H,HHW
Airport ATM,18-01-2015,82,49,33,4362.96,2687.1000000000004,1675.8600000000001,Sunday,NH,H,HHW
KK Nagar ATM,18-01-2015,96,60,36,8317.29,6429.96,1887.3300000000002,Sunday,NH,H,HHW
Christ College ATM,18-01-2015,100,49,51,5962.5,4140.360000000001,1822.14,Sunday,NH,H,HHW
Big Street ATM,19-01-2015,16,10,6,422.94,162.18,260.76,Monday,NH,W,HWW
Mount Road ATM,19-01-2015,136,79,57,8148.750000000001,4986.240000000001,3162.51,Monday,NH,W,HWW
Airport ATM,19-01-2015,134,106,28,11234.94,10020.18,1214.76,Monday,NH,W,HWW
KK Nagar ATM,19-01-2015,229,129,100,19056.15,12324.09,6732.06,Monday,NH,W,HWW
Christ College ATM,19-01-2015,168,81,87,12896.490000000002,7240.860000000001,5655.63,Monday,NH,W,HWW
Big Street ATM,20-01-2015,96,45,51,5216.79,3292.8900000000003,1923.9,Tuesday,NH,W,WWW
Mount Road ATM,20-01-2015,167,98,69,10274.58,6687.54,3587.0400000000004,Tuesday,NH,W,WWW
Airport ATM,20-01-2015,121,99,22,6064.26,5582.490000000001,481.77000000000004,Tuesday,NH,W,WWW
KK Nagar ATM,20-01-2015,95,66,29,7646.31,6089.700000000001,1556.6100000000001,Tuesday,NH,W,WWW
Christ College ATM,20-01-2015,133,57,76,7975.4400000000005,2690.28,5285.160000000001,Tuesday,NH,W,WWW
Big Street ATM,21-01-2015,96,44,52,5083.2300000000005,3976.59,1106.64,Wednesday,NH,W,WWW
Mount Road ATM,21-01-2015,116,84,32,7062.780000000001,5156.37,1906.41,Wednesday,NH,W,WWW
Airport ATM,21-01-2015,103,76,27,8363.4,6477.660000000001,1885.74,Wednesday,NH,W,WWW
KK Nagar ATM,21-01-2015,114,81,33,9040.74,6943.530000000001,2097.21,Wednesday,NH,W,WWW
Christ College ATM,21-01-2015,98,54,44,6223.26,3962.28,2260.98,Wednesday,NH,W,WWW
Big Street ATM,22-01-2015,101,52,49,5827.35,3413.73,2413.6200000000003,Thursday,NH,W,WWW
Mount Road ATM,22-01-2015,152,106,46,8110.59,5755.8,2354.79,Thursday,NH,W,WWW
Airport ATM,22-01-2015,115,85,30,8172.6,6385.4400000000005,1787.16,Thursday,NH,W,WWW
KK Nagar ATM,22-01-2015,96,63,33,7560.450000000001,4911.51,2648.94,Thursday,NH,W,WWW
Christ College ATM,22-01-2015,129,66,63,9586.11,6201.0,3385.11,Thursday,NH,W,WWW
Big Street ATM,23-01-2015,74,30,44,2405.67,998.5200000000001,1407.15,Friday,NH,W,WWH
Mount Road ATM,23-01-2015,143,92,51,10797.69,7922.97,2874.7200000000003,Friday,NH,W,WWH
Airport ATM,23-01-2015,93,70,23,6976.92,5421.900000000001,1555.02,Friday,NH,W,WWH
KK Nagar ATM,23-01-2015,70,44,26,3760.3500000000004,2135.3700000000003,1624.98,Friday,NH,W,WWH
Christ College ATM,23-01-2015,112,52,60,8587.59,5425.08,3162.51,Friday,NH,W,WWH
Big Street ATM,24-01-2015,101,40,61,5018.04,2664.84,2353.2000000000003,Saturday,NH,H,WHH
Mount Road ATM,24-01-2015,153,87,66,8361.810000000001,5716.05,2645.76,Saturday,NH,H,WHH
Airport ATM,24-01-2015,118,88,30,9412.800000000001,7463.46,1949.3400000000001,Saturday,NH,H,WHH
KK Nagar ATM,24-01-2015,79,58,21,6221.67,4693.68,1527.99,Saturday,NH,H,WHH
Christ College ATM,24-01-2015,146,63,83,10998.03,6150.120000000001,4847.91,Saturday,NH,H,WHH
Big Street ATM,25-01-2015,101,25,76,4235.76,1653.6000000000001,2582.1600000000003,Sunday,NH,H,HHH
Mount Road ATM,25-01-2015,80,37,43,3998.8500000000004,2419.98,1578.8700000000001,Sunday,NH,H,HHH
Airport ATM,25-01-2015,80,59,21,5041.89,4086.3,955.59,Sunday,NH,H,HHH
KK Nagar ATM,25-01-2015,95,59,36,4983.06,2637.81,2345.25,Sunday,NH,H,HHH
Christ College ATM,25-01-2015,94,40,54,5234.280000000001,2140.1400000000003,3094.1400000000003,Sunday,NH,H,HHH
Big Street ATM,26-01-2015,97,27,70,4526.7300000000005,2036.7900000000002,2489.94,Monday,N,H,HHW
Mount Road ATM,26-01-2015,108,46,62,5630.1900000000005,3221.34,2408.8500000000004,Monday,N,H,HHW
Airport ATM,26-01-2015,68,55,13,4625.31,4294.59,330.72,Monday,N,H,HHW
KK Nagar ATM,26-01-2015,97,63,34,7639.950000000001,5167.5,2472.4500000000003,Monday,N,H,HHW
Christ College ATM,26-01-2015,83,32,51,3892.32,1731.51,2160.81,Monday,N,H,HHW
Big Street ATM,27-01-2015,91,43,48,5410.77,2567.8500000000004,2842.92,Tuesday,NH,W,HWW
Mount Road ATM,27-01-2015,158,97,61,10710.24,7379.1900000000005,3331.05,Tuesday,NH,W,HWW
Airport ATM,27-01-2015,88,66,22,7011.900000000001,5498.22,1513.68,Tuesday,NH,W,HWW
KK Nagar ATM,27-01-2015,46,35,11,3734.9100000000003,2958.9900000000002,775.9200000000001,Tuesday,NH,W,HWW
Christ College ATM,27-01-2015,94,46,48,6536.490000000001,3310.38,3226.11,Tuesday,NH,W,HWW
Big Street ATM,28-01-2015,119,50,69,6016.56,3005.1000000000004,3011.46,Wednesday,NH,W,WWW
Mount Road ATM,28-01-2015,181,95,86,12893.310000000001,8174.1900000000005,4719.12,Wednesday,NH,W,WWW
Airport ATM,28-01-2015,105,82,23,9078.9,8237.79,841.11,Wednesday,NH,W,WWW
KK Nagar ATM,28-01-2015,107,83,24,7199.52,5929.110000000001,1270.41,Wednesday,NH,W,WWW
Christ College ATM,28-01-2015,111,52,59,8772.03,5048.25,3723.78,Wednesday,NH,W,WWW
Big Street ATM,29-01-2015,109,37,72,5479.14,2512.2000000000003,2966.94,Thursday,NH,W,WWW
Mount Road ATM,29-01-2015,172,91,81,10481.28,6584.1900000000005,3897.09,Thursday,NH,W,WWW
Airport ATM,29-01-2015,96,67,29,7633.59,5779.650000000001,1853.94,Thursday,NH,W,WWW
KK Nagar ATM,29-01-2015,204,163,41,18399.48,14926.92,3472.5600000000004,Thursday,NH,W,WWW
Christ College ATM,29-01-2015,94,40,54,6291.63,3111.63,3180.0,Thursday,NH,W,WWW
Big Street ATM,30-01-2015,117,47,70,6600.09,3164.1000000000004,3435.9900000000002,Friday,NH,W,WWH
Mount Road ATM,30-01-2015,176,96,80,14697.960000000001,9595.650000000001,5102.31,Friday,NH,W,WWH
Airport ATM,30-01-2015,108,88,20,7803.72,6312.3,1491.42,Friday,NH,W,WWH
KK Nagar ATM,30-01-2015,114,80,34,7178.85,4389.990000000001,2788.86,Friday,NH,W,WWH
Christ College ATM,30-01-2015,96,51,45,6402.93,4474.26,1928.67,Friday,NH,W,WWH
Big Street ATM,31-01-2015,129,36,93,8853.12,3878.01,4975.110000000001,Saturday,NH,H,WHH
Mount Road ATM,31-01-2015,206,101,105,15499.320000000002,9602.01,5897.31,Saturday,NH,H,WHH
Airport ATM,31-01-2015,124,96,28,11599.050000000001,10050.390000000001,1548.66,Saturday,NH,H,WHH
KK Nagar ATM,31-01-2015,152,90,62,11688.09,7296.51,4391.58,Saturday,NH,H,WHH
Christ College ATM,31-01-2015,225,62,163,14922.150000000001,5388.51,9533.640000000001,Saturday,NH,H,WHH
Big Street ATM,1/2/2015,122,44,78,6266.1900000000005,2844.51,3421.6800000000003,Sunday,NH,H,HHW
Mount Road ATM,1/2/2015,142,65,77,8067.660000000001,4666.650000000001,3401.01,Sunday,NH,H,HHW
Airport ATM,1/2/2015,127,99,28,10158.51,8245.74,1912.7700000000002,Sunday,NH,H,HHW
KK Nagar ATM,1/2/2015,124,73,51,11385.99,7046.88,4339.110000000001,Sunday,NH,H,HHW
Christ College ATM,1/2/2015,177,45,132,12325.68,3812.82,8512.86,Sunday,NH,H,HHW
Big Street ATM,2/2/2015,131,54,77,8194.86,3410.55,4784.31,Monday,NH,W,HWW
Mount Road ATM,2/2/2015,186,106,80,13125.45,7733.76,5391.6900000000005,Monday,NH,W,HWW
Airport ATM,2/2/2015,112,87,25,6394.9800000000005,5072.1,1322.88,Monday,NH,W,HWW
KK Nagar ATM,2/2/2015,106,65,41,8290.26,5150.01,3140.25,Monday,NH,W,HWW
Christ College ATM,2/2/2015,159,71,88,12543.51,5862.33,6681.18,Monday,NH,W,HWW
Big Street ATM,3/2/2015,123,50,73,8015.1900000000005,4347.06,3668.13,Tuesday,NH,W,WWW
Mount Road ATM,3/2/2015,203,115,88,16911.24,10974.18,5937.06,Tuesday,NH,W,WWW
Airport ATM,3/2/2015,109,85,24,10668.900000000001,9484.35,1184.5500000000002,Tuesday,NH,W,WWW
KK Nagar ATM,3/2/2015,248,164,84,18727.02,11947.26,6779.76,Tuesday,NH,W,WWW
Christ College ATM,3/2/2015,174,72,102,15928.62,7425.3,8503.32,Tuesday,NH,W,WWW
Big Street ATM,4/2/2015,119,51,68,7347.39,3774.6600000000003,3572.73,Wednesday,NH,W,WWW
Mount Road ATM,4/2/2015,202,123,79,14343.390000000001,9522.51,4820.88,Wednesday,NH,W,WWW
Airport ATM,4/2/2015,116,95,21,9058.230000000001,8190.09,868.1400000000001,Wednesday,NH,W,WWW
KK Nagar ATM,4/2/2015,77,55,22,4633.26,2865.1800000000003,1768.0800000000002,Wednesday,NH,W,WWW
Christ College ATM,4/2/2015,110,49,61,8779.980000000001,3378.75,5401.2300000000005,Wednesday,NH,W,WWW
Big Street ATM,5/2/2015,123,40,83,7240.860000000001,2192.61,5048.25,Thursday,NH,W,WWW
Mount Road ATM,5/2/2015,210,118,92,16481.940000000002,10813.59,5668.35,Thursday,NH,W,WWW
Airport ATM,5/2/2015,121,92,29,7875.27,6821.1,1054.17,Thursday,NH,W,WWW
KK Nagar ATM,5/2/2015,40,33,7,4267.56,3924.1200000000003,343.44,Thursday,NH,W,WWW
Christ College ATM,5/2/2015,149,60,89,11001.210000000001,4741.38,6259.83,Thursday,NH,W,WWW
Big Street ATM,6/2/2015,100,40,60,4370.91,1777.6200000000001,2593.29,Friday,NH,W,WWH
Mount Road ATM,6/2/2015,195,123,72,15381.660000000002,11527.5,3854.1600000000003,Friday,NH,W,WWH
Airport ATM,6/2/2015,115,75,40,7762.38,5895.72,1866.66,Friday,NH,W,WWH
KK Nagar ATM,6/2/2015,67,42,25,5334.450000000001,3482.1000000000004,1852.3500000000001,Friday,NH,W,WWH
Christ College ATM,6/2/2015,126,61,65,10126.710000000001,5083.2300000000005,5043.4800000000005,Friday,NH,W,WWH
Big Street ATM,7/2/2015,112,36,76,5569.77,2369.1000000000004,3200.67,Saturday,NH,H,WHH
Mount Road ATM,7/2/2015,198,126,72,13767.810000000001,9516.150000000001,4251.66,Saturday,NH,H,WHH
Airport ATM,7/2/2015,167,117,50,19525.2,15472.29,4052.9100000000003,Saturday,NH,H,WHH
KK Nagar ATM,7/2/2015,112,76,36,8317.29,5533.200000000001,2784.09,Saturday,NH,H,WHH
Christ College ATM,7/2/2015,144,70,74,10748.400000000001,5638.14,5110.26,Saturday,NH,H,WHH
Big Street ATM,8/2/2015,138,36,102,6838.59,2505.84,4332.75,Sunday,NH,H,HHW
Mount Road ATM,8/2/2015,164,60,104,9082.08,5515.71,3566.3700000000003,Sunday,NH,H,HHW
Airport ATM,8/2/2015,123,74,49,8185.320000000001,5895.72,2289.6,Sunday,NH,H,HHW
KK Nagar ATM,8/2/2015,62,39,23,4011.57,2699.82,1311.75,Sunday,NH,H,HHW
Christ College ATM,8/2/2015,131,51,80,9870.720000000001,4976.700000000001,4894.02,Sunday,NH,H,HHW
Big Street ATM,9/2/2015,123,40,83,5689.02,2656.8900000000003,3032.13,Monday,NH,W,HWW
Mount Road ATM,9/2/2015,153,99,54,10748.400000000001,7813.26,2935.1400000000003,Monday,NH,W,HWW
Airport ATM,9/2/2015,104,81,23,6110.370000000001,5232.6900000000005,877.6800000000001,Monday,NH,W,HWW
KK Nagar ATM,9/2/2015,195,140,55,14955.54,11459.130000000001,3496.4100000000003,Monday,NH,W,HWW
Christ College ATM,9/2/2015,172,58,114,12417.900000000001,5010.09,7407.81,Monday,NH,W,HWW
Big Street ATM,10/2/2015,118,36,82,6173.97,2168.76,4005.21,Tuesday,NH,W,WWW
Mount Road ATM,10/2/2015,177,108,69,12572.130000000001,8849.94,3722.19,Tuesday,NH,W,WWW
Airport ATM,10/2/2015,95,82,13,7643.13,7023.030000000001,620.1,Tuesday,NH,W,WWW
KK Nagar ATM,10/2/2015,108,85,23,7840.290000000001,5903.67,1936.6200000000001,Tuesday,NH,W,WWW
Christ College ATM,10/2/2015,119,66,53,8385.66,5304.240000000001,3081.42,Tuesday,NH,W,WWW
Big Street ATM,11/2/2015,112,39,73,5501.400000000001,2295.96,3205.44,Wednesday,NH,W,WWW
Mount Road ATM,11/2/2015,188,117,71,11667.42,8398.380000000001,3269.0400000000004,Wednesday,NH,W,WWW
Airport ATM,11/2/2015,97,79,18,7639.950000000001,6889.47,750.48,Wednesday,NH,W,WWW
KK Nagar ATM,11/2/2015,107,74,33,7026.21,4223.04,2803.17,Wednesday,NH,W,WWW
Christ College ATM,11/2/2015,144,55,89,9363.51,4894.02,4469.490000000001,Wednesday,NH,W,WWW
Big Street ATM,12/2/2015,127,44,83,7434.84,3760.3500000000004,3674.4900000000002,Thursday,NH,W,WWW
Mount Road ATM,12/2/2015,175,122,53,11554.53,9479.58,2074.9500000000003,Thursday,NH,W,WWW
Airport ATM,12/2/2015,114,90,24,10444.710000000001,9470.04,974.6700000000001,Thursday,NH,W,WWW
KK Nagar ATM,12/2/2015,102,77,25,8702.07,7374.42,1327.65,Thursday,NH,W,WWW
Christ College ATM,12/2/2015,154,66,88,10250.730000000001,4405.89,5844.84,Thursday,NH,W,WWW
Big Street ATM,13-02-2015,112,42,70,6746.370000000001,3792.15,2954.2200000000003,Friday,NH,W,WWH
Mount Road ATM,13-02-2015,157,80,77,8263.230000000001,4868.58,3394.65,Friday,NH,W,WWH
Airport ATM,13-02-2015,57,42,15,3218.1600000000003,2691.8700000000003,526.2900000000001,Friday,NH,W,WWH
KK Nagar ATM,13-02-2015,149,111,38,12521.25,10257.09,2264.1600000000003,Friday,NH,W,WWH
Christ College ATM,13-02-2015,208,59,149,9150.45,3138.6600000000003,6011.79,Friday,NH,W,WWH
Big Street ATM,14-02-2015,147,42,105,5296.29,1248.15,4048.1400000000003,Saturday,NH,H,WHH
Mount Road ATM,14-02-2015,200,119,81,14131.92,10675.26,3456.6600000000003,Saturday,NH,H,WHH
Airport ATM,14-02-2015,116,92,24,10255.5,9536.82,718.6800000000001,Saturday,NH,H,WHH
KK Nagar ATM,14-02-2015,84,55,29,7016.67,4963.9800000000005,2052.69,Saturday,NH,H,WHH
Christ College ATM,14-02-2015,225,86,139,15610.62,7689.240000000001,7921.38,Saturday,NH,H,WHH
Big Street ATM,15-02-2015,96,25,71,3617.25,828.3900000000001,2788.86,Sunday,NH,H,HHW
Mount Road ATM,15-02-2015,150,52,98,7530.240000000001,3720.6000000000004,3809.6400000000003,Sunday,NH,H,HHW
Airport ATM,15-02-2015,96,74,22,6220.08,5770.110000000001,449.97,Sunday,NH,H,HHW
KK Nagar ATM,15-02-2015,57,43,14,1558.2,1025.55,532.65,Sunday,NH,H,HHW
Christ College ATM,15-02-2015,245,52,193,11994.960000000001,3626.7900000000004,8368.17,Sunday,NH,H,HHW
Big Street ATM,16-02-2015,121,44,77,6441.09,3098.9100000000003,3342.1800000000003,Monday,NH,W,HWW
Mount Road ATM,16-02-2015,181,107,74,9102.75,5572.950000000001,3529.8,Monday,NH,W,HWW
Airport ATM,16-02-2015,80,63,17,6938.76,5604.75,1334.01,Monday,NH,W,HWW
KK Nagar ATM,16-02-2015,179,143,36,14488.080000000002,11913.87,2574.21,Monday,NH,W,HWW
Christ College ATM,16-02-2015,111,52,59,9586.11,6609.63,2976.48,Monday,NH,W,HWW
Big Street ATM,17-02-2015,119,39,80,5709.6900000000005,2648.94,3060.75,Tuesday,NH,W,WWW
Mount Road ATM,17-02-2015,174,97,77,7730.580000000001,4175.34,3555.2400000000002,Tuesday,NH,W,WWW
Airport ATM,17-02-2015,78,63,15,5687.43,5243.820000000001,443.61,Tuesday,NH,W,WWW
KK Nagar ATM,17-02-2015,80,63,17,5474.37,4401.12,1073.25,Tuesday,NH,W,WWW
Big Street ATM,18-02-2015,69,34,35,3195.9,2070.1800000000003,1125.72,Wednesday,NH,W,WWW
Mount Road ATM,18-02-2015,165,104,61,13192.230000000001,9355.560000000001,3836.67,Wednesday,NH,W,WWW
Airport ATM,18-02-2015,108,87,21,8132.85,7043.700000000001,1089.15,Wednesday,NH,W,WWW
KK Nagar ATM,18-02-2015,130,105,25,9816.66,7881.63,1935.0300000000002,Wednesday,NH,W,WWW
Christ College ATM,18-02-2015,38,20,18,1842.8100000000002,1381.71,461.1,Wednesday,NH,W,WWW
Big Street ATM,19-02-2015,122,39,83,6239.160000000001,3003.51,3235.65,Thursday,NH,W,WWW
Mount Road ATM,19-02-2015,166,112,54,10559.19,7547.7300000000005,3011.46,Thursday,NH,W,WWW
Airport ATM,19-02-2015,105,79,26,9730.800000000001,8302.980000000001,1427.8200000000002,Thursday,NH,W,WWW
KK Nagar ATM,19-02-2015,36,29,7,2280.06,2019.3000000000002,260.76,Thursday,NH,W,WWW
Christ College ATM,19-02-2015,97,54,43,6124.68,3676.0800000000004,2448.6000000000004,Thursday,NH,W,WWW
Big Street ATM,20-02-2015,88,30,58,4076.76,2132.19,1944.5700000000002,Friday,NH,W,WWH
Mount Road ATM,20-02-2015,159,111,48,9953.400000000001,8129.67,1823.73,Friday,NH,W,WWH
Airport ATM,20-02-2015,107,88,19,6864.030000000001,6083.34,780.69,Friday,NH,W,WWH
KK Nagar ATM,20-02-2015,86,69,17,6127.860000000001,4628.490000000001,1499.3700000000001,Friday,NH,W,WWH
Christ College ATM,20-02-2015,99,62,37,6908.55,5343.990000000001,1564.5600000000002,Friday,NH,W,WWH
Big Street ATM,21-02-2015,113,29,84,5242.2300000000005,2206.92,3035.3100000000004,Saturday,NH,H,WHH
Mount Road ATM,21-02-2015,171,94,77,10118.76,6679.59,3439.17,Saturday,NH,H,WHH
Airport ATM,21-02-2015,123,96,27,9864.36,8929.44,934.9200000000001,Saturday,NH,H,WHH
KK Nagar ATM,21-02-2015,68,49,19,5561.820000000001,4289.820000000001,1272.0,Saturday,NH,H,WHH
Christ College ATM,21-02-2015,129,74,55,10538.52,7013.490000000001,3525.03,Saturday,NH,H,WHH
Big Street ATM,22-02-2015,113,38,75,4164.21,2038.38,2125.83,Sunday,NH,H,HHW
Mount Road ATM,22-02-2015,97,51,46,3591.8100000000004,1873.0200000000002,1718.7900000000002,Sunday,NH,H,HHW
Airport ATM,22-02-2015,97,80,17,5227.92,4113.33,1114.5900000000001,Sunday,NH,H,HHW
KK Nagar ATM,22-02-2015,62,45,17,3734.9100000000003,3083.01,651.9000000000001,Sunday,NH,H,HHW
Christ College ATM,22-02-2015,101,45,56,4288.2300000000005,2330.94,1957.2900000000002,Sunday,NH,H,HHW
Big Street ATM,23-02-2015,91,38,53,5504.58,3561.6000000000004,1942.98,Monday,NH,W,HWW
Mount Road ATM,23-02-2015,169,111,58,10622.79,8517.630000000001,2105.1600000000003,Monday,NH,W,HWW
Airport ATM,23-02-2015,93,69,24,6628.71,5633.37,995.34,Monday,NH,W,HWW
KK Nagar ATM,23-02-2015,50,42,8,3731.73,3458.25,273.48,Monday,NH,W,HWW
Christ College ATM,23-02-2015,91,45,46,5420.31,2647.3500000000004,2772.96,Monday,NH,W,HWW
Big Street ATM,24-02-2015,97,38,59,5148.42,3017.82,2130.6,Tuesday,NH,W,WWW
Mount Road ATM,24-02-2015,137,87,50,7425.3,5464.83,1960.47,Tuesday,NH,W,WWW
Airport ATM,24-02-2015,105,81,24,7900.71,6981.6900000000005,919.0200000000001,Tuesday,NH,W,WWW
KK Nagar ATM,24-02-2015,54,40,14,2260.98,1970.0100000000002,290.97,Tuesday,NH,W,WWW
Christ College ATM,24-02-2015,88,49,39,5046.66,3259.5,1787.16,Tuesday,NH,W,WWW
Big Street ATM,25-02-2015,110,50,60,6747.96,4170.570000000001,2577.3900000000003,Wednesday,NH,W,WWW
Mount Road ATM,25-02-2015,151,92,59,9535.230000000001,6724.110000000001,2811.1200000000003,Wednesday,NH,W,WWW
Airport ATM,25-02-2015,95,78,17,6895.830000000001,6425.1900000000005,470.64000000000004,Wednesday,NH,W,WWW
KK Nagar ATM,25-02-2015,104,85,19,7582.71,6318.660000000001,1264.0500000000002,Wednesday,NH,W,WWW
Christ College ATM,25-02-2015,106,54,52,7409.400000000001,5065.740000000001,2343.6600000000003,Wednesday,NH,W,WWW
Big Street ATM,26-02-2015,104,37,67,5747.85,2755.4700000000003,2992.38,Thursday,NH,W,WWW
Mount Road ATM,26-02-2015,169,112,57,8702.07,6221.67,2480.4,Thursday,NH,W,WWW
Airport ATM,26-02-2015,90,69,21,7458.6900000000005,6270.96,1187.73,Thursday,NH,W,WWW
KK Nagar ATM,26-02-2015,86,66,20,7635.18,7088.22,546.96,Thursday,NH,W,WWW
Christ College ATM,26-02-2015,96,51,45,6396.570000000001,3855.7500000000005,2540.82,Thursday,NH,W,WWW
Big Street ATM,27-02-2015,115,43,72,6415.650000000001,3157.7400000000002,3257.9100000000003,Friday,NH,W,WWH
Mount Road ATM,27-02-2015,180,109,71,12766.11,9406.44,3359.67,Friday,NH,W,WWH
Airport ATM,27-02-2015,108,88,20,10024.95,9239.49,785.46,Friday,NH,W,WWH
KK Nagar ATM,27-02-2015,75,57,18,6711.39,5318.55,1392.8400000000001,Friday,NH,W,WWH
Christ College ATM,27-02-2015,126,73,53,9859.59,7258.35,2601.2400000000002,Friday,NH,W,WWH
Big Street ATM,28-02-2015,137,52,85,8546.25,3847.8,4698.450000000001,Saturday,NH,H,WHH
Mount Road ATM,28-02-2015,190,104,86,13028.460000000001,7100.9400000000005,5927.52,Saturday,NH,H,WHH
Airport ATM,28-02-2015,125,91,34,11705.58,9907.29,1798.2900000000002,Saturday,NH,H,WHH
KK Nagar ATM,28-02-2015,116,81,35,10845.390000000001,8226.66,2618.73,Saturday,NH,H,WHH
Christ College ATM,28-02-2015,127,57,70,10198.26,5453.700000000001,4744.56,Saturday,NH,H,WHH
Big Street ATM,1/3/2015,133,43,90,8255.28,2671.2000000000003,5584.08,Sunday,NH,H,HHW
Mount Road ATM,1/3/2015,214,77,137,14864.910000000002,6811.56,8053.35,Sunday,NH,H,HHW
Airport ATM,1/3/2015,59,50,9,2772.96,2478.81,294.15000000000003,Sunday,NH,H,HHW
KK Nagar ATM,1/3/2015,123,76,47,7899.120000000001,4946.490000000001,2952.63,Sunday,NH,H,HHW
Christ College ATM,1/3/2015,130,59,71,7533.42,3192.7200000000003,4340.7,Sunday,NH,H,HHW
Big Street ATM,2/3/2015,113,42,71,7671.75,3404.19,4267.56,Monday,NH,W,HWW
Mount Road ATM,2/3/2015,215,127,88,16826.97,11497.29,5329.68,Monday,NH,W,HWW
Airport ATM,2/3/2015,110,89,21,9815.07,8155.110000000001,1659.96,Monday,NH,W,HWW
KK Nagar ATM,2/3/2015,96,66,30,5859.150000000001,3987.7200000000003,1871.43,Monday,NH,W,HWW
Christ College ATM,2/3/2015,148,68,80,9649.710000000001,4886.070000000001,4763.64,Monday,NH,W,HWW
Big Street ATM,3/3/2015,137,52,85,10583.04,4265.97,6317.070000000001,Tuesday,NH,W,WWW
Mount Road ATM,3/3/2015,193,119,74,15610.62,11670.6,3940.0200000000004,Tuesday,NH,W,WWW
Airport ATM,3/3/2015,105,78,27,10780.2,8676.630000000001,2103.57,Tuesday,NH,W,WWW
KK Nagar ATM,3/3/2015,85,58,27,6245.52,4483.8,1761.72,Tuesday,NH,W,WWW
Christ College ATM,3/3/2015,153,73,80,10058.34,4645.9800000000005,5412.360000000001,Tuesday,NH,W,WWW
Big Street ATM,4/3/2015,116,37,79,7717.860000000001,3421.6800000000003,4296.18,Wednesday,NH,W,WWW
Mount Road ATM,4/3/2015,216,113,103,17788.920000000002,11362.140000000001,6426.780000000001,Wednesday,NH,W,WWW
Airport ATM,4/3/2015,136,99,37,14050.83,11467.08,2583.75,Wednesday,NH,W,WWW
KK Nagar ATM,4/3/2015,142,97,45,14206.650000000001,10943.970000000001,3262.6800000000003,Wednesday,NH,W,WWW
Christ College ATM,4/3/2015,147,72,75,11732.61,5309.01,6423.6,Wednesday,NH,W,WWW
Big Street ATM,5/3/2015,124,53,71,6115.14,2394.54,3720.6000000000004,Thursday,NH,W,WWW
Mount Road ATM,5/3/2015,194,123,71,16173.480000000001,11384.400000000001,4789.08,Thursday,NH,W,WWW
Airport ATM,5/3/2015,90,64,26,6623.9400000000005,5343.990000000001,1279.95,Thursday,NH,W,WWW
KK Nagar ATM,5/3/2015,126,98,28,11063.220000000001,8808.6,2254.6200000000003,Thursday,NH,W,WWW
Christ College ATM,5/3/2015,172,89,83,14254.35,8719.560000000001,5534.79,Thursday,NH,W,WWW
Big Street ATM,6/3/2015,102,19,83,3609.3,219.42000000000002,3389.88,Friday,NH,W,WWH
Mount Road ATM,6/3/2015,152,89,63,9602.01,6201.0,3401.01,Friday,NH,W,WWH
Airport ATM,6/3/2015,113,83,30,8810.19,6891.06,1919.13,Friday,NH,W,WWH
KK Nagar ATM,6/3/2015,31,25,6,3156.15,2703.0,453.15000000000003,Friday,NH,W,WWH
Christ College ATM,6/3/2015,139,65,74,10382.7,4690.5,5692.200000000001,Friday,NH,W,WWH
Big Street ATM,7/3/2015,136,42,94,5965.68,1798.2900000000002,4167.39,Saturday,NH,H,WHH
Mount Road ATM,7/3/2015,190,111,79,12559.41,8304.57,4254.84,Saturday,NH,H,WHH
Airport ATM,7/3/2015,120,98,22,10280.94,9594.060000000001,686.88,Saturday,NH,H,WHH
KK Nagar ATM,7/3/2015,43,34,9,2761.8300000000004,2065.4100000000003,696.4200000000001,Saturday,NH,H,WHH
Christ College ATM,7/3/2015,131,67,64,11320.800000000001,6455.400000000001,4865.400000000001,Saturday,NH,H,WHH
Big Street ATM,8/3/2015,10,0,10,593.07,0.0,593.07,Sunday,NH,H,HHW
Mount Road ATM,8/3/2015,141,70,71,7361.700000000001,4480.62,2881.0800000000004,Sunday,NH,H,HHW
Airport ATM,8/3/2015,124,96,28,8762.49,7868.910000000001,893.58,Sunday,NH,H,HHW
KK Nagar ATM,8/3/2015,62,43,19,4790.67,3369.21,1421.46,Sunday,NH,H,HHW
Christ College ATM,8/3/2015,112,50,62,7803.72,3553.65,4250.070000000001,Sunday,NH,H,HHW
Mount Road ATM,9/3/2015,159,106,53,12052.2,9202.92,2849.28,Monday,NH,W,HWW
Airport ATM,9/3/2015,90,73,17,4959.21,4253.25,705.96,Monday,NH,W,HWW
KK Nagar ATM,9/3/2015,58,40,18,5143.650000000001,3542.52,1601.13,Monday,NH,W,HWW
Christ College ATM,9/3/2015,119,66,53,8932.62,5100.72,3831.9,Monday,NH,W,HWW
Mount Road ATM,10/3/2015,148,98,50,10746.810000000001,7636.77,3110.04,Tuesday,NH,W,WWW
Airport ATM,10/3/2015,115,98,17,12107.85,11069.58,1038.27,Tuesday,NH,W,WWW
KK Nagar ATM,10/3/2015,27,17,10,1316.52,467.46000000000004,849.0600000000001,Tuesday,NH,W,WWW
Christ College ATM,10/3/2015,132,54,78,10047.210000000001,4277.1,5770.110000000001,Tuesday,NH,W,WWW
Big Street ATM,11/3/2015,13,7,6,100.17,54.06,46.11,Wednesday,NH,W,WWW
Mount Road ATM,11/3/2015,189,115,74,14599.380000000001,9694.230000000001,4905.150000000001,Wednesday,NH,W,WWW
Airport ATM,11/3/2015,166,126,40,13305.12,10967.820000000002,2337.3,Wednesday,NH,W,WWW
KK Nagar ATM,11/3/2015,127,85,42,13869.570000000002,10829.49,3040.0800000000004,Wednesday,NH,W,WWW
Christ College ATM,11/3/2015,103,57,46,7264.71,4819.29,2445.42,Wednesday,NH,W,WWW
Big Street ATM,12/3/2015,130,56,74,8093.1,4690.5,3402.6000000000004,Thursday,NH,W,WWW
Mount Road ATM,12/3/2015,151,97,54,10390.650000000001,6805.200000000001,3585.4500000000003,Thursday,NH,W,WWW
Airport ATM,12/3/2015,107,91,16,8029.500000000001,7581.120000000001,448.38000000000005,Thursday,NH,W,WWW
KK Nagar ATM,12/3/2015,74,54,20,5488.68,4507.650000000001,981.0300000000001,Thursday,NH,W,WWW
Christ College ATM,12/3/2015,185,62,123,10856.52,4882.89,5973.63,Thursday,NH,W,WWW
Big Street ATM,13-03-2015,107,39,68,6515.820000000001,3229.29,3286.53,Friday,NH,W,WWH
Mount Road ATM,13-03-2015,164,96,68,11770.77,7818.030000000001,3952.7400000000002,Friday,NH,W,WWH
Airport ATM,13-03-2015,93,70,23,7635.18,6576.240000000001,1058.94,Friday,NH,W,WWH
KK Nagar ATM,13-03-2015,89,70,19,5747.85,4798.62,949.23,Friday,NH,W,WWH
Christ College ATM,13-03-2015,209,66,143,13616.76,6297.990000000001,7318.77,Friday,NH,W,WWH
Big Street ATM,14-03-2015,119,41,78,6088.110000000001,2680.7400000000002,3407.3700000000003,Saturday,NH,H,WHH
Mount Road ATM,14-03-2015,219,104,115,13495.92,7827.570000000001,5668.35,Saturday,NH,H,WHH
Airport ATM,14-03-2015,122,102,20,7765.56,7383.96,381.6,Saturday,NH,H,WHH
KK Nagar ATM,14-03-2015,108,81,27,8989.86,6641.43,2348.4300000000003,Saturday,NH,H,WHH
Christ College ATM,14-03-2015,184,73,111,12227.1,5245.410000000001,6981.6900000000005,Saturday,NH,H,WHH
Big Street ATM,15-03-2015,104,34,70,5483.910000000001,1855.5300000000002,3628.38,Sunday,NH,H,HHW
Mount Road ATM,15-03-2015,132,70,62,7781.46,5485.5,2295.96,Sunday,NH,H,HHW
Airport ATM,15-03-2015,105,75,30,8050.17,6461.76,1588.41,Sunday,NH,H,HHW
KK Nagar ATM,15-03-2015,84,65,19,7552.5,6347.280000000001,1205.22,Sunday,NH,H,HHW
Christ College ATM,15-03-2015,75,42,33,3327.8700000000003,2219.6400000000003,1108.23,Sunday,NH,H,HHW
Big Street ATM,16-03-2015,120,53,67,8258.460000000001,4207.14,4051.32,Monday,NH,W,HWW
Mount Road ATM,16-03-2015,142,88,54,8039.040000000001,5916.39,2122.65,Monday,NH,W,HWW
Airport ATM,16-03-2015,127,102,25,13494.33,12311.37,1182.96,Monday,NH,W,HWW
KK Nagar ATM,16-03-2015,81,61,20,5167.5,3822.36,1345.14,Monday,NH,W,HWW
Christ College ATM,16-03-2015,126,66,60,9829.380000000001,6388.620000000001,3440.76,Monday,NH,W,HWW
Big Street ATM,17-03-2015,118,33,85,5817.81,1590.0,4227.81,Tuesday,NH,W,WWW
Mount Road ATM,17-03-2015,148,100,48,10088.550000000001,8587.59,1500.96,Tuesday,NH,W,WWW
Airport ATM,17-03-2015,74,60,14,6706.620000000001,6285.27,421.35,Tuesday,NH,W,WWW
KK Nagar ATM,17-03-2015,78,58,20,6186.6900000000005,5040.3,1146.39,Tuesday,NH,W,WWW
Christ College ATM,17-03-2015,104,54,50,5940.240000000001,3521.8500000000004,2418.3900000000003,Tuesday,NH,W,WWW
Big Street ATM,18-03-2015,117,51,66,5339.22,2869.9500000000003,2469.27,Wednesday,NH,W,WWW
Mount Road ATM,18-03-2015,152,106,46,11670.6,10042.44,1628.16,Wednesday,NH,W,WWW
Airport ATM,18-03-2015,121,93,28,10592.58,9505.02,1087.5600000000002,Wednesday,NH,W,WWW
KK Nagar ATM,18-03-2015,94,71,23,7789.410000000001,6668.46,1120.95,Wednesday,NH,W,WWW
Christ College ATM,18-03-2015,110,58,52,7150.2300000000005,5401.2300000000005,1749.0,Wednesday,NH,W,WWW
Big Street ATM,19-03-2015,111,43,68,6566.700000000001,3746.0400000000004,2820.6600000000003,Thursday,NH,W,WWW
Mount Road ATM,19-03-2015,145,90,55,9644.94,6908.55,2736.3900000000003,Thursday,NH,W,WWW
Airport ATM,19-03-2015,94,68,26,8126.490000000001,7054.830000000001,1071.66,Thursday,NH,W,WWW
KK Nagar ATM,19-03-2015,88,61,27,7110.4800000000005,5262.900000000001,1847.5800000000002,Thursday,NH,W,WWW
Christ College ATM,19-03-2015,114,53,61,7353.75,4725.4800000000005,2628.27,Thursday,NH,W,WWW
Big Street ATM,20-03-2015,93,29,64,5375.79,1855.5300000000002,3520.26,Friday,NH,W,WWH
Mount Road ATM,20-03-2015,179,109,70,12193.710000000001,9077.310000000001,3116.4,Friday,NH,W,WWH
Airport ATM,20-03-2015,87,70,17,7250.400000000001,6129.450000000001,1120.95,Friday,NH,W,WWH
KK Nagar ATM,20-03-2015,75,65,10,6124.68,5661.990000000001,462.69000000000005,Friday,NH,W,WWH
Christ College ATM,20-03-2015,115,54,61,6803.610000000001,3836.67,2966.94,Friday,NH,W,WWH
Big Street ATM,21-03-2015,142,37,105,6805.200000000001,2547.1800000000003,4258.02,Saturday,H,H,WHH
Mount Road ATM,21-03-2015,173,101,72,11748.51,9132.960000000001,2615.55,Saturday,H,H,WHH
Airport ATM,21-03-2015,109,82,27,10071.060000000001,8911.95,1159.1100000000001,Saturday,H,H,WHH
KK Nagar ATM,21-03-2015,73,54,19,6027.6900000000005,4814.52,1213.17,Saturday,H,H,WHH
Christ College ATM,21-03-2015,142,60,82,12163.5,7595.43,4568.070000000001,Saturday,H,H,WHH
Big Street ATM,22-03-2015,109,30,79,5216.79,1912.7700000000002,3304.02,Sunday,NH,H,HHW
Mount Road ATM,22-03-2015,116,49,67,5053.02,2292.78,2760.2400000000002,Sunday,NH,H,HHW
Airport ATM,22-03-2015,84,62,22,5989.530000000001,5010.09,979.44,Sunday,NH,H,HHW
KK Nagar ATM,22-03-2015,101,67,34,6240.75,3340.59,2900.1600000000003,Sunday,NH,H,HHW
Christ College ATM,22-03-2015,150,39,111,8086.740000000001,1989.0900000000001,6097.650000000001,Sunday,NH,H,HHW
Big Street ATM,23-03-2015,120,43,77,5464.83,1860.3000000000002,3604.53,Monday,NH,W,HWW
Mount Road ATM,23-03-2015,113,79,34,7638.360000000001,5709.6900000000005,1928.67,Monday,NH,W,HWW
Airport ATM,23-03-2015,97,72,25,7932.51,6452.22,1480.2900000000002,Monday,NH,W,HWW
KK Nagar ATM,23-03-2015,104,74,30,7477.77,5696.97,1780.8000000000002,Monday,NH,W,HWW
Christ College ATM,23-03-2015,151,61,90,9045.51,4569.66,4475.85,Monday,NH,W,HWW
Big Street ATM,24-03-2015,131,52,79,7277.43,3874.8300000000004,3402.6000000000004,Tuesday,NH,W,WWW
Mount Road ATM,24-03-2015,137,79,58,8399.970000000001,4760.46,3639.51,Tuesday,NH,W,WWW
Airport ATM,24-03-2015,101,81,20,9355.560000000001,8314.11,1041.45,Tuesday,NH,W,WWW
KK Nagar ATM,24-03-2015,88,64,24,6727.29,5060.97,1666.3200000000002,Tuesday,NH,W,WWW
Christ College ATM,24-03-2015,132,64,68,7131.150000000001,4113.33,3017.82,Tuesday,NH,W,WWW
Big Street ATM,25-03-2015,106,42,64,6016.56,3129.1200000000003,2887.44,Wednesday,NH,W,WWW
Mount Road ATM,25-03-2015,193,121,72,12287.52,9018.480000000001,3269.0400000000004,Wednesday,NH,W,WWW
Airport ATM,25-03-2015,129,112,17,14119.2,12991.890000000001,1127.3100000000002,Wednesday,NH,W,WWW
KK Nagar ATM,25-03-2015,76,61,15,5525.25,4486.9800000000005,1038.27,Wednesday,NH,W,WWW
Christ College ATM,25-03-2015,125,62,63,8414.28,5825.76,2588.52,Wednesday,NH,W,WWW
Big Street ATM,26-03-2015,108,42,66,6425.1900000000005,3485.28,2939.9100000000003,Thursday,NH,W,WWW
Mount Road ATM,26-03-2015,152,104,48,9406.44,7757.610000000001,1648.8300000000002,Thursday,NH,W,WWW
Airport ATM,26-03-2015,97,76,21,8471.52,7848.240000000001,623.2800000000001,Thursday,NH,W,WWW
KK Nagar ATM,26-03-2015,89,72,17,5724.0,4997.37,726.63,Thursday,NH,W,WWW
Christ College ATM,26-03-2015,106,44,62,7886.400000000001,3741.2700000000004,4145.13,Thursday,NH,W,WWW
Big Street ATM,27-03-2015,112,49,63,5611.110000000001,3275.4,2335.71,Friday,NH,W,WWH
Mount Road ATM,27-03-2015,158,100,58,6565.110000000001,5075.280000000001,1489.8300000000002,Friday,NH,W,WWH
Airport ATM,27-03-2015,79,55,24,5693.79,4696.860000000001,996.9300000000001,Friday,NH,W,WWH
KK Nagar ATM,27-03-2015,86,70,16,7428.4800000000005,6553.9800000000005,874.5,Friday,NH,W,WWH
Christ College ATM,27-03-2015,145,69,76,11145.900000000001,7051.650000000001,4094.2500000000005,Friday,NH,W,WWH
Big Street ATM,28-03-2015,11,11,0,1028.73,1028.73,0.0,Saturday,NH,H,WHH
Mount Road ATM,28-03-2015,164,109,55,8910.36,6191.46,2718.9,Saturday,NH,H,WHH
Airport ATM,28-03-2015,94,71,23,6700.26,5736.72,963.5400000000001,Saturday,NH,H,WHH
KK Nagar ATM,28-03-2015,94,77,17,8023.14,7113.660000000001,909.48,Saturday,NH,H,WHH
Christ College ATM,28-03-2015,117,58,59,8382.480000000001,5910.030000000001,2472.4500000000003,Saturday,NH,H,WHH
Big Street ATM,29-03-2015,78,25,53,3912.9900000000002,1567.74,2345.25,Sunday,NH,H,HHW
Mount Road ATM,29-03-2015,130,64,66,6491.97,4437.6900000000005,2054.28,Sunday,NH,H,HHW
Airport ATM,29-03-2015,92,69,23,6121.5,5375.79,745.71,Sunday,NH,H,HHW
KK Nagar ATM,29-03-2015,95,61,34,5731.950000000001,3868.4700000000003,1863.48,Sunday,NH,H,HHW
Christ College ATM,29-03-2015,102,48,54,5111.85,2876.31,2235.54,Sunday,NH,H,HHW
Big Street ATM,30-03-2015,120,48,72,6754.320000000001,3466.2000000000003,3288.1200000000003,Monday,NH,W,HWW
Mount Road ATM,30-03-2015,176,109,67,11896.380000000001,7983.39,3912.9900000000002,Monday,NH,W,HWW
Airport ATM,30-03-2015,99,72,27,8398.380000000001,6652.56,1745.8200000000002,Monday,NH,W,HWW
KK Nagar ATM,30-03-2015,117,88,29,10428.810000000001,8875.380000000001,1553.43,Monday,NH,W,HWW
Christ College ATM,30-03-2015,132,74,58,8492.19,6167.610000000001,2324.58,Monday,NH,W,HWW
Big Street ATM,31-03-2015,122,42,80,8134.4400000000005,3286.53,4847.91,Tuesday,NH,W,WWW
Mount Road ATM,31-03-2015,201,136,65,12907.62,9877.08,3030.54,Tuesday,NH,W,WWW
Airport ATM,31-03-2015,130,100,30,14769.51,12747.03,2022.48,Tuesday,NH,W,WWW
KK Nagar ATM,31-03-2015,109,91,18,12365.43,10843.800000000001,1521.63,Tuesday,NH,W,WWW
Christ College ATM,31-03-2015,89,45,44,7197.93,3240.42,3957.51,Tuesday,NH,W,WWW
Big Street ATM,1/4/2015,132,52,80,8733.87,4189.650000000001,4544.22,Wednesday,NH,W,WWH
Mount Road ATM,1/4/2015,172,98,74,11454.36,7700.370000000001,3753.9900000000002,Wednesday,NH,W,WWH
Airport ATM,1/4/2015,148,120,28,13346.460000000001,11877.300000000001,1469.16,Wednesday,NH,W,WWH
KK Nagar ATM,1/4/2015,138,102,36,8237.79,6782.9400000000005,1454.8500000000001,Wednesday,NH,W,WWH
Christ College ATM,1/4/2015,144,62,82,10257.09,4661.88,5595.21,Wednesday,NH,W,WWH
Big Street ATM,2/4/2015,94,24,70,6571.47,2171.94,4399.530000000001,Thursday,H,H,WHH
Mount Road ATM,2/4/2015,160,97,63,11406.66,8035.860000000001,3370.8,Thursday,H,H,WHH
Airport ATM,2/4/2015,130,107,23,12762.93,10777.02,1985.91,Thursday,H,H,WHH
KK Nagar ATM,2/4/2015,126,81,45,7919.790000000001,6167.610000000001,1752.18,Thursday,H,H,WHH
Christ College ATM,2/4/2015,141,48,93,10514.67,3583.86,6930.81,Thursday,H,H,WHH
Mount Road ATM,3/4/2015,101,57,44,4609.41,2745.9300000000003,1863.48,Friday,C,H,HHH
Airport ATM,3/4/2015,14,14,0,459.51000000000005,459.51000000000005,0.0,Friday,C,H,HHH
KK Nagar ATM,3/4/2015,249,124,125,15516.810000000001,8031.09,7485.72,Friday,C,H,HHH
Christ College ATM,3/4/2015,138,50,88,9498.66,3852.57,5646.09,Friday,C,H,HHH
Big Street ATM,4/4/2015,70,19,51,3912.9900000000002,939.69,2973.3,Saturday,NH,H,HHH
Mount Road ATM,4/4/2015,166,103,63,7562.040000000001,5382.150000000001,2179.8900000000003,Saturday,NH,H,HHH
Airport ATM,4/4/2015,63,47,16,4606.2300000000005,3529.8,1076.43,Saturday,NH,H,HHH
KK Nagar ATM,4/4/2015,70,44,26,3542.52,2221.23,1321.2900000000002,Saturday,NH,H,HHH
Christ College ATM,4/4/2015,102,36,66,6340.92,2814.3,3526.6200000000003,Saturday,NH,H,HHH
Big Street ATM,5/4/2015,60,24,36,4523.55,2049.51,2474.04,Sunday,NH,H,HHW
Mount Road ATM,5/4/2015,145,70,75,9350.79,5553.87,3796.92,Sunday,NH,H,HHW
Airport ATM,5/4/2015,116,93,23,9649.710000000001,8407.92,1241.79,Sunday,NH,H,HHW
KK Nagar ATM,5/4/2015,138,72,66,10683.210000000001,5355.12,5328.09,Sunday,NH,H,HHW
Christ College ATM,5/4/2015,99,34,65,6210.54,2688.69,3521.8500000000004,Sunday,NH,H,HHW
Big Street ATM,6/4/2015,106,42,64,5566.59,3311.9700000000003,2254.6200000000003,Monday,NH,W,HWW
Mount Road ATM,6/4/2015,208,117,91,15787.11,10436.76,5350.35,Monday,NH,W,HWW
Airport ATM,6/4/2015,171,119,52,17063.88,13581.78,3482.1000000000004,Monday,NH,W,HWW
KK Nagar ATM,6/4/2015,219,149,70,17356.440000000002,12341.58,5014.860000000001,Monday,NH,W,HWW
Christ College ATM,6/4/2015,203,82,121,16741.11,7445.97,9295.140000000001,Monday,NH,W,HWW
Big Street ATM,7/4/2015,99,41,58,5501.400000000001,2230.77,3270.63,Tuesday,NH,W,WWW
Mount Road ATM,7/4/2015,112,66,46,6201.0,3753.9900000000002,2447.01,Tuesday,NH,W,WWW
Airport ATM,7/4/2015,115,80,35,10657.77,8479.470000000001,2178.3,Tuesday,NH,W,WWW
KK Nagar ATM,7/4/2015,150,115,35,9684.69,7161.360000000001,2523.33,Tuesday,NH,W,WWW
Christ College ATM,7/4/2015,146,63,83,9576.57,3857.34,5719.2300000000005,Tuesday,NH,W,WWW
Big Street ATM,8/4/2015,107,34,73,7178.85,3092.55,4086.3,Wednesday,NH,W,WWW
Mount Road ATM,8/4/2015,229,158,71,19903.620000000003,15413.460000000001,4490.16,Wednesday,NH,W,WWW
Airport ATM,8/4/2015,144,110,34,13058.67,11425.74,1632.93,Wednesday,NH,W,WWW
KK Nagar ATM,8/4/2015,87,63,24,7601.790000000001,6043.59,1558.2,Wednesday,NH,W,WWW
Christ College ATM,8/4/2015,139,59,80,10513.08,5178.63,5334.450000000001,Wednesday,NH,W,WWW
Big Street ATM,9/4/2015,107,39,68,7018.26,2750.7000000000003,4267.56,Thursday,NH,W,WWW
Mount Road ATM,9/4/2015,176,118,58,13171.560000000001,10031.310000000001,3140.25,Thursday,NH,W,WWW
Airport ATM,9/4/2015,114,81,33,9158.4,7377.6,1780.8000000000002,Thursday,NH,W,WWW
KK Nagar ATM,9/4/2015,70,36,34,6509.46,3474.15,3035.3100000000004,Thursday,NH,W,WWW
Christ College ATM,9/4/2015,143,70,73,11532.27,5359.89,6172.38,Thursday,NH,W,WWW
Big Street ATM,10/4/2015,77,26,51,4744.56,2553.54,2191.02,Friday,NH,W,WWH
Mount Road ATM,10/4/2015,178,121,57,14001.54,11242.890000000001,2758.65,Friday,NH,W,WWH
Airport ATM,10/4/2015,112,85,27,9592.470000000001,7813.26,1779.21,Friday,NH,W,WWH
KK Nagar ATM,10/4/2015,118,81,37,9201.33,5968.860000000001,3232.4700000000003,Friday,NH,W,WWH
Christ College ATM,10/4/2015,119,58,61,9109.11,5507.76,3601.3500000000004,Friday,NH,W,WWH
Big Street ATM,11/4/2015,91,30,61,6240.75,2811.1200000000003,3429.63,Saturday,NH,H,WHH
Mount Road ATM,11/4/2015,202,101,101,9608.37,5661.990000000001,3946.38,Saturday,NH,H,WHH
Airport ATM,11/4/2015,115,95,20,9964.53,9055.050000000001,909.48,Saturday,NH,H,WHH
KK Nagar ATM,11/4/2015,48,25,23,3691.98,1898.46,1793.5200000000002,Saturday,NH,H,WHH
Christ College ATM,11/4/2015,147,54,93,10916.94,5937.06,4979.88,Saturday,NH,H,WHH
Big Street ATM,12/4/2015,116,36,80,5369.43,1809.42,3560.01,Sunday,NH,H,HHW
Mount Road ATM,12/4/2015,138,65,73,7134.330000000001,5083.2300000000005,2051.1,Sunday,NH,H,HHW
Airport ATM,12/4/2015,85,60,25,5919.570000000001,4623.72,1295.8500000000001,Sunday,NH,H,HHW
KK Nagar ATM,12/4/2015,63,36,27,3618.84,2399.31,1219.53,Sunday,NH,H,HHW
Christ College ATM,12/4/2015,137,53,84,8094.6900000000005,3253.1400000000003,4841.55,Sunday,NH,H,HHW
Big Street ATM,13-04-2015,112,37,75,7517.52,3316.7400000000002,4200.780000000001,Monday,NH,W,HWH
Mount Road ATM,13-04-2015,138,83,55,8794.29,5897.31,2896.98,Monday,NH,W,HWH
Airport ATM,13-04-2015,111,88,23,9889.800000000001,8586.0,1303.8000000000002,Monday,NH,W,HWH
KK Nagar ATM,13-04-2015,111,83,28,8754.54,6646.200000000001,2108.34,Monday,NH,W,HWH
Christ College ATM,13-04-2015,168,69,99,14351.34,6561.93,7789.410000000001,Monday,NH,W,HWH
Big Street ATM,14-04-2015,121,34,87,5768.52,2248.26,3520.26,Tuesday,H,H,WHW
Mount Road ATM,14-04-2015,101,49,52,5350.35,2661.6600000000003,2688.69,Tuesday,H,H,WHW
Airport ATM,14-04-2015,76,54,22,6067.4400000000005,3790.5600000000004,2276.88,Tuesday,H,H,WHW
KK Nagar ATM,14-04-2015,93,57,36,9144.09,6555.570000000001,2588.52,Tuesday,H,H,WHW
Christ College ATM,14-04-2015,92,42,50,6347.280000000001,3593.4,2753.88,Tuesday,H,H,WHW
Big Street ATM,15-04-2015,97,33,64,6081.75,2812.71,3269.0400000000004,Wednesday,NH,W,HWW
Mount Road ATM,15-04-2015,133,101,32,10072.650000000001,8889.69,1182.96,Wednesday,NH,W,HWW
Airport ATM,15-04-2015,98,73,25,7892.76,6158.070000000001,1734.69,Wednesday,NH,W,HWW
KK Nagar ATM,15-04-2015,163,110,53,7450.740000000001,4533.09,2917.65,Wednesday,NH,W,HWW
Christ College ATM,15-04-2015,151,72,79,12729.54,6992.820000000001,5736.72,Wednesday,NH,W,HWW
Big Street ATM,16-04-2015,106,37,69,6280.5,3111.63,3168.8700000000003,Thursday,NH,W,WWW
Mount Road ATM,16-04-2015,137,82,55,8679.810000000001,6180.33,2499.48,Thursday,NH,W,WWW
Airport ATM,16-04-2015,118,100,18,9749.880000000001,8528.76,1221.1200000000001,Thursday,NH,W,WWW
KK Nagar ATM,16-04-2015,39,30,9,3742.86,3208.6200000000003,534.24,Thursday,NH,W,WWW
Christ College ATM,16-04-2015,126,66,60,10625.970000000001,6261.42,4364.55,Thursday,NH,W,WWW
Big Street ATM,17-04-2015,83,35,48,4119.6900000000005,2542.4100000000003,1577.2800000000002,Friday,NH,W,WWH
Mount Road ATM,17-04-2015,153,101,52,8980.32,6577.830000000001,2402.4900000000002,Friday,NH,W,WWH
Airport ATM,17-04-2015,107,79,28,9113.880000000001,7581.120000000001,1532.76,Friday,NH,W,WWH
KK Nagar ATM,17-04-2015,50,38,12,3095.73,2827.02,268.71000000000004,Friday,NH,W,WWH
Christ College ATM,17-04-2015,76,48,28,6053.13,4178.52,1874.6100000000001,Friday,NH,W,WWH
Big Street ATM,18-04-2015,102,29,73,4707.990000000001,1582.0500000000002,3125.94,Saturday,NH,H,WHH
Mount Road ATM,18-04-2015,192,107,85,12165.09,8085.150000000001,4079.94,Saturday,NH,H,WHH
Airport ATM,18-04-2015,116,93,23,12223.92,11397.12,826.8000000000001,Saturday,NH,H,WHH
KK Nagar ATM,18-04-2015,44,35,9,2944.6800000000003,2553.54,391.14000000000004,Saturday,NH,H,WHH
Christ College ATM,18-04-2015,128,51,77,8837.220000000001,4345.47,4491.75,Saturday,NH,H,WHH
Big Street ATM,19-04-2015,68,25,43,4132.41,2162.4,1970.0100000000002,Sunday,NH,H,HHW
Mount Road ATM,19-04-2015,114,54,60,5135.700000000001,3339.0,1796.7,Sunday,NH,H,HHW
Airport ATM,19-04-2015,75,60,15,6414.06,5870.280000000001,543.7800000000001,Sunday,NH,H,HHW
KK Nagar ATM,19-04-2015,76,53,23,4343.88,2706.1800000000003,1637.7,Sunday,NH,H,HHW
Christ College ATM,19-04-2015,85,32,53,4184.88,1753.7700000000002,2431.11,Sunday,NH,H,HHW
Big Street ATM,20-04-2015,93,33,60,5994.3,3275.4,2718.9,Monday,NH,W,HWW
Mount Road ATM,20-04-2015,173,108,65,11406.66,8282.310000000001,3124.3500000000004,Monday,NH,W,HWW
Airport ATM,20-04-2015,81,65,16,9934.32,9209.28,725.0400000000001,Monday,NH,W,HWW
KK Nagar ATM,20-04-2015,80,60,20,8349.09,6733.650000000001,1615.44,Monday,NH,W,HWW
Christ College ATM,20-04-2015,119,51,68,8584.41,3960.69,4623.72,Monday,NH,W,HWW
Big Street ATM,21-04-2015,119,50,69,9508.2,5390.1,4118.1,Tuesday,NH,W,WWW
Mount Road ATM,21-04-2015,200,114,86,16577.34,11308.08,5269.26,Tuesday,NH,W,WWW
Airport ATM,21-04-2015,86,65,21,7005.54,5951.370000000001,1054.17,Tuesday,NH,W,WWW
KK Nagar ATM,21-04-2015,48,32,16,2788.86,1766.49,1022.37,Tuesday,NH,W,WWW
Christ College ATM,21-04-2015,118,69,49,7452.330000000001,4240.530000000001,3211.8,Tuesday,NH,W,WWW
Big Street ATM,22-04-2015,121,49,72,7803.72,4666.650000000001,3137.07,Wednesday,NH,W,WWW
Mount Road ATM,22-04-2015,133,74,59,8050.17,5369.43,2680.7400000000002,Wednesday,NH,W,WWW
Airport ATM,22-04-2015,99,81,18,8643.24,8086.740000000001,556.5,Wednesday,NH,W,WWW
KK Nagar ATM,22-04-2015,30,20,10,2280.06,1588.41,691.6500000000001,Wednesday,NH,W,WWW
Christ College ATM,22-04-2015,130,48,82,7682.88,2993.9700000000003,4688.91,Wednesday,NH,W,WWW
Big Street ATM,23-04-2015,94,31,63,6073.8,2531.28,3542.52,Thursday,NH,W,WWW
Mount Road ATM,23-04-2015,141,94,47,7048.47,4576.02,2472.4500000000003,Thursday,NH,W,WWW
Airport ATM,23-04-2015,103,86,17,7452.330000000001,6803.610000000001,648.72,Thursday,NH,W,WWW
KK Nagar ATM,23-04-2015,3,3,0,52.470000000000006,52.470000000000006,0.0,Thursday,NH,W,WWW
Christ College ATM,23-04-2015,134,35,99,10603.710000000001,2640.9900000000002,7962.72,Thursday,NH,W,WWW
Big Street ATM,24-04-2015,130,49,81,7500.030000000001,3779.4300000000003,3720.6000000000004,Friday,NH,W,WWH
Mount Road ATM,24-04-2015,162,97,65,8918.310000000001,5838.4800000000005,3079.8300000000004,Friday,NH,W,WWH
Airport ATM,24-04-2015,86,68,18,5151.6,4593.51,558.09,Friday,NH,W,WWH
KK Nagar ATM,24-04-2015,34,16,18,1431.0,1027.14,403.86,Friday,NH,W,WWH
Christ College ATM,24-04-2015,161,48,113,10376.34,4612.59,5763.75,Friday,NH,W,WWH
Big Street ATM,25-04-2015,117,38,79,7266.3,3532.98,3733.32,Saturday,NH,H,WHH
Mount Road ATM,25-04-2015,188,105,83,10371.57,6697.080000000001,3674.4900000000002,Saturday,NH,H,WHH
Airport ATM,25-04-2015,104,90,14,11486.16,10710.24,775.9200000000001,Saturday,NH,H,WHH
KK Nagar ATM,25-04-2015,74,52,22,6196.2300000000005,4251.66,1944.5700000000002,Saturday,NH,H,WHH
Christ College ATM,25-04-2015,186,57,129,13123.86,4739.79,8384.07,Saturday,NH,H,WHH
Big Street ATM,26-04-2015,29,8,21,1958.88,1087.5600000000002,871.32,Sunday,NH,H,HHW
Mount Road ATM,26-04-2015,139,58,81,6673.2300000000005,3067.11,3606.1200000000003,Sunday,NH,H,HHW
Airport ATM,26-04-2015,88,76,12,6347.280000000001,5849.610000000001,497.67,Sunday,NH,H,HHW
KK Nagar ATM,26-04-2015,46,35,11,2642.5800000000004,2055.8700000000003,586.71,Sunday,NH,H,HHW
Christ College ATM,26-04-2015,179,37,142,10487.640000000001,2496.3,7991.34,Sunday,NH,H,HHW
Big Street ATM,27-04-2015,98,42,56,4766.820000000001,3275.4,1491.42,Monday,NH,W,HWW
Mount Road ATM,27-04-2015,155,100,55,11576.79,8498.550000000001,3078.2400000000002,Monday,NH,W,HWW
Airport ATM,27-04-2015,111,91,20,11106.150000000001,10274.58,831.57,Monday,NH,W,HWW
KK Nagar ATM,27-04-2015,132,92,40,10484.460000000001,8007.240000000001,2477.2200000000003,Monday,NH,W,HWW
Christ College ATM,27-04-2015,200,54,146,12665.94,5315.37,7350.570000000001,Monday,NH,W,HWW
Big Street ATM,28-04-2015,81,34,47,4822.47,2787.27,2035.2,Tuesday,NH,W,WWW
Mount Road ATM,28-04-2015,176,104,72,10096.5,7670.160000000001,2426.34,Tuesday,NH,W,WWW
Airport ATM,28-04-2015,144,111,33,12117.390000000001,10172.82,1944.5700000000002,Tuesday,NH,W,WWW
KK Nagar ATM,28-04-2015,62,40,22,5490.27,4116.51,1373.76,Tuesday,NH,W,WWW
Christ College ATM,28-04-2015,214,65,149,12786.78,4358.1900000000005,8428.59,Tuesday,NH,W,WWW
Big Street ATM,29-04-2015,126,43,83,7870.500000000001,3871.65,3998.8500000000004,Wednesday,NH,W,WWW
Mount Road ATM,29-04-2015,165,102,63,11678.550000000001,8764.08,2914.4700000000003,Wednesday,NH,W,WWW
Airport ATM,29-04-2015,105,84,21,9600.42,8655.960000000001,944.46,Wednesday,NH,W,WWW
KK Nagar ATM,29-04-2015,111,71,40,10339.77,7786.2300000000005,2553.54,Wednesday,NH,W,WWW
Christ College ATM,29-04-2015,134,64,70,9026.43,5704.92,3321.51,Wednesday,NH,W,WWW
Big Street ATM,30-04-2015,116,40,76,7407.81,2976.48,4431.33,Thursday,NH,W,WWH
Mount Road ATM,30-04-2015,153,101,52,10265.04,7350.570000000001,2914.4700000000003,Thursday,NH,W,WWH
Airport ATM,30-04-2015,115,82,33,11206.320000000002,9648.12,1558.2,Thursday,NH,W,WWH
KK Nagar ATM,30-04-2015,76,56,20,7042.110000000001,5652.450000000001,1389.66,Thursday,NH,W,WWH
Christ College ATM,30-04-2015,151,66,85,9678.33,5561.820000000001,4116.51,Thursday,NH,W,WWH
Big Street ATM,1/5/2015,116,27,89,6720.93,1690.17,5030.76,Friday,N,H,WHH
Mount Road ATM,1/5/2015,131,44,87,9102.75,4394.76,4707.990000000001,Friday,N,H,WHH
Airport ATM,1/5/2015,104,61,43,7463.46,4164.21,3299.25,Friday,N,H,WHH
KK Nagar ATM,1/5/2015,82,48,34,6940.35,4534.68,2405.67,Friday,N,H,WHH
Christ College ATM,1/5/2015,100,36,64,7077.09,2873.13,4203.96,Friday,N,H,WHH
Big Street ATM,2/5/2015,144,53,91,8438.130000000001,3618.84,4819.29,Saturday,NH,H,HHH
Mount Road ATM,2/5/2015,233,141,92,17265.81,11867.76,5398.05,Saturday,NH,H,HHH
Airport ATM,2/5/2015,136,100,36,11541.810000000001,8700.480000000001,2841.3300000000004,Saturday,NH,H,HHH
KK Nagar ATM,2/5/2015,94,57,37,8385.66,5374.200000000001,3011.46,Saturday,NH,H,HHH
Christ College ATM,2/5/2015,288,74,214,24950.280000000002,7245.63,17704.65,Saturday,NH,H,HHH
Big Street ATM,3/5/2015,105,34,71,6899.01,3181.59,3717.42,Sunday,NH,H,HHW
Mount Road ATM,3/5/2015,34,18,16,1012.83,566.0400000000001,446.79,Sunday,NH,H,HHW
Airport ATM,3/5/2015,89,57,32,7242.450000000001,4889.25,2353.2000000000003,Sunday,NH,H,HHW
KK Nagar ATM,3/5/2015,103,65,38,6717.75,4882.89,1834.8600000000001,Sunday,NH,H,HHW
Christ College ATM,3/5/2015,156,39,117,8916.720000000001,2003.4,6913.320000000001,Sunday,NH,H,HHW
Big Street ATM,4/5/2015,97,28,69,6245.52,1796.7,4448.820000000001,Monday,NH,W,HWW
Mount Road ATM,4/5/2015,169,93,76,14772.69,9497.07,5275.62,Monday,NH,W,HWW
Airport ATM,4/5/2015,134,104,30,12818.58,10117.17,2701.4100000000003,Monday,NH,W,HWW
KK Nagar ATM,4/5/2015,108,77,31,5299.47,3838.26,1461.21,Monday,NH,W,HWW
Christ College ATM,4/5/2015,184,59,125,15944.52,5558.64,10385.880000000001,Monday,NH,W,HWW
Big Street ATM,5/5/2015,78,24,54,4730.25,1547.0700000000002,3183.1800000000003,Tuesday,NH,W,WWW
Mount Road ATM,5/5/2015,205,126,79,17159.280000000002,11669.01,5490.27,Tuesday,NH,W,WWW
Airport ATM,5/5/2015,123,87,36,9751.470000000001,7476.18,2275.29,Tuesday,NH,W,WWW
KK Nagar ATM,5/5/2015,144,98,46,12363.84,9182.25,3181.59,Tuesday,NH,W,WWW
Christ College ATM,5/5/2015,163,89,74,13613.58,9175.890000000001,4437.6900000000005,Tuesday,NH,W,WWW
Big Street ATM,6/5/2015,122,40,82,6342.51,2380.23,3962.28,Wednesday,NH,W,WWW
Mount Road ATM,6/5/2015,204,125,79,18876.48,14158.95,4717.530000000001,Wednesday,NH,W,WWW
Airport ATM,6/5/2015,109,89,20,11877.300000000001,10220.52,1656.7800000000002,Wednesday,NH,W,WWW
KK Nagar ATM,6/5/2015,170,95,75,14073.09,7703.55,6369.54,Wednesday,NH,W,WWW
Christ College ATM,6/5/2015,136,73,63,11258.79,7073.910000000001,4184.88,Wednesday,NH,W,WWW
Big Street ATM,7/5/2015,117,42,75,7730.580000000001,3269.0400000000004,4461.54,Thursday,NH,W,WWW
Mount Road ATM,7/5/2015,188,106,82,15147.93,10463.79,4684.14,Thursday,NH,W,WWW
Airport ATM,7/5/2015,101,82,19,9527.28,8643.24,884.0400000000001,Thursday,NH,W,WWW
KK Nagar ATM,7/5/2015,74,50,24,6304.35,3968.6400000000003,2335.71,Thursday,NH,W,WWW
Christ College ATM,7/5/2015,178,64,114,14041.29,5625.42,8415.87,Thursday,NH,W,WWW
Big Street ATM,8/5/2015,134,46,88,6682.77,2337.3,4345.47,Friday,NH,W,WWH
Mount Road ATM,8/5/2015,205,116,89,14213.01,9908.880000000001,4304.13,Friday,NH,W,WWH
Airport ATM,8/5/2015,96,78,18,10653.0,9652.890000000001,1000.11,Friday,NH,W,WWH
KK Nagar ATM,8/5/2015,66,42,24,7205.88,5175.450000000001,2030.43,Friday,NH,W,WWH
Christ College ATM,8/5/2015,131,60,71,10153.74,5504.58,4649.16,Friday,NH,W,WWH
Big Street ATM,9/5/2015,137,36,101,7791.000000000001,2839.7400000000002,4951.26,Saturday,NH,H,WHH
Mount Road ATM,9/5/2015,182,101,81,11743.740000000002,8579.640000000001,3164.1000000000004,Saturday,NH,H,WHH
Airport ATM,9/5/2015,112,83,29,12061.740000000002,10651.41,1410.3300000000002,Saturday,NH,H,WHH
KK Nagar ATM,9/5/2015,45,28,17,4062.4500000000003,2364.33,1698.1200000000001,Saturday,NH,H,WHH
Christ College ATM,9/5/2015,125,81,44,11435.28,8570.1,2865.1800000000003,Saturday,NH,H,WHH
Big Street ATM,10/5/2015,161,43,118,8409.51,2544.0,5865.51,Sunday,NH,H,HHW
Mount Road ATM,10/5/2015,147,67,80,8422.230000000001,4358.1900000000005,4064.0400000000004,Sunday,NH,H,HHW
Airport ATM,10/5/2015,97,74,23,6868.8,5719.2300000000005,1149.5700000000002,Sunday,NH,H,HHW
KK Nagar ATM,10/5/2015,46,33,13,2817.48,2140.1400000000003,677.34,Sunday,NH,H,HHW
Christ College ATM,10/5/2015,104,36,68,7504.8,2534.46,4970.34,Sunday,NH,H,HHW
Big Street ATM,11/5/2015,117,38,79,7635.18,3528.21,4106.97,Monday,NH,W,HWW
Mount Road ATM,11/5/2015,102,69,33,6800.43,5261.31,1539.1200000000001,Monday,NH,W,HWW
Airport ATM,11/5/2015,110,75,35,8900.82,7092.990000000001,1807.8300000000002,Monday,NH,W,HWW
KK Nagar ATM,11/5/2015,45,35,10,4297.77,3609.3,688.47,Monday,NH,W,HWW
Christ College ATM,11/5/2015,147,60,87,10546.470000000001,5165.91,5380.56,Monday,NH,W,HWW
Big Street ATM,12/5/2015,114,41,73,6574.650000000001,3135.48,3439.17,Tuesday,NH,W,WWW
Mount Road ATM,12/5/2015,171,97,74,12430.62,7199.52,5231.1,Tuesday,NH,W,WWW
Airport ATM,12/5/2015,119,90,29,9606.78,8104.2300000000005,1502.5500000000002,Tuesday,NH,W,WWW
KK Nagar ATM,12/5/2015,79,60,19,6358.410000000001,4804.9800000000005,1553.43,Tuesday,NH,W,WWW
Christ College ATM,12/5/2015,139,49,90,7918.200000000001,2596.4700000000003,5321.7300000000005,Tuesday,NH,W,WWW
Big Street ATM,13-05-2015,90,36,54,6541.26,2539.23,4002.03,Wednesday,NH,W,WWW
Mount Road ATM,13-05-2015,180,100,80,11352.6,7337.85,4014.7500000000005,Wednesday,NH,W,WWW
Airport ATM,13-05-2015,97,73,24,10179.18,9255.390000000001,923.7900000000001,Wednesday,NH,W,WWW
KK Nagar ATM,13-05-2015,76,50,26,5840.070000000001,3720.6000000000004,2119.4700000000003,Wednesday,NH,W,WWW
Christ College ATM,13-05-2015,142,49,93,9276.060000000001,3036.9,6239.160000000001,Wednesday,NH,W,WWW
Big Street ATM,14-05-2015,88,24,64,3671.3100000000004,734.58,2936.73,Thursday,NH,W,WWW
Mount Road ATM,14-05-2015,140,87,53,9307.86,7174.080000000001,2133.78,Thursday,NH,W,WWW
Airport ATM,14-05-2015,7,7,0,295.74,295.74,0.0,Thursday,NH,W,WWW
KK Nagar ATM,14-05-2015,89,63,26,6563.52,4638.030000000001,1925.49,Thursday,NH,W,WWW
Christ College ATM,14-05-2015,101,43,58,4970.34,2191.02,2779.32,Thursday,NH,W,WWW
Big Street ATM,15-05-2015,108,46,62,5377.38,2876.31,2501.07,Friday,NH,W,WWH
Mount Road ATM,15-05-2015,165,97,68,9417.57,7201.110000000001,2216.46,Friday,NH,W,WWH
Airport ATM,15-05-2015,50,41,9,3979.7700000000004,3588.63,391.14000000000004,Friday,NH,W,WWH
KK Nagar ATM,15-05-2015,63,46,17,4084.71,2757.06,1327.65,Friday,NH,W,WWH
Christ College ATM,15-05-2015,134,73,61,10508.310000000001,7341.030000000001,3167.28,Friday,NH,W,WWH
Big Street ATM,16-05-2015,93,28,65,4515.6,2369.1000000000004,2146.5,Saturday,NH,H,WHH
Mount Road ATM,16-05-2015,173,98,75,11465.49,7959.540000000001,3505.9500000000003,Saturday,NH,H,WHH
Airport ATM,16-05-2015,92,77,15,8961.24,8261.640000000001,699.6,Saturday,NH,H,WHH
KK Nagar ATM,16-05-2015,53,34,19,4442.46,3027.36,1415.1000000000001,Saturday,NH,H,WHH
Christ College ATM,16-05-2015,104,57,47,7345.8,5119.8,2226.0,Saturday,NH,H,WHH
Big Street ATM,17-05-2015,61,23,38,2771.3700000000003,1359.45,1411.92,Sunday,NH,H,HHW
Mount Road ATM,17-05-2015,163,73,90,7240.860000000001,4297.77,2943.09,Sunday,NH,H,HHW
Airport ATM,17-05-2015,99,72,27,9452.550000000001,7859.370000000001,1593.18,Sunday,NH,H,HHW
KK Nagar ATM,17-05-2015,45,36,9,4501.29,4146.72,354.57,Sunday,NH,H,HHW
Christ College ATM,17-05-2015,74,36,38,3782.61,1472.3400000000001,2310.27,Sunday,NH,H,HHW
Big Street ATM,18-05-2015,32,28,4,2051.1,2009.7600000000002,41.34,Monday,NH,W,HWW
Mount Road ATM,18-05-2015,130,84,46,5636.55,4459.95,1176.6000000000001,Monday,NH,W,HWW
Airport ATM,18-05-2015,98,92,6,10653.0,10563.960000000001,89.04,Monday,NH,W,HWW
KK Nagar ATM,18-05-2015,109,86,23,9722.85,8081.97,1640.88,Monday,NH,W,HWW
Christ College ATM,18-05-2015,108,55,53,9406.44,6027.6900000000005,3378.75,Monday,NH,W,HWW
Big Street ATM,19-05-2015,11,10,1,785.46,779.1,6.36,Tuesday,NH,W,WWW
Mount Road ATM,19-05-2015,161,98,63,10239.6,7399.860000000001,2839.7400000000002,Tuesday,NH,W,WWW
Airport ATM,19-05-2015,86,67,19,8814.960000000001,7323.540000000001,1491.42,Tuesday,NH,W,WWW
KK Nagar ATM,19-05-2015,96,65,31,8520.810000000001,5840.070000000001,2680.7400000000002,Tuesday,NH,W,WWW
Christ College ATM,19-05-2015,123,65,58,8869.02,5323.320000000001,3545.7000000000003,Tuesday,NH,W,WWW
Big Street ATM,20-05-2015,61,29,32,4253.25,2900.1600000000003,1353.0900000000001,Wednesday,NH,W,WWW
Mount Road ATM,20-05-2015,96,66,30,5914.8,3978.1800000000003,1936.6200000000001,Wednesday,NH,W,WWW
Airport ATM,20-05-2015,104,87,17,11707.17,10932.84,774.33,Wednesday,NH,W,WWW
KK Nagar ATM,20-05-2015,130,80,50,10904.220000000001,7217.01,3687.21,Wednesday,NH,W,WWW
Christ College ATM,20-05-2015,113,54,59,9735.57,6075.39,3660.1800000000003,Wednesday,NH,W,WWW
Big Street ATM,21-05-2015,100,45,55,5485.5,3475.7400000000002,2009.7600000000002,Thursday,NH,W,WWW
Mount Road ATM,21-05-2015,137,88,49,7635.18,5005.320000000001,2629.86,Thursday,NH,W,WWW
Airport ATM,21-05-2015,100,88,12,11506.83,10668.900000000001,837.9300000000001,Thursday,NH,W,WWW
KK Nagar ATM,21-05-2015,64,48,16,4634.85,3510.7200000000003,1124.13,Thursday,NH,W,WWW
Christ College ATM,21-05-2015,118,58,60,8417.460000000001,5054.610000000001,3362.8500000000004,Thursday,NH,W,WWW
Big Street ATM,22-05-2015,102,38,64,4288.2300000000005,1834.8600000000001,2453.3700000000003,Friday,NH,W,WWH
Mount Road ATM,22-05-2015,154,95,59,9048.69,6512.64,2536.05,Friday,NH,W,WWH
Airport ATM,22-05-2015,106,81,25,9767.37,8355.45,1411.92,Friday,NH,W,WWH
KK Nagar ATM,22-05-2015,71,49,22,3650.6400000000003,2793.63,857.0100000000001,Friday,NH,W,WWH
Christ College ATM,22-05-2015,113,59,54,7876.860000000001,4925.820000000001,2951.04,Friday,NH,W,WWH
Big Street ATM,23-05-2015,108,32,76,5719.2300000000005,3324.69,2394.54,Saturday,NH,H,WHH
Mount Road ATM,23-05-2015,175,106,69,11174.52,8210.76,2963.76,Saturday,NH,H,WHH
Airport ATM,23-05-2015,126,106,20,10613.25,10031.310000000001,581.94,Saturday,NH,H,WHH
KK Nagar ATM,23-05-2015,61,38,23,4819.29,3138.6600000000003,1680.63,Saturday,NH,H,WHH
Christ College ATM,23-05-2015,169,57,112,11339.880000000001,5304.240000000001,6035.64,Saturday,NH,H,WHH
Big Street ATM,24-05-2015,110,34,76,5153.1900000000005,1898.46,3254.73,Sunday,NH,H,HHW
Mount Road ATM,24-05-2015,148,58,90,8671.86,5189.76,3482.1000000000004,Sunday,NH,H,HHW
Airport ATM,24-05-2015,93,75,18,8609.85,8120.13,489.72,Sunday,NH,H,HHW
KK Nagar ATM,24-05-2015,48,30,18,1723.5600000000002,995.34,728.22,Sunday,NH,H,HHW
Christ College ATM,24-05-2015,137,36,101,7791.000000000001,2245.08,5545.92,Sunday,NH,H,HHW
Big Street ATM,25-05-2015,113,47,66,5212.02,2928.78,2283.2400000000002,Monday,NH,W,HWW
Mount Road ATM,25-05-2015,142,97,45,8571.69,7065.96,1505.73,Monday,NH,W,HWW
Airport ATM,25-05-2015,74,66,8,5952.96,5309.01,643.95,Monday,NH,W,HWW
KK Nagar ATM,25-05-2015,142,91,51,13424.37,9678.33,3746.0400000000004,Monday,NH,W,HWW
Christ College ATM,25-05-2015,113,47,66,7953.18,3742.86,4210.320000000001,Monday,NH,W,HWW
Big Street ATM,26-05-2015,102,44,58,4067.2200000000003,2305.5,1761.72,Tuesday,NH,W,WWW
Mount Road ATM,26-05-2015,130,101,29,7507.9800000000005,6396.570000000001,1111.41,Tuesday,NH,W,WWW
Airport ATM,26-05-2015,93,64,29,5579.31,4366.14,1213.17,Tuesday,NH,W,WWW
KK Nagar ATM,26-05-2015,81,58,23,6798.84,5196.12,1602.72,Tuesday,NH,W,WWW
Christ College ATM,26-05-2015,109,55,54,7717.860000000001,4353.42,3364.44,Tuesday,NH,W,WWW
Big Street ATM,27-05-2015,113,34,79,6639.84,2173.53,4466.31,Wednesday,NH,W,WWW
Mount Road ATM,27-05-2015,170,102,68,13222.44,10422.45,2799.9900000000002,Wednesday,NH,W,WWW
Airport ATM,27-05-2015,65,51,14,5461.650000000001,5053.02,408.63000000000005,Wednesday,NH,W,WWW
KK Nagar ATM,27-05-2015,73,48,25,6202.59,4797.030000000001,1405.5600000000002,Wednesday,NH,W,WWW
Christ College ATM,27-05-2015,124,63,61,9586.11,5700.150000000001,3885.96,Wednesday,NH,W,WWW
Big Street ATM,28-05-2015,81,34,47,4803.39,2574.21,2229.1800000000003,Thursday,NH,W,WWW
Mount Road ATM,28-05-2015,157,99,58,11389.17,8541.480000000001,2847.69,Thursday,NH,W,WWW
Airport ATM,28-05-2015,86,65,21,4506.06,3787.38,718.6800000000001,Thursday,NH,W,WWW
KK Nagar ATM,28-05-2015,97,71,26,7732.17,5647.68,2084.4900000000002,Thursday,NH,W,WWW
Christ College ATM,28-05-2015,134,42,92,9055.050000000001,3455.07,5599.9800000000005,Thursday,NH,W,WWW
Big Street ATM,29-05-2015,89,37,52,5032.35,2695.05,2337.3,Friday,NH,W,WWH
Mount Road ATM,29-05-2015,109,64,45,4682.55,2827.02,1855.5300000000002,Friday,NH,W,WWH
Airport ATM,29-05-2015,85,63,22,8124.900000000001,7140.6900000000005,984.21,Friday,NH,W,WWH
KK Nagar ATM,29-05-2015,106,65,41,8810.19,6332.97,2477.2200000000003,Friday,NH,W,WWH
Christ College ATM,29-05-2015,109,34,75,8107.410000000001,2342.07,5765.34,Friday,NH,W,WWH
Big Street ATM,30-05-2015,118,31,87,4595.1,1596.3600000000001,2998.7400000000002,Saturday,NH,H,WHH
Mount Road ATM,30-05-2015,214,112,102,13861.62,7992.93,5868.6900000000005,Saturday,NH,H,WHH
Airport ATM,30-05-2015,77,63,14,5234.280000000001,4458.360000000001,775.9200000000001,Saturday,NH,H,WHH
KK Nagar ATM,30-05-2015,163,88,75,15035.04,9091.62,5943.42,Saturday,NH,H,WHH
Christ College ATM,30-05-2015,125,52,73,9266.52,4628.490000000001,4638.030000000001,Saturday,NH,H,WHH
Big Street ATM,31-05-2015,40,8,32,2418.3900000000003,399.09000000000003,2019.3000000000002,Sunday,NH,H,HHW
Mount Road ATM,31-05-2015,169,65,104,7996.110000000001,4984.650000000001,3011.46,Sunday,NH,H,HHW
Airport ATM,31-05-2015,105,77,28,9255.390000000001,7789.410000000001,1465.98,Sunday,NH,H,HHW
KK Nagar ATM,31-05-2015,137,63,74,9063.0,4812.93,4250.070000000001,Sunday,NH,H,HHW
Christ College ATM,31-05-2015,102,36,66,7598.610000000001,2858.82,4739.79,Sunday,NH,H,HHW
Mount Road ATM,1/6/2015,29,23,6,863.37,726.63,136.74,Monday,NH,W,HWW
Airport ATM,1/6/2015,91,76,15,6253.47,5673.12,580.35,Monday,NH,W,HWW
KK Nagar ATM,1/6/2015,42,22,20,3017.82,1426.23,1591.5900000000001,Monday,NH,W,HWW
Christ College ATM,1/6/2015,45,19,26,3773.07,1303.8000000000002,2469.27,Monday,NH,W,HWW
Big Street ATM,2/6/2015,69,28,41,3782.61,1671.0900000000001,2111.52,Tuesday,NH,W,WWW
Mount Road ATM,2/6/2015,93,66,27,7118.43,5191.35,1927.0800000000002,Tuesday,NH,W,WWW
Airport ATM,2/6/2015,81,61,20,8611.44,7005.54,1605.9,Tuesday,NH,W,WWW
KK Nagar ATM,2/6/2015,185,105,80,19041.84,10780.2,8261.640000000001,Tuesday,NH,W,WWW
Christ College ATM,2/6/2015,93,45,48,7433.25,3677.67,3755.5800000000004,Tuesday,NH,W,WWW
Big Street ATM,3/6/2015,116,38,78,6590.55,2208.51,4382.04,Wednesday,NH,W,WWW
Mount Road ATM,3/6/2015,175,92,83,14845.830000000002,9563.85,5281.9800000000005,Wednesday,NH,W,WWW
Airport ATM,3/6/2015,104,76,28,9171.12,7434.84,1736.2800000000002,Wednesday,NH,W,WWW
KK Nagar ATM,3/6/2015,176,95,81,18108.510000000002,9996.33,8112.18,Wednesday,NH,W,WWW
Christ College ATM,3/6/2015,145,58,87,11637.210000000001,4308.900000000001,7328.31,Wednesday,NH,W,WWW
Big Street ATM,4/6/2015,103,27,76,6429.96,2338.8900000000003,4091.07,Thursday,NH,W,WWW
Mount Road ATM,4/6/2015,200,124,76,16443.780000000002,11045.730000000001,5398.05,Thursday,NH,W,WWW
Airport ATM,4/6/2015,107,83,24,8745.0,7415.76,1329.24,Thursday,NH,W,WWW
KK Nagar ATM,4/6/2015,146,91,55,13138.17,7762.38,5375.79,Thursday,NH,W,WWW
Christ College ATM,4/6/2015,228,82,146,17059.11,6270.96,10788.150000000001,Thursday,NH,W,WWW
Big Street ATM,5/6/2015,95,28,67,5299.47,1397.6100000000001,3901.86,Friday,NH,W,WWH
Mount Road ATM,5/6/2015,92,61,31,7652.67,6813.150000000001,839.5200000000001,Friday,NH,W,WWH
Airport ATM,5/6/2015,104,74,30,8792.7,7162.950000000001,1629.75,Friday,NH,W,WWH
KK Nagar ATM,5/6/2015,143,105,38,13007.79,10226.880000000001,2780.9100000000003,Friday,NH,W,WWH
Christ College ATM,5/6/2015,167,84,83,10560.78,5712.87,4847.91,Friday,NH,W,WWH
Big Street ATM,6/6/2015,136,43,93,6596.910000000001,1817.3700000000001,4779.54,Saturday,NH,H,WHH
Mount Road ATM,6/6/2015,154,78,76,9850.050000000001,5784.42,4065.63,Saturday,NH,H,WHH
Airport ATM,6/6/2015,111,76,35,8102.64,5875.05,2227.59,Saturday,NH,H,WHH
KK Nagar ATM,6/6/2015,88,56,32,6678.0,3873.2400000000002,2804.76,Saturday,NH,H,WHH
Christ College ATM,6/6/2015,186,77,109,15198.810000000001,7670.160000000001,7528.650000000001,Saturday,NH,H,WHH
Big Street ATM,7/6/2015,116,19,97,6697.080000000001,1238.6100000000001,5458.47,Sunday,NH,H,HHW
Mount Road ATM,7/6/2015,56,24,32,2466.09,1873.0200000000002,593.07,Sunday,NH,H,HHW
Airport ATM,7/6/2015,118,73,45,9865.95,7927.740000000001,1938.21,Sunday,NH,H,HHW
KK Nagar ATM,7/6/2015,113,47,66,7086.63,3013.05,4073.5800000000004,Sunday,NH,H,HHW
Christ College ATM,7/6/2015,37,12,25,1130.49,375.24,755.25,Sunday,NH,H,HHW
Big Street ATM,8/6/2015,119,32,87,6685.950000000001,1666.3200000000002,5019.63,Monday,NH,W,HWW
Mount Road ATM,8/6/2015,137,88,49,9479.58,6541.26,2938.32,Monday,NH,W,HWW
Airport ATM,8/6/2015,118,86,32,11489.34,9627.45,1861.89,Monday,NH,W,HWW
KK Nagar ATM,8/6/2015,49,30,19,3001.92,1884.15,1117.77,Monday,NH,W,HWW
Christ College ATM,8/6/2015,115,48,67,8918.310000000001,4060.86,4857.450000000001,Monday,NH,W,HWW
Big Street ATM,9/6/2015,139,48,91,8239.380000000001,2194.2000000000003,6045.18,Tuesday,NH,W,WWW
Mount Road ATM,9/6/2015,103,71,32,7859.370000000001,6099.240000000001,1760.13,Tuesday,NH,W,WWW
Airport ATM,9/6/2015,107,83,24,11519.550000000001,9706.95,1812.6000000000001,Tuesday,NH,W,WWW
KK Nagar ATM,9/6/2015,49,39,10,5639.7300000000005,4669.83,969.9000000000001,Tuesday,NH,W,WWW
Christ College ATM,9/6/2015,128,56,72,10624.380000000001,5836.89,4787.490000000001,Tuesday,NH,W,WWW
Big Street ATM,10/6/2015,139,44,95,7903.89,2995.5600000000004,4908.33,Wednesday,NH,W,WWW
Mount Road ATM,10/6/2015,39,29,10,2559.9,2246.67,313.23,Wednesday,NH,W,WWW
Airport ATM,10/6/2015,78,64,14,5784.42,5304.240000000001,480.18,Wednesday,NH,W,WWW
KK Nagar ATM,10/6/2015,202,113,89,16141.68,9390.54,6751.14,Wednesday,NH,W,WWW
Christ College ATM,10/6/2015,137,67,70,7775.1,4391.58,3383.52,Wednesday,NH,W,WWW
Big Street ATM,11/6/2015,101,29,72,6730.47,2466.09,4264.38,Thursday,NH,W,WWW
Mount Road ATM,11/6/2015,134,85,49,11163.390000000001,7474.59,3688.8,Thursday,NH,W,WWW
Airport ATM,11/6/2015,65,59,6,7884.81,7654.26,230.55,Thursday,NH,W,WWW
KK Nagar ATM,11/6/2015,203,127,76,13254.240000000002,7760.790000000001,5493.450000000001,Thursday,NH,W,WWW
Christ College ATM,11/6/2015,115,52,63,6848.13,3230.88,3617.25,Thursday,NH,W,WWW
Big Street ATM,12/6/2015,120,32,88,6437.910000000001,1966.8300000000002,4471.08,Friday,NH,W,WWH
Mount Road ATM,12/6/2015,96,62,34,7115.25,5390.1,1725.15,Friday,NH,W,WWH
Airport ATM,12/6/2015,49,38,11,3135.48,2852.46,283.02000000000004,Friday,NH,W,WWH
KK Nagar ATM,12/6/2015,214,167,47,13646.970000000001,11149.08,2497.8900000000003,Friday,NH,W,WWH
Christ College ATM,12/6/2015,119,48,71,6569.88,2240.31,4329.570000000001,Friday,NH,W,WWH
Big Street ATM,13-06-2015,107,36,71,6522.18,3242.01,3280.17,Saturday,NH,H,WHH
Mount Road ATM,13-06-2015,80,48,32,3641.1000000000004,2418.3900000000003,1222.71,Saturday,NH,H,WHH
Airport ATM,13-06-2015,106,86,20,10322.28,9408.03,914.25,Saturday,NH,H,WHH
KK Nagar ATM,13-06-2015,79,52,27,5814.63,4310.490000000001,1504.14,Saturday,NH,H,WHH
Christ College ATM,13-06-2015,166,70,96,12118.980000000001,6161.25,5957.7300000000005,Saturday,NH,H,WHH
Big Street ATM,14-06-2015,105,29,76,5983.17,2124.2400000000002,3858.9300000000003,Sunday,NH,H,HHW
Mount Road ATM,14-06-2015,119,44,75,5522.070000000001,3172.05,2350.02,Sunday,NH,H,HHW
Airport ATM,14-06-2015,76,55,21,8126.490000000001,6797.25,1329.24,Sunday,NH,H,HHW
KK Nagar ATM,14-06-2015,110,57,53,8428.59,4130.820000000001,4297.77,Sunday,NH,H,HHW
Christ College ATM,14-06-2015,94,37,57,3812.82,1480.2900000000002,2332.53,Sunday,NH,H,HHW
Big Street ATM,15-06-2015,109,47,62,6291.63,3629.9700000000003,2661.6600000000003,Monday,NH,W,HWW
Mount Road ATM,15-06-2015,95,68,27,7665.39,6471.3,1194.0900000000001,Monday,NH,W,HWW
Airport ATM,15-06-2015,71,58,13,4827.240000000001,4582.38,244.86,Monday,NH,W,HWW
KK Nagar ATM,15-06-2015,192,141,51,15715.560000000001,11777.130000000001,3938.4300000000003,Monday,NH,W,HWW
Christ College ATM,15-06-2015,133,69,64,10403.37,6404.52,3998.8500000000004,Monday,NH,W,HWW
Big Street ATM,16-06-2015,85,31,54,5108.67,2418.3900000000003,2690.28,Tuesday,NH,W,WWW
Mount Road ATM,16-06-2015,165,104,61,11242.890000000001,8217.12,3025.77,Tuesday,NH,W,WWW
Airport ATM,16-06-2015,86,65,21,6345.6900000000005,5283.570000000001,1062.1200000000001,Tuesday,NH,W,WWW
KK Nagar ATM,16-06-2015,99,70,29,4399.530000000001,2876.31,1523.22,Tuesday,NH,W,WWW
Christ College ATM,16-06-2015,111,60,51,6471.3,3752.4,2718.9,Tuesday,NH,W,WWW
Big Street ATM,17-06-2015,90,28,62,5000.55,2795.2200000000003,2205.33,Wednesday,NH,W,WWW
Mount Road ATM,17-06-2015,136,92,44,8074.02,6568.29,1505.73,Wednesday,NH,W,WWW
Airport ATM,17-06-2015,70,60,10,5010.09,4752.51,257.58000000000004,Wednesday,NH,W,WWW
KK Nagar ATM,17-06-2015,100,81,19,9352.380000000001,8205.99,1146.39,Wednesday,NH,W,WWW
Christ College ATM,17-06-2015,113,45,68,9125.01,4483.8,4641.21,Wednesday,NH,W,WWW
Big Street ATM,18-06-2015,37,16,21,2750.7000000000003,1741.0500000000002,1009.6500000000001,Thursday,NH,W,WWW
Mount Road ATM,18-06-2015,123,83,40,7341.030000000001,5420.31,1920.72,Thursday,NH,W,WWW
Airport ATM,18-06-2015,135,122,13,13344.87,12683.43,661.44,Thursday,NH,W,WWW
KK Nagar ATM,18-06-2015,104,82,22,9382.59,7962.72,1419.8700000000001,Thursday,NH,W,WWW
Christ College ATM,18-06-2015,113,57,56,8880.15,5482.320000000001,3397.8300000000004,Thursday,NH,W,WWW
Mount Road ATM,19-06-2015,84,49,35,5677.89,3990.9,1686.99,Friday,NH,W,WWH
Airport ATM,19-06-2015,73,53,20,4285.05,3496.4100000000003,788.6400000000001,Friday,NH,W,WWH
KK Nagar ATM,19-06-2015,66,51,15,3790.5600000000004,3157.7400000000002,632.82,Friday,NH,W,WWH
Christ College ATM,19-06-2015,160,52,108,8814.960000000001,2989.2000000000003,5825.76,Friday,NH,W,WWH
Big Street ATM,20-06-2015,91,31,60,5709.6900000000005,3208.6200000000003,2501.07,Saturday,NH,H,WHH
Mount Road ATM,20-06-2015,161,99,62,8843.58,5833.71,3009.8700000000003,Saturday,NH,H,WHH
Airport ATM,20-06-2015,93,71,22,8264.82,7277.43,987.3900000000001,Saturday,NH,H,WHH
KK Nagar ATM,20-06-2015,106,76,30,8967.6,6560.34,2407.26,Saturday,NH,H,WHH
Christ College ATM,20-06-2015,155,68,87,10137.84,5496.63,4641.21,Saturday,NH,H,WHH
Big Street ATM,21-06-2015,113,50,63,5334.450000000001,2518.56,2815.8900000000003,Sunday,NH,H,HHW
Mount Road ATM,21-06-2015,121,56,65,4936.950000000001,3230.88,1706.0700000000002,Sunday,NH,H,HHW
Airport ATM,21-06-2015,63,51,12,5161.14,4679.37,481.77000000000004,Sunday,NH,H,HHW
KK Nagar ATM,21-06-2015,74,57,17,3862.11,3219.75,642.36,Sunday,NH,H,HHW
Christ College ATM,21-06-2015,158,50,108,7701.96,3149.79,4552.17,Sunday,NH,H,HHW
Big Street ATM,22-06-2015,118,47,71,7089.81,3889.1400000000003,3200.67,Monday,NH,W,HWW
Mount Road ATM,22-06-2015,122,74,48,7393.5,4548.990000000001,2844.51,Monday,NH,W,HWW
Airport ATM,22-06-2015,100,79,21,7463.46,6479.25,984.21,Monday,NH,W,HWW
KK Nagar ATM,22-06-2015,77,61,16,7791.000000000001,6797.25,993.7500000000001,Monday,NH,W,HWW
Christ College ATM,22-06-2015,156,64,92,9055.050000000001,4512.42,4542.63,Monday,NH,W,HWW
Big Street ATM,23-06-2015,90,34,56,5752.62,3183.1800000000003,2569.44,Tuesday,NH,W,WWW
Mount Road ATM,23-06-2015,69,55,14,4253.25,3887.55,365.70000000000005,Tuesday,NH,W,WWW
Airport ATM,23-06-2015,97,75,22,7907.070000000001,6641.43,1265.64,Tuesday,NH,W,WWW
KK Nagar ATM,23-06-2015,69,51,18,4971.93,3728.55,1243.38,Tuesday,NH,W,WWW
Christ College ATM,23-06-2015,127,46,81,5881.410000000001,2900.1600000000003,2981.25,Tuesday,NH,W,WWW
Big Street ATM,24-06-2015,99,36,63,6436.320000000001,3030.54,3405.78,Wednesday,NH,W,WWW
Mount Road ATM,24-06-2015,145,92,53,10904.220000000001,7549.320000000001,3354.9,Wednesday,NH,W,WWW
Airport ATM,24-06-2015,102,80,22,8913.54,7474.59,1438.95,Wednesday,NH,W,WWW
KK Nagar ATM,24-06-2015,72,62,10,5596.8,4642.8,954.0,Wednesday,NH,W,WWW
Christ College ATM,24-06-2015,154,67,87,13160.43,6676.410000000001,6484.02,Wednesday,NH,W,WWW
Big Street ATM,25-06-2015,121,37,84,7263.120000000001,2693.46,4569.66,Thursday,NH,W,WWW
Mount Road ATM,25-06-2015,149,106,43,8395.2,6296.400000000001,2098.8,Thursday,NH,W,WWW
Airport ATM,25-06-2015,47,34,13,3650.6400000000003,3253.1400000000003,397.5,Thursday,NH,W,WWW
KK Nagar ATM,25-06-2015,109,71,38,8943.75,6307.530000000001,2636.2200000000003,Thursday,NH,W,WWW
Christ College ATM,25-06-2015,154,57,97,9012.12,3657.0,5355.12,Thursday,NH,W,WWW
Big Street ATM,26-06-2015,101,36,65,4149.900000000001,1914.3600000000001,2235.54,Friday,NH,W,WWH
Mount Road ATM,26-06-2015,143,102,41,9078.9,6563.52,2515.38,Friday,NH,W,WWH
Airport ATM,26-06-2015,59,46,13,4019.5200000000004,3358.0800000000004,661.44,Friday,NH,W,WWH
KK Nagar ATM,26-06-2015,105,74,31,5903.67,3564.78,2338.8900000000003,Friday,NH,W,WWH
Christ College ATM,26-06-2015,109,60,49,6277.320000000001,4431.33,1845.99,Friday,NH,W,WWH
Big Street ATM,27-06-2015,143,43,100,6291.63,2062.23,4229.400000000001,Saturday,NH,H,WHH
Mount Road ATM,27-06-2015,161,78,83,11311.26,5795.55,5515.71,Saturday,NH,H,WHH
Airport ATM,27-06-2015,79,60,19,7897.530000000001,6270.96,1626.5700000000002,Saturday,NH,H,WHH
KK Nagar ATM,27-06-2015,115,85,30,13139.76,10687.980000000001,2451.78,Saturday,NH,H,WHH
Christ College ATM,27-06-2015,135,61,74,11339.880000000001,6272.55,5067.33,Saturday,NH,H,WHH
Big Street ATM,28-06-2015,135,41,94,6358.410000000001,2850.8700000000003,3507.5400000000004,Sunday,NH,H,HHW
Mount Road ATM,28-06-2015,111,61,50,7011.900000000001,4574.43,2437.4700000000003,Sunday,NH,H,HHW
Airport ATM,28-06-2015,59,42,17,4355.01,3639.51,715.5,Sunday,NH,H,HHW
KK Nagar ATM,28-06-2015,116,89,27,3940.0200000000004,2598.06,1341.96,Sunday,NH,H,HHW
Christ College ATM,28-06-2015,110,49,61,5396.46,2822.25,2574.21,Sunday,NH,H,HHW
Big Street ATM,29-06-2015,111,51,60,6620.76,4032.2400000000002,2588.52,Monday,NH,W,HWW
Mount Road ATM,29-06-2015,136,76,60,7948.410000000001,4421.79,3526.6200000000003,Monday,NH,W,HWW
Airport ATM,29-06-2015,101,80,21,8762.49,7833.93,928.5600000000001,Monday,NH,W,HWW
KK Nagar ATM,29-06-2015,43,31,12,3464.61,2545.59,919.0200000000001,Monday,NH,W,HWW
Christ College ATM,29-06-2015,124,55,69,7520.700000000001,4000.44,3520.26,Monday,NH,W,HWW
Big Street ATM,30-06-2015,119,38,81,6593.7300000000005,2016.1200000000001,4577.610000000001,Tuesday,NH,W,WWW
Mount Road ATM,30-06-2015,176,114,62,11104.560000000001,9029.61,2074.9500000000003,Tuesday,NH,W,WWW
Airport ATM,30-06-2015,124,101,23,12079.230000000001,10536.93,1542.3000000000002,Tuesday,NH,W,WWW
KK Nagar ATM,30-06-2015,130,103,27,11263.560000000001,10252.32,1011.24,Tuesday,NH,W,WWW
Christ College ATM,30-06-2015,161,71,90,11659.470000000001,6608.04,5051.43,Tuesday,NH,W,WWW
Big Street ATM,1/7/2015,172,62,110,11847.09,5266.08,6581.01,Wednesday,NH,W,WWW
Mount Road ATM,1/7/2015,153,89,64,10713.42,6550.8,4162.62,Wednesday,NH,W,WWW
Airport ATM,1/7/2015,144,109,35,12174.630000000001,10430.400000000001,1744.23,Wednesday,NH,W,WWW
KK Nagar ATM,1/7/2015,157,127,30,15434.130000000001,12737.490000000002,2696.6400000000003,Wednesday,NH,W,WWW
Christ College ATM,1/7/2015,196,63,133,13833.0,4811.34,9021.66,Wednesday,NH,W,WWW
Big Street ATM,2/7/2015,88,35,53,5239.05,2672.79,2566.26,Thursday,NH,W,WWW
Mount Road ATM,2/7/2015,137,84,53,12239.820000000002,8248.92,3990.9,Thursday,NH,W,WWW
Airport ATM,2/7/2015,154,120,34,15586.77,13848.900000000001,1737.8700000000001,Thursday,NH,W,WWW
KK Nagar ATM,2/7/2015,152,104,48,13608.810000000001,9950.220000000001,3658.59,Thursday,NH,W,WWW
Christ College ATM,2/7/2015,182,54,128,14352.93,3946.38,10406.550000000001,Thursday,NH,W,WWW
Big Street ATM,3/7/2015,121,38,83,6619.17,2036.7900000000002,4582.38,Friday,NH,W,WWH
Mount Road ATM,3/7/2015,120,79,41,6062.67,4178.52,1884.15,Friday,NH,W,WWH
Airport ATM,3/7/2015,106,87,19,6714.570000000001,6259.83,454.74,Friday,NH,W,WWH
KK Nagar ATM,3/7/2015,61,49,12,3100.5,2260.98,839.5200000000001,Friday,NH,W,WWH
Christ College ATM,3/7/2015,148,51,97,10220.52,3860.5200000000004,6360.0,Friday,NH,W,WWH
Big Street ATM,4/7/2015,136,44,92,8454.03,3658.59,4795.4400000000005,Saturday,NH,H,WHH
Mount Road ATM,4/7/2015,179,103,76,14801.310000000001,9892.980000000001,4908.33,Saturday,NH,H,WHH
Airport ATM,4/7/2015,94,69,25,8724.33,7399.860000000001,1324.47,Saturday,NH,H,WHH
KK Nagar ATM,4/7/2015,66,50,16,4749.33,3855.7500000000005,893.58,Saturday,NH,H,WHH
Christ College ATM,4/7/2015,38,23,15,2784.09,1898.46,885.63,Saturday,NH,H,WHH
Big Street ATM,5/7/2015,150,34,116,6878.34,1446.9,5431.4400000000005,Sunday,NH,H,HHW
Mount Road ATM,5/7/2015,138,61,77,6180.33,3858.9300000000003,2321.4,Sunday,NH,H,HHW
Airport ATM,5/7/2015,85,69,16,9699.0,9051.87,647.13,Sunday,NH,H,HHW
KK Nagar ATM,5/7/2015,82,58,24,6854.490000000001,5563.410000000001,1291.0800000000002,Sunday,NH,H,HHW
Big Street ATM,6/7/2015,87,34,53,3919.3500000000004,1845.99,2073.36,Monday,NH,W,HWW
Mount Road ATM,6/7/2015,177,115,62,14903.070000000002,10908.99,3994.0800000000004,Monday,NH,W,HWW
Airport ATM,6/7/2015,1,1,0,7.95,7.95,0.0,Monday,NH,W,HWW
KK Nagar ATM,6/7/2015,57,37,20,5817.81,4037.01,1780.8000000000002,Monday,NH,W,HWW
Christ College ATM,6/7/2015,133,46,87,11252.43,3912.9900000000002,7339.4400000000005,Monday,NH,W,HWW
Big Street ATM,7/7/2015,102,33,69,4668.240000000001,1898.46,2769.78,Tuesday,NH,W,WWW
Mount Road ATM,7/7/2015,163,120,43,13724.880000000001,11117.28,2607.6000000000004,Tuesday,NH,W,WWW
Airport ATM,7/7/2015,50,39,11,3399.42,3006.69,392.73,Tuesday,NH,W,WWW
KK Nagar ATM,7/7/2015,66,51,15,5269.26,4037.01,1232.25,Tuesday,NH,W,WWW
Christ College ATM,7/7/2015,149,84,65,10928.070000000002,5658.81,5269.26,Tuesday,NH,W,WWW
Big Street ATM,8/7/2015,129,46,83,7818.030000000001,3040.0800000000004,4777.950000000001,Wednesday,NH,W,WWW
Mount Road ATM,8/7/2015,187,123,64,16036.740000000002,11535.45,4501.29,Wednesday,NH,W,WWW
Airport ATM,8/7/2015,79,58,21,6201.0,4798.62,1402.38,Wednesday,NH,W,WWW
KK Nagar ATM,8/7/2015,89,60,29,8167.830000000001,5673.12,2494.71,Wednesday,NH,W,WWW
Christ College ATM,8/7/2015,109,59,50,8829.27,4746.150000000001,4083.1200000000003,Wednesday,NH,W,WWW
Big Street ATM,9/7/2015,106,48,58,7406.22,4353.42,3052.8,Thursday,NH,W,WWW
Mount Road ATM,9/7/2015,173,132,41,12462.42,10411.32,2051.1,Thursday,NH,W,WWW
Airport ATM,9/7/2015,119,101,18,9969.300000000001,8768.85,1200.45,Thursday,NH,W,WWW
KK Nagar ATM,9/7/2015,67,54,13,6517.410000000001,5385.33,1132.0800000000002,Thursday,NH,W,WWW
Christ College ATM,9/7/2015,126,64,62,7961.13,4370.91,3590.2200000000003,Thursday,NH,W,WWW
Big Street ATM,10/7/2015,108,51,57,6738.42,3879.6000000000004,2858.82,Friday,NH,W,WWH
Mount Road ATM,10/7/2015,174,118,56,10327.050000000001,7905.4800000000005,2421.57,Friday,NH,W,WWH
Airport ATM,10/7/2015,94,73,21,6700.26,5886.18,814.08,Friday,NH,W,WWH
KK Nagar ATM,10/7/2015,179,137,42,11721.480000000001,10236.42,1485.0600000000002,Friday,NH,W,WWH
Christ College ATM,10/7/2015,146,59,87,10683.210000000001,5242.2300000000005,5440.9800000000005,Friday,NH,W,WWH
Big Street ATM,11/7/2015,124,28,96,6878.34,2003.4,4874.9400000000005,Saturday,NH,H,WHH
Mount Road ATM,11/7/2015,129,82,47,9603.6,7480.950000000001,2122.65,Saturday,NH,H,WHH
Airport ATM,11/7/2015,118,94,24,10579.86,9309.45,1270.41,Saturday,NH,H,WHH
KK Nagar ATM,11/7/2015,113,88,25,8072.43,6464.9400000000005,1607.49,Saturday,NH,H,WHH
Christ College ATM,11/7/2015,194,74,120,13833.0,6048.360000000001,7784.64,Saturday,NH,H,WHH
Big Street ATM,12/7/2015,144,36,108,8054.9400000000005,2540.82,5514.12,Sunday,NH,H,HHW
Mount Road ATM,12/7/2015,162,66,96,7240.860000000001,3830.3100000000004,3410.55,Sunday,NH,H,HHW
Airport ATM,12/7/2015,134,107,27,10193.49,9023.25,1170.24,Sunday,NH,H,HHW
KK Nagar ATM,12/7/2015,75,46,29,5126.16,2987.61,2138.55,Sunday,NH,H,HHW
Christ College ATM,12/7/2015,104,59,45,4113.33,2513.79,1599.5400000000002,Sunday,NH,H,HHW
Big Street ATM,13-07-2015,126,40,86,5786.01,2338.8900000000003,3447.1200000000003,Monday,NH,W,HWW
Mount Road ATM,13-07-2015,127,90,37,9648.12,7735.35,1912.7700000000002,Monday,NH,W,HWW
Airport ATM,13-07-2015,110,85,25,11378.04,10554.42,823.62,Monday,NH,W,HWW
KK Nagar ATM,13-07-2015,107,76,31,9311.04,6682.77,2628.27,Monday,NH,W,HWW
Christ College ATM,13-07-2015,109,48,61,7186.8,3649.05,3537.75,Monday,NH,W,HWW
Big Street ATM,14-07-2015,110,38,72,4943.31,2119.4700000000003,2823.84,Tuesday,NH,W,WWW
Mount Road ATM,14-07-2015,109,71,38,8166.240000000001,5595.21,2571.03,Tuesday,NH,W,WWW
Airport ATM,14-07-2015,102,87,15,8129.67,7030.9800000000005,1098.69,Tuesday,NH,W,WWW
KK Nagar ATM,14-07-2015,37,27,10,2849.28,2246.67,602.61,Tuesday,NH,W,WWW
Christ College ATM,14-07-2015,135,60,75,9676.74,4213.5,5463.240000000001,Tuesday,NH,W,WWW
Big Street ATM,15-07-2015,112,37,75,5787.6,2582.1600000000003,3205.44,Wednesday,NH,W,WWW
Mount Road ATM,15-07-2015,128,99,29,8600.310000000001,7797.360000000001,802.95,Wednesday,NH,W,WWW
Airport ATM,15-07-2015,90,80,10,10390.650000000001,9609.960000000001,780.69,Wednesday,NH,W,WWW
KK Nagar ATM,15-07-2015,84,67,17,6649.38,5563.410000000001,1085.97,Wednesday,NH,W,WWW
Christ College ATM,15-07-2015,130,63,67,11282.640000000001,6387.030000000001,4895.610000000001,Wednesday,NH,W,WWW
Big Street ATM,16-07-2015,122,39,83,7484.13,3125.94,4358.1900000000005,Thursday,NH,W,WWW
Mount Road ATM,16-07-2015,31,26,5,2742.75,2574.21,168.54000000000002,Thursday,NH,W,WWW
Airport ATM,16-07-2015,132,102,30,8886.51,7285.38,1601.13,Thursday,NH,W,WWW
KK Nagar ATM,16-07-2015,63,44,19,4452.0,3353.3100000000004,1098.69,Thursday,NH,W,WWW
Christ College ATM,16-07-2015,125,65,60,10749.99,7899.120000000001,2850.8700000000003,Thursday,NH,W,WWW
Big Street ATM,17-07-2015,112,42,70,5347.17,3186.36,2160.81,Friday,NH,W,WWH
Mount Road ATM,17-07-2015,97,62,35,9309.45,7549.320000000001,1760.13,Friday,NH,W,WWH
Airport ATM,17-07-2015,90,82,8,8474.7,7892.76,581.94,Friday,NH,W,WWH
KK Nagar ATM,17-07-2015,76,55,21,4134.0,3321.51,812.49,Friday,NH,W,WWH
Christ College ATM,17-07-2015,89,44,45,5921.160000000001,3418.5,2502.6600000000003,Friday,NH,W,WWH
Big Street ATM,18-07-2015,113,28,85,3614.07,1391.25,2222.82,Saturday,M,H,WHH
Mount Road ATM,18-07-2015,89,55,34,5348.76,4154.67,1194.0900000000001,Saturday,M,H,WHH
Airport ATM,18-07-2015,88,70,18,8339.550000000001,7409.400000000001,930.1500000000001,Saturday,M,H,WHH
KK Nagar ATM,18-07-2015,94,62,32,9069.36,6776.580000000001,2292.78,Saturday,M,H,WHH
Big Street ATM,19-07-2015,127,43,84,5227.92,2377.05,2850.8700000000003,Sunday,NH,H,HHW
Airport ATM,19-07-2015,78,55,23,5921.160000000001,4563.3,1357.8600000000001,Sunday,NH,H,HHW
KK Nagar ATM,19-07-2015,15,13,2,543.7800000000001,448.38000000000005,95.4,Sunday,NH,H,HHW
Big Street ATM,20-07-2015,80,34,46,5922.75,3593.4,2329.3500000000004,Monday,NH,W,HWW
Mount Road ATM,20-07-2015,120,75,45,7286.97,4604.64,2682.3300000000004,Monday,NH,W,HWW
Airport ATM,20-07-2015,100,77,23,9198.15,8419.050000000001,779.1,Monday,NH,W,HWW
KK Nagar ATM,20-07-2015,114,88,26,10218.93,8334.78,1884.15,Monday,NH,W,HWW
Christ College ATM,20-07-2015,174,58,116,14434.02,4509.240000000001,9924.78,Monday,NH,W,HWW
Big Street ATM,21-07-2015,91,26,65,3377.1600000000003,1078.02,2299.1400000000003,Tuesday,NH,W,WWW
Mount Road ATM,21-07-2015,154,110,44,9864.36,7574.76,2289.6,Tuesday,NH,W,WWW
Airport ATM,21-07-2015,86,69,17,6194.64,5305.83,888.8100000000001,Tuesday,NH,W,WWW
KK Nagar ATM,21-07-2015,149,112,37,8454.03,7142.280000000001,1311.75,Tuesday,NH,W,WWW
Christ College ATM,21-07-2015,130,62,68,8291.85,4234.17,4057.6800000000003,Tuesday,NH,W,WWW
Big Street ATM,22-07-2015,108,46,62,5270.85,2709.36,2561.4900000000002,Wednesday,NH,W,WWW
Mount Road ATM,22-07-2015,141,100,41,8492.19,6913.320000000001,1578.8700000000001,Wednesday,NH,W,WWW
Airport ATM,22-07-2015,49,40,9,4161.030000000001,3242.01,919.0200000000001,Wednesday,NH,W,WWW
KK Nagar ATM,22-07-2015,73,54,19,4041.78,3617.25,424.53000000000003,Wednesday,NH,W,WWW
Christ College ATM,22-07-2015,123,48,75,6523.77,2477.2200000000003,4046.55,Wednesday,NH,W,WWW
Big Street ATM,23-07-2015,144,45,99,8586.0,3847.8,4738.200000000001,Thursday,NH,W,WWW
Mount Road ATM,23-07-2015,145,104,41,10023.36,7818.030000000001,2205.33,Thursday,NH,W,WWW
Airport ATM,23-07-2015,74,51,23,5657.22,3928.8900000000003,1728.3300000000002,Thursday,NH,W,WWW
KK Nagar ATM,23-07-2015,99,76,23,9215.640000000001,7013.490000000001,2202.15,Thursday,NH,W,WWW
Christ College ATM,23-07-2015,132,55,77,9377.82,4362.96,5014.860000000001,Thursday,NH,W,WWW
Big Street ATM,24-07-2015,98,40,58,5391.6900000000005,2668.02,2723.67,Friday,NH,W,WWH
Mount Road ATM,24-07-2015,114,83,31,6972.150000000001,6126.27,845.88,Friday,NH,W,WWH
Airport ATM,24-07-2015,35,30,5,2044.74,1908.0,136.74,Friday,NH,W,WWH
KK Nagar ATM,24-07-2015,75,58,17,5526.84,5024.400000000001,502.44000000000005,Friday,NH,W,WWH
Christ College ATM,24-07-2015,108,45,63,4895.610000000001,2160.81,2734.8,Friday,NH,W,WWH
Big Street ATM,25-07-2015,111,43,68,4653.93,2462.9100000000003,2191.02,Saturday,NH,H,WHH
Mount Road ATM,25-07-2015,186,105,81,14049.240000000002,9473.220000000001,4576.02,Saturday,NH,H,WHH
Airport ATM,25-07-2015,55,40,15,2944.6800000000003,2369.1000000000004,575.58,Saturday,NH,H,WHH
KK Nagar ATM,25-07-2015,57,39,18,4948.08,3806.46,1141.6200000000001,Saturday,NH,H,WHH
Christ College ATM,25-07-2015,144,72,72,10385.880000000001,7577.9400000000005,2807.94,Saturday,NH,H,WHH
Big Street ATM,26-07-2015,149,46,103,7150.2300000000005,3200.67,3949.5600000000004,Sunday,NH,H,HHW
Mount Road ATM,26-07-2015,147,71,76,6660.51,4348.650000000001,2311.86,Sunday,NH,H,HHW
Airport ATM,26-07-2015,56,41,15,3765.1200000000003,3369.21,395.91,Sunday,NH,H,HHW
Christ College ATM,26-07-2015,107,43,64,5895.72,3246.78,2648.94,Sunday,NH,H,HHW
Big Street ATM,27-07-2015,118,39,79,6369.54,3256.32,3113.2200000000003,Monday,NH,W,HWW
Mount Road ATM,27-07-2015,128,91,37,7611.330000000001,5848.02,1763.3100000000002,Monday,NH,W,HWW
Airport ATM,27-07-2015,74,58,16,9387.36,7730.580000000001,1656.7800000000002,Monday,NH,W,HWW
KK Nagar ATM,27-07-2015,4,3,1,556.5,397.5,159.0,Monday,NH,W,HWW
Christ College ATM,27-07-2015,95,38,57,5286.75,2709.36,2577.3900000000003,Monday,NH,W,HWW
Big Street ATM,28-07-2015,109,46,63,5110.26,2933.55,2176.71,Tuesday,NH,W,WWW
Mount Road ATM,28-07-2015,132,75,57,7943.64,5647.68,2295.96,Tuesday,NH,W,WWW
Airport ATM,28-07-2015,35,29,6,3316.7400000000002,2971.71,345.03000000000003,Tuesday,NH,W,WWW
KK Nagar ATM,28-07-2015,38,27,11,2032.0200000000002,1547.0700000000002,484.95000000000005,Tuesday,NH,W,WWW
Christ College ATM,28-07-2015,106,56,50,7604.97,4774.77,2830.2000000000003,Tuesday,NH,W,WWW
Big Street ATM,29-07-2015,78,30,48,3385.11,1631.3400000000001,1753.7700000000002,Wednesday,NH,W,WWW
Mount Road ATM,29-07-2015,158,109,49,12068.1,9180.66,2887.44,Wednesday,NH,W,WWW
Airport ATM,29-07-2015,72,51,21,6794.070000000001,5398.05,1396.02,Wednesday,NH,W,WWW
KK Nagar ATM,29-07-2015,97,73,24,10751.58,8876.970000000001,1874.6100000000001,Wednesday,NH,W,WWW
Christ College ATM,29-07-2015,127,63,64,9043.92,5929.110000000001,3114.8100000000004,Wednesday,NH,W,WWW
Big Street ATM,30-07-2015,117,46,71,6235.9800000000005,3647.46,2588.52,Thursday,NH,W,WWH
Mount Road ATM,30-07-2015,81,48,33,5011.68,3777.84,1233.8400000000001,Thursday,NH,W,WWH
Airport ATM,30-07-2015,56,49,7,4315.26,4146.72,168.54000000000002,Thursday,NH,W,WWH
KK Nagar ATM,30-07-2015,67,49,18,4773.18,3358.0800000000004,1415.1000000000001,Thursday,NH,W,WWH
Christ College ATM,30-07-2015,67,34,33,3833.4900000000002,2682.3300000000004,1151.16,Thursday,NH,W,WWH
Big Street ATM,31-07-2015,150,58,92,9061.41,2852.46,6208.950000000001,Friday,NH,W,WWH
Mount Road ATM,31-07-2015,166,100,66,9306.27,6320.25,2986.02,Friday,NH,W,WWH
Airport ATM,31-07-2015,73,52,21,6905.370000000001,5879.820000000001,1025.55,Friday,NH,W,WWH
KK Nagar ATM,31-07-2015,192,140,52,17513.850000000002,13010.970000000001,4502.88,Friday,NH,W,WWH
Christ College ATM,31-07-2015,141,65,76,10288.890000000001,5137.29,5151.6,Friday,NH,W,WWH
Big Street ATM,1/8/2015,177,42,135,11187.24,3129.1200000000003,8058.120000000001,Saturday,NH,H,WHH
Mount Road ATM,1/8/2015,212,96,116,14971.44,7482.540000000001,7488.900000000001,Saturday,NH,H,WHH
Airport ATM,1/8/2015,87,64,23,8985.09,7659.030000000001,1326.0600000000002,Saturday,NH,H,WHH
KK Nagar ATM,1/8/2015,124,73,51,9935.91,5275.62,4660.29,Saturday,NH,H,WHH
Christ College ATM,1/8/2015,197,77,120,15747.36,5719.2300000000005,10028.130000000001,Saturday,NH,H,WHH
Big Street ATM,2/8/2015,125,35,90,7819.620000000001,3141.84,4677.780000000001,Sunday,NH,H,HHW
Mount Road ATM,2/8/2015,224,74,150,12885.36,5204.070000000001,7681.290000000001,Sunday,NH,H,HHW
Airport ATM,2/8/2015,84,56,28,6720.93,4649.16,2071.77,Sunday,NH,H,HHW
KK Nagar ATM,2/8/2015,91,42,49,6064.26,2865.1800000000003,3199.0800000000004,Sunday,NH,H,HHW
Christ College ATM,2/8/2015,29,6,23,1758.5400000000002,965.1300000000001,793.4100000000001,Sunday,NH,H,HHW
Big Street ATM,3/8/2015,93,28,65,5545.92,2326.17,3219.75,Monday,NH,W,HWW
Mount Road ATM,3/8/2015,204,118,86,15267.18,10368.390000000001,4898.79,Monday,NH,W,HWW
Airport ATM,3/8/2015,77,64,13,6189.870000000001,5536.38,653.49,Monday,NH,W,HWW
KK Nagar ATM,3/8/2015,45,33,12,2820.6600000000003,2041.5600000000002,779.1,Monday,NH,W,HWW
Christ College ATM,3/8/2015,88,21,67,6258.240000000001,1701.3000000000002,4556.9400000000005,Monday,NH,W,HWW
Big Street ATM,4/8/2015,113,46,67,8379.300000000001,3917.76,4461.54,Tuesday,NH,W,WWW
Mount Road ATM,4/8/2015,115,75,40,7616.1,5967.27,1648.8300000000002,Tuesday,NH,W,WWW
Airport ATM,4/8/2015,39,27,12,2906.52,2148.09,758.4300000000001,Tuesday,NH,W,WWW
KK Nagar ATM,4/8/2015,22,13,9,2041.5600000000002,1171.8300000000002,869.73,Tuesday,NH,W,WWW
Christ College ATM,4/8/2015,142,71,71,10950.33,6065.85,4884.4800000000005,Tuesday,NH,W,WWW
Big Street ATM,5/8/2015,140,48,92,7676.52,2820.6600000000003,4855.860000000001,Wednesday,NH,W,WWW
Mount Road ATM,5/8/2015,43,34,9,3450.3,3273.8100000000004,176.49,Wednesday,NH,W,WWW
Airport ATM,5/8/2015,60,46,14,5402.820000000001,4611.0,791.82,Wednesday,NH,W,WWW
KK Nagar ATM,5/8/2015,150,102,48,13756.68,9846.87,3909.8100000000004,Wednesday,NH,W,WWW
Christ College ATM,5/8/2015,35,22,13,3650.6400000000003,2793.63,857.0100000000001,Wednesday,NH,W,WWW
Big Street ATM,6/8/2015,134,51,83,6717.75,3393.0600000000004,3324.69,Thursday,NH,W,WWW
Mount Road ATM,6/8/2015,194,120,74,15240.150000000001,10551.24,4688.91,Thursday,NH,W,WWW
Airport ATM,6/8/2015,72,50,22,5343.990000000001,3844.6200000000003,1499.3700000000001,Thursday,NH,W,WWW
KK Nagar ATM,6/8/2015,118,75,43,10319.1,7334.67,2984.4300000000003,Thursday,NH,W,WWW
Christ College ATM,6/8/2015,46,17,29,2227.59,990.57,1237.02,Thursday,NH,W,WWW
Big Street ATM,7/8/2015,111,51,60,7212.240000000001,3701.5200000000004,3510.7200000000003,Friday,NH,W,WWH
Mount Road ATM,7/8/2015,153,97,56,10350.900000000001,7134.330000000001,3216.57,Friday,NH,W,WWH
Airport ATM,7/8/2015,58,36,22,3084.6000000000004,1966.8300000000002,1117.77,Friday,NH,W,WWH
KK Nagar ATM,7/8/2015,73,57,16,5722.410000000001,5083.2300000000005,639.1800000000001,Friday,NH,W,WWH
Christ College ATM,7/8/2015,140,60,80,8600.310000000001,4086.3,4514.01,Friday,NH,W,WWH
Big Street ATM,8/8/2015,128,31,97,9241.08,3154.5600000000004,6086.52,Saturday,NH,H,WHH
Mount Road ATM,8/8/2015,217,110,107,12033.12,6752.7300000000005,5280.39,Saturday,NH,H,WHH
Airport ATM,8/8/2015,63,48,15,6363.18,5563.410000000001,799.7700000000001,Saturday,NH,H,WHH
KK Nagar ATM,8/8/2015,78,51,27,5213.610000000001,3327.8700000000003,1885.74,Saturday,NH,H,WHH
Christ College ATM,8/8/2015,160,86,74,15109.77,10096.5,5013.27,Saturday,NH,H,WHH
Big Street ATM,9/8/2015,150,55,95,9689.460000000001,5673.12,4016.34,Sunday,NH,H,HHW
Mount Road ATM,9/8/2015,153,68,85,9379.41,5487.09,3892.32,Sunday,NH,H,HHW
Airport ATM,9/8/2015,75,56,19,6261.42,5604.75,656.6700000000001,Sunday,NH,H,HHW
KK Nagar ATM,9/8/2015,76,46,30,5302.650000000001,3361.26,1941.39,Sunday,NH,H,HHW
Christ College ATM,9/8/2015,33,14,19,1930.2600000000002,1510.5,419.76000000000005,Sunday,NH,H,HHW
Big Street ATM,10/8/2015,131,44,87,6552.39,3598.17,2954.2200000000003,Monday,NH,W,HWW
Mount Road ATM,10/8/2015,193,123,70,10611.66,7593.84,3017.82,Monday,NH,W,HWW
Airport ATM,10/8/2015,84,65,19,6369.54,5107.08,1262.46,Monday,NH,W,HWW
KK Nagar ATM,10/8/2015,100,64,36,7674.93,5609.52,2065.4100000000003,Monday,NH,W,HWW
Christ College ATM,10/8/2015,127,44,83,7779.870000000001,2171.94,5607.93,Monday,NH,W,HWW
Big Street ATM,11/8/2015,148,55,93,8630.52,4224.63,4405.89,Tuesday,NH,W,WWW
Mount Road ATM,11/8/2015,167,111,56,10810.41,8109.000000000001,2701.4100000000003,Tuesday,NH,W,WWW
Airport ATM,11/8/2015,90,72,18,8517.630000000001,7399.860000000001,1117.77,Tuesday,NH,W,WWW
KK Nagar ATM,11/8/2015,20,18,2,1044.63,933.33,111.30000000000001,Tuesday,NH,W,WWW
Christ College ATM,11/8/2015,126,64,62,9212.460000000001,5828.9400000000005,3383.52,Tuesday,NH,W,WWW
Big Street ATM,12/8/2015,131,41,90,7620.870000000001,3517.0800000000004,4103.79,Wednesday,NH,W,WWW
Mount Road ATM,12/8/2015,159,98,61,9516.150000000001,6418.83,3097.32,Wednesday,NH,W,WWW
Airport ATM,12/8/2015,60,48,12,4833.6,4043.3700000000003,790.23,Wednesday,NH,W,WWW
KK Nagar ATM,12/8/2015,88,68,20,7751.250000000001,6288.450000000001,1462.8000000000002,Wednesday,NH,W,WWW
Christ College ATM,12/8/2015,128,65,63,7946.820000000001,4968.75,2978.07,Wednesday,NH,W,WWW
Big Street ATM,13-08-2015,95,37,58,4946.490000000001,2674.38,2272.11,Thursday,NH,W,WWW
Mount Road ATM,13-08-2015,109,54,55,7531.830000000001,3970.23,3561.6000000000004,Thursday,NH,W,WWW
Airport ATM,13-08-2015,57,43,14,5886.18,4971.93,914.25,Thursday,NH,W,WWW
KK Nagar ATM,13-08-2015,29,20,9,2547.1800000000003,1723.5600000000002,823.62,Thursday,NH,W,WWW
Christ College ATM,13-08-2015,106,48,58,7267.89,4234.17,3033.7200000000003,Thursday,NH,W,WWW
Big Street ATM,14-08-2015,116,45,71,6108.780000000001,2491.53,3617.25,Friday,NH,W,WWH
Mount Road ATM,14-08-2015,159,97,62,9921.6,6515.820000000001,3405.78,Friday,NH,W,WWH
Airport ATM,14-08-2015,24,15,9,966.72,659.85,306.87,Friday,NH,W,WWH
KK Nagar ATM,14-08-2015,83,56,27,6579.42,5336.04,1243.38,Friday,NH,W,WWH
Christ College ATM,14-08-2015,119,51,68,9470.04,4903.56,4566.4800000000005,Friday,NH,W,WWH
Big Street ATM,15-08-2015,112,31,81,6752.7300000000005,2313.4500000000003,4439.280000000001,Saturday,N,H,WHH
Mount Road ATM,15-08-2015,140,63,77,9083.67,5208.84,3874.8300000000004,Saturday,N,H,WHH
Airport ATM,15-08-2015,101,85,16,8150.34,7223.370000000001,926.97,Saturday,N,H,WHH
KK Nagar ATM,15-08-2015,54,43,11,3666.5400000000004,2874.7200000000003,791.82,Saturday,N,H,WHH
Christ College ATM,15-08-2015,87,43,44,4378.860000000001,2532.8700000000003,1845.99,Saturday,N,H,WHH
Big Street ATM,16-08-2015,142,47,95,6892.650000000001,2836.56,4056.09,Sunday,NH,H,HHW
Mount Road ATM,16-08-2015,115,44,71,3909.8100000000004,1764.9,2144.9100000000003,Sunday,NH,H,HHW
Airport ATM,16-08-2015,74,60,14,7390.320000000001,7015.080000000001,375.24,Sunday,NH,H,HHW
KK Nagar ATM,16-08-2015,16,13,3,1014.4200000000001,899.94,114.48,Sunday,NH,H,HHW
Christ College ATM,16-08-2015,106,36,70,3698.34,1384.89,2313.4500000000003,Sunday,NH,H,HHW
Big Street ATM,17-08-2015,140,50,90,7576.35,3647.46,3928.8900000000003,Monday,NH,W,HWW
Mount Road ATM,17-08-2015,151,91,60,10974.18,7881.63,3092.55,Monday,NH,W,HWW
Airport ATM,17-08-2015,57,45,12,1998.63,1750.5900000000001,248.04000000000002,Monday,NH,W,HWW
KK Nagar ATM,17-08-2015,22,14,8,2206.92,1682.22,524.7,Monday,NH,W,HWW
Christ College ATM,17-08-2015,114,56,58,8779.980000000001,5188.17,3591.8100000000004,Monday,NH,W,HWW
Big Street ATM,18-08-2015,126,38,88,7460.280000000001,3313.5600000000004,4146.72,Tuesday,NH,W,WWW
Mount Road ATM,18-08-2015,142,97,45,9571.800000000001,7584.3,1987.5000000000002,Tuesday,NH,W,WWW
Airport ATM,18-08-2015,19,17,2,2577.3900000000003,2386.59,190.8,Tuesday,NH,W,WWW
KK Nagar ATM,18-08-2015,70,58,12,5673.12,5084.820000000001,588.3000000000001,Tuesday,NH,W,WWW
Christ College ATM,18-08-2015,140,58,82,9532.050000000001,5402.820000000001,4129.2300000000005,Tuesday,NH,W,WWW
Big Street ATM,19-08-2015,132,52,80,7837.110000000001,4350.240000000001,3486.8700000000003,Wednesday,NH,W,WWW
Mount Road ATM,19-08-2015,197,102,95,13683.54,9269.7,4413.84,Wednesday,NH,W,WWW
Airport ATM,19-08-2015,57,49,8,6339.33,5736.72,602.61,Wednesday,NH,W,WWW
KK Nagar ATM,19-08-2015,60,46,14,5491.860000000001,4587.150000000001,904.71,Wednesday,NH,W,WWW
Christ College ATM,19-08-2015,149,72,77,9136.140000000001,4631.67,4504.47,Wednesday,NH,W,WWW
Big Street ATM,20-08-2015,132,60,72,8310.93,4329.570000000001,3981.36,Thursday,NH,W,WWW
Mount Road ATM,20-08-2015,120,82,38,7126.38,4936.950000000001,2189.4300000000003,Thursday,NH,W,WWW
Airport ATM,20-08-2015,25,22,3,1424.64,1027.14,397.5,Thursday,NH,W,WWW
KK Nagar ATM,20-08-2015,7,6,1,451.56,443.61,7.95,Thursday,NH,W,WWW
Christ College ATM,20-08-2015,137,53,84,7932.51,3261.09,4671.42,Thursday,NH,W,WWW
Big Street ATM,21-08-2015,112,38,74,5261.31,2443.83,2817.48,Friday,NH,W,WWH
Mount Road ATM,21-08-2015,123,74,49,7597.02,5178.63,2418.3900000000003,Friday,NH,W,WWH
Airport ATM,21-08-2015,41,31,10,3645.8700000000003,2807.94,837.9300000000001,Friday,NH,W,WWH
Christ College ATM,21-08-2015,191,57,134,11791.44,5146.83,6644.610000000001,Friday,NH,W,WWH
Big Street ATM,22-08-2015,112,41,71,5994.3,3180.0,2814.3,Saturday,NH,H,WHH
Mount Road ATM,22-08-2015,200,91,109,10656.18,5674.71,4981.47,Saturday,NH,H,WHH
Airport ATM,22-08-2015,53,41,12,4339.110000000001,3420.09,919.0200000000001,Saturday,NH,H,WHH
Christ College ATM,22-08-2015,160,48,112,9088.44,2757.06,6331.38,Saturday,NH,H,WHH
Big Street ATM,23-08-2015,151,38,113,4787.490000000001,1243.38,3544.11,Sunday,NH,H,HHW
Mount Road ATM,23-08-2015,71,31,40,3658.59,2680.7400000000002,977.85,Sunday,NH,H,HHW
Airport ATM,23-08-2015,71,59,12,5445.75,4781.13,664.62,Sunday,NH,H,HHW
Christ College ATM,23-08-2015,78,38,40,3812.82,1885.74,1927.0800000000002,Sunday,NH,H,HHW
Big Street ATM,24-08-2015,85,32,53,4463.13,2251.44,2211.69,Monday,NH,W,HWW
Mount Road ATM,24-08-2015,143,90,53,8614.62,6461.76,2152.86,Monday,NH,W,HWW
Airport ATM,24-08-2015,61,49,12,7905.4800000000005,7023.030000000001,882.45,Monday,NH,W,HWW
KK Nagar ATM,24-08-2015,79,58,21,6191.46,4622.13,1569.3300000000002,Monday,NH,W,HWW
Christ College ATM,24-08-2015,96,48,48,4350.240000000001,2730.03,1620.21,Monday,NH,W,HWW
Big Street ATM,25-08-2015,106,42,64,5552.280000000001,3450.3,2101.98,Tuesday,NH,W,WWW
Mount Road ATM,25-08-2015,157,94,63,8814.960000000001,5790.780000000001,3024.1800000000003,Tuesday,NH,W,WWW
Airport ATM,25-08-2015,35,27,8,3181.59,2615.55,566.0400000000001,Tuesday,NH,W,WWW
KK Nagar ATM,25-08-2015,158,127,31,11261.970000000001,10099.68,1162.29,Tuesday,NH,W,WWW
Christ College ATM,25-08-2015,138,42,96,6541.26,1771.26,4770.0,Tuesday,NH,W,WWW
Big Street ATM,26-08-2015,83,31,52,4318.4400000000005,2640.9900000000002,1677.45,Wednesday,NH,W,WWW
Mount Road ATM,26-08-2015,175,108,67,10048.800000000001,7531.830000000001,2516.9700000000003,Wednesday,NH,W,WWW
Airport ATM,26-08-2015,59,51,8,6625.530000000001,6304.35,321.18,Wednesday,NH,W,WWW
KK Nagar ATM,26-08-2015,190,142,48,15443.67,12088.77,3354.9,Wednesday,NH,W,WWW
Christ College ATM,26-08-2015,124,50,74,6738.42,3016.23,3722.19,Wednesday,NH,W,WWW
Big Street ATM,27-08-2015,122,24,98,5689.02,1098.69,4590.33,Thursday,NH,W,WWW
Mount Road ATM,27-08-2015,146,95,51,10478.1,8517.630000000001,1960.47,Thursday,NH,W,WWW
Airport ATM,27-08-2015,82,60,22,5870.280000000001,4755.6900000000005,1114.5900000000001,Thursday,NH,W,WWW
KK Nagar ATM,27-08-2015,131,107,24,7728.990000000001,6549.21,1179.78,Thursday,NH,W,WWW
Christ College ATM,27-08-2015,124,49,75,8543.07,4213.5,4329.570000000001,Thursday,NH,W,WWW
Big Street ATM,28-08-2015,122,50,72,6938.76,4380.45,2558.31,Friday,NH,W,WWH
Mount Road ATM,28-08-2015,132,79,53,8455.62,6237.570000000001,2218.05,Friday,NH,W,WWH
Airport ATM,28-08-2015,83,66,17,7549.320000000001,6840.18,709.14,Friday,NH,W,WWH
KK Nagar ATM,28-08-2015,95,74,21,9083.67,7587.4800000000005,1496.19,Friday,NH,W,WWH
Christ College ATM,28-08-2015,100,44,56,5913.21,2846.1000000000004,3067.11,Friday,NH,W,WWH
Big Street ATM,29-08-2015,161,58,103,10466.970000000001,4647.570000000001,5819.400000000001,Saturday,NH,H,WHH
Mount Road ATM,29-08-2015,155,89,66,7841.88,5299.47,2542.4100000000003,Saturday,NH,H,WHH
Airport ATM,29-08-2015,63,48,15,5340.81,4477.4400000000005,863.37,Saturday,NH,H,WHH
KK Nagar ATM,29-08-2015,59,41,18,3149.79,2350.02,799.7700000000001,Saturday,NH,H,WHH
Christ College ATM,29-08-2015,130,56,74,7883.22,3994.0800000000004,3889.1400000000003,Saturday,NH,H,WHH
Big Street ATM,30-08-2015,126,32,94,5259.72,1416.69,3843.03,Sunday,NH,H,HHW
Mount Road ATM,30-08-2015,154,80,74,10320.69,7550.910000000001,2769.78,Sunday,NH,H,HHW
Airport ATM,30-08-2015,25,18,7,1642.47,1136.8500000000001,505.62,Sunday,NH,H,HHW
KK Nagar ATM,30-08-2015,62,44,18,4359.780000000001,3143.4300000000003,1216.3500000000001,Sunday,NH,H,HHW
Christ College ATM,30-08-2015,91,39,52,5515.71,3388.2900000000004,2127.42,Sunday,NH,H,HHW
Big Street ATM,31-08-2015,118,26,92,6100.83,715.5,5385.33,Monday,NH,W,HWW
Mount Road ATM,31-08-2015,159,100,59,8859.480000000001,6744.780000000001,2114.7000000000003,Monday,NH,W,HWW
Airport ATM,31-08-2015,45,41,4,4180.110000000001,4122.87,57.24,Monday,NH,W,HWW
KK Nagar ATM,31-08-2015,114,76,38,12285.93,8578.050000000001,3707.88,Monday,NH,W,HWW
Christ College ATM,31-08-2015,123,63,60,7535.01,3906.63,3628.38,Monday,NH,W,HWW
Big Street ATM,1/9/2015,135,45,90,8646.42,3405.78,5240.64,Tuesday,NH,W,WWW
Mount Road ATM,1/9/2015,203,128,75,13904.550000000001,9535.230000000001,4369.320000000001,Tuesday,NH,W,WWW
Airport ATM,1/9/2015,92,69,23,8069.250000000001,6860.85,1208.4,Tuesday,NH,W,WWW
KK Nagar ATM,1/9/2015,89,63,26,8441.310000000001,6519.0,1922.3100000000002,Tuesday,NH,W,WWW
Christ College ATM,1/9/2015,146,56,90,12449.7,4986.240000000001,7463.46,Tuesday,NH,W,WWW
Big Street ATM,2/9/2015,143,45,98,9039.15,3536.1600000000003,5502.990000000001,Wednesday,NH,W,WWW
Mount Road ATM,2/9/2015,162,123,39,12265.26,9660.84,2604.42,Wednesday,NH,W,WWW
Airport ATM,2/9/2015,72,60,12,6835.410000000001,6216.900000000001,618.51,Wednesday,NH,W,WWW
KK Nagar ATM,2/9/2015,112,91,21,11026.650000000001,9152.04,1874.6100000000001,Wednesday,NH,W,WWW
Christ College ATM,2/9/2015,144,64,80,13177.92,6434.7300000000005,6743.1900000000005,Wednesday,NH,W,WWW
Big Street ATM,3/9/2015,126,38,88,8748.18,3622.0200000000004,5126.16,Thursday,NH,W,WWW
Mount Road ATM,3/9/2015,241,102,139,16842.870000000003,8830.86,8012.01,Thursday,NH,W,WWW
Airport ATM,3/9/2015,80,67,13,9034.380000000001,8096.280000000001,938.1,Thursday,NH,W,WWW
KK Nagar ATM,3/9/2015,98,59,39,7698.780000000001,4766.820000000001,2931.96,Thursday,NH,W,WWW
Christ College ATM,3/9/2015,152,65,87,12704.1,5951.370000000001,6752.7300000000005,Thursday,NH,W,WWW
Big Street ATM,4/9/2015,116,35,81,7212.240000000001,2489.94,4722.3,Friday,NH,W,WWH
Mount Road ATM,4/9/2015,137,80,57,8875.380000000001,5661.990000000001,3213.3900000000003,Friday,NH,W,WWH
Airport ATM,4/9/2015,60,48,12,5757.39,4959.21,798.1800000000001,Friday,NH,W,WWH
KK Nagar ATM,4/9/2015,67,54,13,4307.31,3389.88,917.4300000000001,Friday,NH,W,WWH
Christ College ATM,4/9/2015,178,76,102,13098.42,6617.580000000001,6480.84,Friday,NH,W,WWH
Big Street ATM,5/9/2015,156,48,108,6280.5,2067.0,4213.5,Saturday,H,H,WHH
Mount Road ATM,5/9/2015,249,107,142,13982.460000000001,7444.38,6538.080000000001,Saturday,H,H,WHH
Airport ATM,5/9/2015,76,58,18,7886.400000000001,6870.39,1016.0100000000001,Saturday,H,H,WHH
KK Nagar ATM,5/9/2015,43,24,19,3103.6800000000003,1783.98,1319.7,Saturday,H,H,WHH
Christ College ATM,5/9/2015,239,64,175,19650.81,7678.110000000001,11972.7,Saturday,H,H,WHH
Big Street ATM,6/9/2015,118,31,87,5960.910000000001,1815.7800000000002,4145.13,Sunday,NH,H,HHW
Mount Road ATM,6/9/2015,171,56,115,7541.370000000001,3940.0200000000004,3601.3500000000004,Sunday,NH,H,HHW
Airport ATM,6/9/2015,55,45,10,4108.56,3329.46,779.1,Sunday,NH,H,HHW
KK Nagar ATM,6/9/2015,72,57,15,6860.85,5541.150000000001,1319.7,Sunday,NH,H,HHW
Christ College ATM,6/9/2015,90,16,74,3367.6200000000003,527.88,2839.7400000000002,Sunday,NH,H,HHW
Big Street ATM,7/9/2015,122,44,78,7918.200000000001,3690.3900000000003,4227.81,Monday,NH,W,HWW
Mount Road ATM,7/9/2015,247,152,95,19979.940000000002,13491.150000000001,6488.79,Monday,NH,W,HWW
Airport ATM,7/9/2015,72,57,15,5237.46,4170.570000000001,1066.89,Monday,NH,W,HWW
KK Nagar ATM,7/9/2015,138,112,26,11533.86,10530.570000000002,1003.2900000000001,Monday,NH,W,HWW
Christ College ATM,7/9/2015,131,44,87,9511.380000000001,3850.98,5660.400000000001,Monday,NH,W,HWW
Big Street ATM,8/9/2015,105,41,64,6269.370000000001,3175.23,3094.1400000000003,Tuesday,NH,W,WWW
Mount Road ATM,8/9/2015,143,96,47,7845.06,6191.46,1653.6000000000001,Tuesday,NH,W,WWW
Airport ATM,8/9/2015,50,35,15,4668.240000000001,3529.8,1138.44,Tuesday,NH,W,WWW
KK Nagar ATM,8/9/2015,120,95,25,8420.640000000001,6824.280000000001,1596.3600000000001,Tuesday,NH,W,WWW
Christ College ATM,8/9/2015,197,72,125,15551.79,5695.38,9856.41,Tuesday,NH,W,WWW
Big Street ATM,9/9/2015,136,35,101,6895.830000000001,1737.8700000000001,5157.96,Wednesday,NH,W,WWW
Mount Road ATM,9/9/2015,150,93,57,9256.980000000001,6495.150000000001,2761.8300000000004,Wednesday,NH,W,WWW
Airport ATM,9/9/2015,49,35,14,2986.02,2526.51,459.51000000000005,Wednesday,NH,W,WWW
KK Nagar ATM,9/9/2015,85,58,27,7563.63,6067.4400000000005,1496.19,Wednesday,NH,W,WWW
Christ College ATM,9/9/2015,147,62,85,10451.07,5356.71,5094.360000000001,Wednesday,NH,W,WWW
Big Street ATM,10/9/2015,127,56,71,9225.18,5902.08,3323.1000000000004,Thursday,NH,W,WWW
Mount Road ATM,10/9/2015,181,94,87,11969.52,7996.110000000001,3973.4100000000003,Thursday,NH,W,WWW
Airport ATM,10/9/2015,33,25,8,1674.2700000000002,1480.2900000000002,193.98000000000002,Thursday,NH,W,WWW
KK Nagar ATM,10/9/2015,94,70,24,7752.84,5933.88,1818.96,Thursday,NH,W,WWW
Christ College ATM,10/9/2015,168,69,99,12120.570000000002,5860.740000000001,6259.83,Thursday,NH,W,WWW
Big Street ATM,11/9/2015,136,57,79,8772.03,4738.200000000001,4033.8300000000004,Friday,NH,W,WWH
Mount Road ATM,11/9/2015,80,54,26,7476.18,6229.620000000001,1246.5600000000002,Friday,NH,W,WWH
Airport ATM,11/9/2015,47,38,9,3596.5800000000004,3345.36,251.22000000000003,Friday,NH,W,WWH
KK Nagar ATM,11/9/2015,79,62,17,6463.35,5186.58,1276.77,Friday,NH,W,WWH
Christ College ATM,11/9/2015,132,74,58,11061.630000000001,7412.580000000001,3649.05,Friday,NH,W,WWH
Big Street ATM,12/9/2015,155,50,105,7636.77,2774.55,4862.22,Saturday,NH,H,WHH
Mount Road ATM,12/9/2015,177,100,77,11083.890000000001,7336.26,3747.63,Saturday,NH,H,WHH
Airport ATM,12/9/2015,49,35,14,3925.71,3319.92,605.7900000000001,Saturday,NH,H,WHH
KK Nagar ATM,12/9/2015,48,37,11,2319.81,1613.8500000000001,705.96,Saturday,NH,H,WHH
Christ College ATM,12/9/2015,120,65,55,10928.070000000002,7514.34,3413.73,Saturday,NH,H,WHH
Big Street ATM,13-09-2015,136,43,93,7175.67,2698.23,4477.4400000000005,Sunday,NH,H,HHW
Mount Road ATM,13-09-2015,169,59,110,5673.12,2812.71,2860.4100000000003,Sunday,NH,H,HHW
Airport ATM,13-09-2015,55,47,8,2488.3500000000004,2251.44,236.91000000000003,Sunday,NH,H,HHW
KK Nagar ATM,13-09-2015,53,42,11,4191.240000000001,3668.13,523.11,Sunday,NH,H,HHW
Christ College ATM,13-09-2015,128,47,81,10511.49,5312.1900000000005,5199.3,Sunday,NH,H,HHW
Big Street ATM,14-09-2015,87,34,53,6992.820000000001,4192.83,2799.9900000000002,Monday,NH,W,HWW
Mount Road ATM,14-09-2015,162,110,52,10214.16,7835.52,2378.6400000000003,Monday,NH,W,HWW
Airport ATM,14-09-2015,60,46,14,8107.410000000001,7073.910000000001,1033.5,Monday,NH,W,HWW
KK Nagar ATM,14-09-2015,40,26,14,2443.83,1176.6000000000001,1267.23,Monday,NH,W,HWW
Christ College ATM,14-09-2015,37,18,19,3579.09,2303.9100000000003,1275.18,Monday,NH,W,HWW
Big Street ATM,15-09-2015,113,32,81,6181.92,1970.0100000000002,4211.91,Tuesday,NH,W,WWW
Mount Road ATM,15-09-2015,167,113,54,12025.17,9353.970000000001,2671.2000000000003,Tuesday,NH,W,WWW
Airport ATM,15-09-2015,73,61,12,5460.06,4905.150000000001,554.9100000000001,Tuesday,NH,W,WWW
KK Nagar ATM,15-09-2015,82,64,18,5157.96,4448.820000000001,709.14,Tuesday,NH,W,WWW
Christ College ATM,15-09-2015,137,63,74,9544.77,5188.17,4356.6,Tuesday,NH,W,WWW
Big Street ATM,16-09-2015,150,47,103,9589.29,3691.98,5897.31,Wednesday,NH,W,WWH
Mount Road ATM,16-09-2015,175,105,70,11646.75,8662.32,2984.4300000000003,Wednesday,NH,W,WWH
Airport ATM,16-09-2015,61,56,5,5762.160000000001,5619.06,143.1,Wednesday,NH,W,WWH
KK Nagar ATM,16-09-2015,40,23,17,2275.29,884.0400000000001,1391.25,Wednesday,NH,W,WWH
Christ College ATM,16-09-2015,121,56,65,6774.990000000001,3214.98,3560.01,Wednesday,NH,W,WWH
Big Street ATM,17-09-2015,124,33,91,6250.29,2038.38,4211.91,Thursday,H,H,WHW
Mount Road ATM,17-09-2015,103,56,47,6685.950000000001,4973.52,1712.43,Thursday,H,H,WHW
Airport ATM,17-09-2015,46,43,3,2817.48,2765.01,52.470000000000006,Thursday,H,H,WHW
KK Nagar ATM,17-09-2015,29,24,5,1222.71,869.73,352.98,Thursday,H,H,WHW
Christ College ATM,17-09-2015,69,35,34,4514.01,2827.02,1686.99,Thursday,H,H,WHW
Big Street ATM,18-09-2015,123,43,80,6449.04,3257.9100000000003,3191.13,Friday,NH,W,HWH
Mount Road ATM,18-09-2015,126,75,51,7471.410000000001,5084.820000000001,2386.59,Friday,NH,W,HWH
Airport ATM,18-09-2015,39,31,8,2855.6400000000003,2494.71,360.93,Friday,NH,W,HWH
KK Nagar ATM,18-09-2015,50,41,9,3580.6800000000003,3149.79,430.89000000000004,Friday,NH,W,HWH
Christ College ATM,18-09-2015,120,51,69,6824.280000000001,3418.5,3405.78,Friday,NH,W,HWH
Big Street ATM,19-09-2015,138,42,96,7612.92,2599.65,5013.27,Saturday,NH,H,WHH
Mount Road ATM,19-09-2015,163,96,67,10557.6,7326.72,3230.88,Saturday,NH,H,WHH
Airport ATM,19-09-2015,68,59,9,8056.530000000001,7719.450000000001,337.08000000000004,Saturday,NH,H,WHH
KK Nagar ATM,19-09-2015,24,21,3,1453.26,1335.6000000000001,117.66000000000001,Saturday,NH,H,WHH
Christ College ATM,19-09-2015,119,48,71,8153.52,4132.41,4021.11,Saturday,NH,H,WHH
Big Street ATM,20-09-2015,127,45,82,8081.97,4507.650000000001,3574.32,Sunday,NH,H,HHW
Mount Road ATM,20-09-2015,158,84,74,7519.110000000001,5204.070000000001,2315.04,Sunday,NH,H,HHW
Airport ATM,20-09-2015,53,44,9,4525.14,4382.04,143.1,Sunday,NH,H,HHW
KK Nagar ATM,20-09-2015,61,37,24,3253.1400000000003,1741.0500000000002,1512.0900000000001,Sunday,NH,H,HHW
Christ College ATM,20-09-2015,101,43,58,5382.150000000001,2404.08,2978.07,Sunday,NH,H,HHW
Big Street ATM,21-09-2015,107,39,68,7134.330000000001,3372.3900000000003,3761.94,Monday,NH,W,HWW
Mount Road ATM,21-09-2015,139,93,46,9266.52,7757.610000000001,1508.91,Monday,NH,W,HWW
Airport ATM,21-09-2015,51,43,8,4305.72,4029.0600000000004,276.66,Monday,NH,W,HWW
KK Nagar ATM,21-09-2015,73,55,18,6623.9400000000005,5480.7300000000005,1143.21,Monday,NH,W,HWW
Christ College ATM,21-09-2015,144,63,81,9129.78,4048.1400000000003,5081.64,Monday,NH,W,HWW
Big Street ATM,22-09-2015,82,34,48,5917.9800000000005,3631.5600000000004,2286.42,Tuesday,NH,W,WWW
Mount Road ATM,22-09-2015,140,91,49,8228.25,6113.55,2114.7000000000003,Tuesday,NH,W,WWW
Airport ATM,22-09-2015,88,82,6,7251.990000000001,6894.240000000001,357.75,Tuesday,NH,W,WWW
KK Nagar ATM,22-09-2015,55,43,12,4196.01,3663.36,532.65,Tuesday,NH,W,WWW
Christ College ATM,22-09-2015,127,54,73,8856.300000000001,3410.55,5445.75,Tuesday,NH,W,WWW
Big Street ATM,23-09-2015,114,35,79,5747.85,1645.65,4102.2,Wednesday,NH,W,WWH
Mount Road ATM,23-09-2015,132,88,44,8487.42,6585.780000000001,1901.64,Wednesday,NH,W,WWH
Airport ATM,23-09-2015,84,71,13,7716.27,7164.540000000001,551.73,Wednesday,NH,W,WWH
KK Nagar ATM,23-09-2015,111,77,34,9039.15,7008.72,2030.43,Wednesday,NH,W,WWH
Christ College ATM,23-09-2015,91,48,43,5169.09,3405.78,1763.3100000000002,Wednesday,NH,W,WWH
Big Street ATM,24-09-2015,128,51,77,7628.820000000001,4199.1900000000005,3429.63,Thursday,M,H,WHW
Mount Road ATM,24-09-2015,156,71,85,7639.950000000001,3310.38,4329.570000000001,Thursday,M,H,WHW
Airport ATM,24-09-2015,70,54,16,5940.240000000001,5194.530000000001,745.71,Thursday,M,H,WHW
KK Nagar ATM,24-09-2015,33,21,12,3117.9900000000002,2396.13,721.86,Thursday,M,H,WHW
Christ College ATM,24-09-2015,97,42,55,5461.650000000001,3030.54,2431.11,Thursday,M,H,WHW
Big Street ATM,25-09-2015,112,33,79,5151.6,1960.47,3191.13,Friday,NH,W,HWH
Mount Road ATM,25-09-2015,189,97,92,11829.6,8240.970000000001,3588.63,Friday,NH,W,HWH
Airport ATM,25-09-2015,43,42,1,2467.6800000000003,2435.88,31.8,Friday,NH,W,HWH
KK Nagar ATM,25-09-2015,26,22,4,2504.25,2310.27,193.98000000000002,Friday,NH,W,HWH
Christ College ATM,25-09-2015,103,48,55,6053.13,3512.3100000000004,2540.82,Friday,NH,W,HWH
Big Street ATM,26-09-2015,106,44,62,4847.91,2935.1400000000003,1912.7700000000002,Saturday,NH,H,WHH
Mount Road ATM,26-09-2015,174,66,108,9210.87,4270.740000000001,4940.13,Saturday,NH,H,WHH
Airport ATM,26-09-2015,71,59,12,4235.76,3804.8700000000003,430.89000000000004,Saturday,NH,H,WHH
KK Nagar ATM,26-09-2015,9,7,2,488.13000000000005,303.69,184.44,Saturday,NH,H,WHH
Christ College ATM,26-09-2015,126,48,78,8349.09,3346.9500000000003,5002.14,Saturday,NH,H,WHH
Big Street ATM,27-09-2015,117,34,83,5165.91,1575.69,3590.2200000000003,Sunday,NH,H,HHW
Mount Road ATM,27-09-2015,151,50,101,5216.79,1696.5300000000002,3520.26,Sunday,NH,H,HHW
Airport ATM,27-09-2015,44,34,10,1462.8000000000002,1224.3000000000002,238.5,Sunday,NH,H,HHW
KK Nagar ATM,27-09-2015,2,2,0,246.45000000000002,246.45000000000002,0.0,Sunday,NH,H,HHW
Christ College ATM,27-09-2015,82,41,41,3022.59,1438.95,1583.64,Sunday,NH,H,HHW
Big Street ATM,28-09-2015,82,35,47,5130.93,3033.7200000000003,2097.21,Monday,NH,W,HWW
Mount Road ATM,28-09-2015,227,116,111,12735.900000000001,6722.52,6013.38,Monday,NH,W,HWW
Airport ATM,28-09-2015,68,58,10,8042.22,7000.77,1041.45,Monday,NH,W,HWW
KK Nagar ATM,28-09-2015,1,1,0,23.85,23.85,0.0,Monday,NH,W,HWW
Christ College ATM,28-09-2015,132,66,66,9493.890000000001,5340.81,4153.08,Monday,NH,W,HWW
Big Street ATM,29-09-2015,131,53,78,9109.11,4021.11,5088.0,Tuesday,NH,W,WWW
Mount Road ATM,29-09-2015,183,97,86,10657.77,7010.31,3647.46,Tuesday,NH,W,WWW
Airport ATM,29-09-2015,69,57,12,6285.27,5927.52,357.75,Tuesday,NH,W,WWW
KK Nagar ATM,29-09-2015,31,27,4,2701.4100000000003,2512.2000000000003,189.21,Tuesday,NH,W,WWW
Christ College ATM,29-09-2015,124,65,59,9595.650000000001,6374.31,3221.34,Tuesday,NH,W,WWW
Big Street ATM,30-09-2015,141,43,98,8752.95,3359.67,5393.280000000001,Wednesday,NH,W,WWW
Mount Road ATM,30-09-2015,123,58,65,8738.640000000001,5771.700000000001,2966.94,Wednesday,NH,W,WWW
Airport ATM,30-09-2015,71,56,15,5704.92,5134.110000000001,570.8100000000001,Wednesday,NH,W,WWW
KK Nagar ATM,30-09-2015,51,37,14,3556.8300000000004,2890.6200000000003,666.21,Wednesday,NH,W,WWW
Christ College ATM,30-09-2015,116,56,60,10729.320000000002,5406.0,5323.320000000001,Wednesday,NH,W,WWW
Big Street ATM,1/10/2015,161,52,109,10832.67,4625.31,6207.360000000001,Thursday,NH,W,WWH
Mount Road ATM,1/10/2015,221,106,115,14163.720000000001,9463.68,4700.04,Thursday,NH,W,WWH
Airport ATM,1/10/2015,62,44,18,4603.05,3566.3700000000003,1036.68,Thursday,NH,W,WWH
KK Nagar ATM,1/10/2015,137,97,40,11463.900000000001,9187.02,2276.88,Thursday,NH,W,WWH
Christ College ATM,1/10/2015,161,69,92,14583.480000000001,6511.05,8072.43,Thursday,NH,W,WWH
Big Street ATM,2/10/2015,109,29,80,5733.54,2106.75,3626.7900000000004,Friday,N,H,WHH
Mount Road ATM,2/10/2015,179,59,120,8655.960000000001,4304.13,4351.83,Friday,N,H,WHH
KK Nagar ATM,2/10/2015,121,72,49,11079.12,7698.780000000001,3380.34,Friday,N,H,WHH
Christ College ATM,2/10/2015,109,47,62,8279.130000000001,3617.25,4661.88,Friday,N,H,WHH
Big Street ATM,3/10/2015,122,32,90,5991.120000000001,993.7500000000001,4997.37,Saturday,NH,H,HHH
Mount Road ATM,3/10/2015,228,99,129,16540.77,9549.54,6991.2300000000005,Saturday,NH,H,HHH
Airport ATM,3/10/2015,15,11,4,988.98,855.4200000000001,133.56,Saturday,NH,H,HHH
KK Nagar ATM,3/10/2015,40,22,18,2362.7400000000002,1386.48,976.2600000000001,Saturday,NH,H,HHH
Christ College ATM,3/10/2015,130,57,73,11753.28,5805.09,5948.1900000000005,Saturday,NH,H,HHH
Big Street ATM,4/10/2015,100,26,74,6215.31,2863.59,3351.7200000000003,Sunday,NH,H,HHW
Mount Road ATM,4/10/2015,152,56,96,6889.47,3426.4500000000003,3463.02,Sunday,NH,H,HHW
Airport ATM,4/10/2015,38,27,11,1140.03,799.7700000000001,340.26000000000005,Sunday,NH,H,HHW
KK Nagar ATM,4/10/2015,95,56,39,7639.950000000001,3941.61,3698.34,Sunday,NH,H,HHW
Christ College ATM,4/10/2015,129,48,81,10074.24,4890.84,5183.400000000001,Sunday,NH,H,HHW
Big Street ATM,5/10/2015,129,55,74,8576.460000000001,4089.48,4486.9800000000005,Monday,NH,W,HWW
Mount Road ATM,5/10/2015,275,148,127,22430.13,13225.62,9204.51,Monday,NH,W,HWW
Airport ATM,5/10/2015,21,18,3,944.46,850.6500000000001,93.81,Monday,NH,W,HWW
KK Nagar ATM,5/10/2015,120,88,32,10335.0,8295.03,2039.97,Monday,NH,W,HWW
Christ College ATM,5/10/2015,165,52,113,13437.09,4259.610000000001,9177.480000000001,Monday,NH,W,HWW
Big Street ATM,6/10/2015,115,45,70,7436.43,2844.51,4591.92,Tuesday,NH,W,WWW
Mount Road ATM,6/10/2015,247,123,124,18035.370000000003,10575.09,7460.280000000001,Tuesday,NH,W,WWW
Airport ATM,6/10/2015,37,26,11,1162.29,866.5500000000001,295.74,Tuesday,NH,W,WWW
KK Nagar ATM,6/10/2015,74,54,20,5800.320000000001,4832.01,968.3100000000001,Tuesday,NH,W,WWW
Christ College ATM,6/10/2015,186,74,112,15271.95,7811.67,7460.280000000001,Tuesday,NH,W,WWW
Big Street ATM,7/10/2015,78,25,53,6000.660000000001,2009.7600000000002,3990.9,Wednesday,NH,W,WWW
Mount Road ATM,7/10/2015,228,115,113,16270.470000000001,10815.18,5455.29,Wednesday,NH,W,WWW
Airport ATM,7/10/2015,41,26,15,2765.01,2084.4900000000002,680.5200000000001,Wednesday,NH,W,WWW
KK Nagar ATM,7/10/2015,82,66,16,9916.83,8444.49,1472.3400000000001,Wednesday,NH,W,WWW
Christ College ATM,7/10/2015,188,84,104,16291.140000000001,7922.97,8368.17,Wednesday,NH,W,WWW
Big Street ATM,8/10/2015,135,39,96,8288.67,3490.05,4798.62,Thursday,NH,W,WWW
Mount Road ATM,8/10/2015,245,117,128,16418.34,9509.79,6908.55,Thursday,NH,W,WWW
Airport ATM,8/10/2015,3,3,0,187.62,187.62,0.0,Thursday,NH,W,WWW
KK Nagar ATM,8/10/2015,84,63,21,7209.06,5119.8,2089.26,Thursday,NH,W,WWW
Christ College ATM,8/10/2015,112,62,50,8592.36,4652.34,3940.0200000000004,Thursday,NH,W,WWW
Big Street ATM,9/10/2015,117,40,77,5956.14,3272.2200000000003,2683.92,Friday,NH,W,WWH
Mount Road ATM,9/10/2015,198,112,86,9837.33,6641.43,3195.9,Friday,NH,W,WWH
Airport ATM,9/10/2015,11,11,0,502.44000000000005,502.44000000000005,0.0,Friday,NH,W,WWH
KK Nagar ATM,9/10/2015,74,54,20,6576.240000000001,5247.0,1329.24,Friday,NH,W,WWH
Christ College ATM,9/10/2015,116,60,56,9223.59,5717.64,3505.9500000000003,Friday,NH,W,WWH
Big Street ATM,10/10/2015,176,49,127,10751.58,4277.1,6474.4800000000005,Saturday,NH,H,WHH
Mount Road ATM,10/10/2015,240,107,133,14998.470000000001,7954.77,7043.700000000001,Saturday,NH,H,WHH
Airport ATM,10/10/2015,72,52,20,4215.09,2916.06,1299.03,Saturday,NH,H,WHH
KK Nagar ATM,10/10/2015,130,93,37,11767.59,9447.78,2319.81,Saturday,NH,H,WHH
Christ College ATM,10/10/2015,118,61,57,8204.4,5523.660000000001,2680.7400000000002,Saturday,NH,H,WHH
Big Street ATM,11/10/2015,125,27,98,5922.75,1833.2700000000002,4089.48,Sunday,NH,H,HHW
Mount Road ATM,11/10/2015,256,64,192,10694.34,3345.36,7348.9800000000005,Sunday,NH,H,HHW
Airport ATM,11/10/2015,64,54,10,7865.7300000000005,7056.42,809.3100000000001,Sunday,NH,H,HHW
KK Nagar ATM,11/10/2015,75,45,30,5708.1,3682.44,2025.66,Sunday,NH,H,HHW
Christ College ATM,11/10/2015,101,38,63,5437.8,2582.1600000000003,2855.6400000000003,Sunday,NH,H,HHW
Big Street ATM,12/10/2015,119,50,69,8196.45,4184.88,4011.57,Monday,NH,W,HWW
Mount Road ATM,12/10/2015,242,124,118,15597.900000000001,9331.710000000001,6266.1900000000005,Monday,NH,W,HWW
Airport ATM,12/10/2015,5,5,0,977.85,977.85,0.0,Monday,NH,W,HWW
KK Nagar ATM,12/10/2015,113,84,29,14883.990000000002,11847.09,3036.9,Monday,NH,W,HWW
Christ College ATM,12/10/2015,141,44,97,8989.86,2989.2000000000003,6000.660000000001,Monday,NH,W,HWW
Big Street ATM,13-10-2015,122,32,90,4814.52,1609.0800000000002,3205.44,Tuesday,NH,W,WWW
Mount Road ATM,13-10-2015,206,108,98,13646.970000000001,8272.77,5374.200000000001,Tuesday,NH,W,WWW
Airport ATM,13-10-2015,54,45,9,5493.450000000001,5321.7300000000005,171.72,Tuesday,NH,W,WWW
KK Nagar ATM,13-10-2015,70,54,16,5122.9800000000005,4382.04,740.94,Tuesday,NH,W,WWW
Christ College ATM,13-10-2015,24,12,12,818.85,365.70000000000005,453.15000000000003,Tuesday,NH,W,WWW
Big Street ATM,14-10-2015,121,49,72,7046.88,3955.92,3090.96,Wednesday,NH,W,WWW
Mount Road ATM,14-10-2015,177,96,81,11036.19,6822.6900000000005,4213.5,Wednesday,NH,W,WWW
Airport ATM,14-10-2015,72,58,14,6212.13,5798.7300000000005,413.40000000000003,Wednesday,NH,W,WWW
KK Nagar ATM,14-10-2015,105,85,20,11928.18,10662.54,1265.64,Wednesday,NH,W,WWW
Christ College ATM,14-10-2015,146,61,85,10261.86,6305.9400000000005,3955.92,Wednesday,NH,W,WWW
Big Street ATM,15-10-2015,141,49,92,8848.35,4006.8,4841.55,Thursday,NH,W,WWW
Mount Road ATM,15-10-2015,199,108,91,12273.210000000001,7942.05,4331.16,Thursday,NH,W,WWW
Airport ATM,15-10-2015,60,46,14,3615.6600000000003,3063.9300000000003,551.73,Thursday,NH,W,WWW
KK Nagar ATM,15-10-2015,72,60,12,5774.88,5005.320000000001,769.5600000000001,Thursday,NH,W,WWW
Christ College ATM,15-10-2015,140,83,57,11689.68,8172.6,3517.0800000000004,Thursday,NH,W,WWW
Big Street ATM,16-10-2015,95,35,60,5170.68,2437.4700000000003,2733.21,Friday,NH,W,WWH
Mount Road ATM,16-10-2015,171,70,101,7773.51,3698.34,4075.17,Friday,NH,W,WWH
Airport ATM,16-10-2015,41,35,6,2586.9300000000003,2440.65,146.28,Friday,NH,W,WWH
KK Nagar ATM,16-10-2015,90,63,27,8182.14,5318.55,2863.59,Friday,NH,W,WWH
Christ College ATM,16-10-2015,112,51,61,6604.860000000001,3633.15,2971.71,Friday,NH,W,WWH
Big Street ATM,17-10-2015,141,51,90,7579.530000000001,3769.8900000000003,3809.6400000000003,Saturday,NH,H,WHH
Mount Road ATM,17-10-2015,246,115,131,13247.880000000001,7897.530000000001,5350.35,Saturday,NH,H,WHH
Airport ATM,17-10-2015,1,1,0,1.59,1.59,0.0,Saturday,NH,H,WHH
KK Nagar ATM,17-10-2015,250,182,68,21306.0,16698.18,4607.820000000001,Saturday,NH,H,WHH
Christ College ATM,17-10-2015,154,76,78,13656.51,8773.62,4882.89,Saturday,NH,H,WHH
Big Street ATM,18-10-2015,148,51,97,7134.330000000001,3187.9500000000003,3946.38,Sunday,NH,H,HHW
Mount Road ATM,18-10-2015,178,75,103,7581.120000000001,4391.58,3189.54,Sunday,NH,H,HHW
KK Nagar ATM,18-10-2015,140,103,37,9679.92,7722.63,1957.2900000000002,Sunday,NH,H,HHW
Christ College ATM,18-10-2015,61,39,22,1931.8500000000001,1437.3600000000001,494.49,Sunday,NH,H,HHW
Big Street ATM,19-10-2015,119,47,72,6549.21,3248.3700000000003,3300.84,Monday,NH,W,HWW
Mount Road ATM,19-10-2015,178,104,74,10908.99,8019.96,2889.03,Monday,NH,W,HWW
Airport ATM,19-10-2015,1,1,0,1.59,1.59,0.0,Monday,NH,W,HWW
KK Nagar ATM,19-10-2015,151,120,31,14678.880000000001,11910.69,2768.19,Monday,NH,W,HWW
Christ College ATM,19-10-2015,127,54,73,6070.620000000001,3226.11,2844.51,Monday,NH,W,HWW
Big Street ATM,20-10-2015,116,39,77,7638.360000000001,3879.6000000000004,3758.76,Tuesday,NH,W,WWH
Mount Road ATM,20-10-2015,134,86,48,8153.52,5940.240000000001,2213.28,Tuesday,NH,W,WWH
Airport ATM,20-10-2015,59,44,15,4507.650000000001,3734.9100000000003,772.74,Tuesday,NH,W,WWH
KK Nagar ATM,20-10-2015,177,139,38,14691.6,13149.300000000001,1542.3000000000002,Tuesday,NH,W,WWH
Christ College ATM,20-10-2015,149,82,67,12511.710000000001,8233.02,4278.6900000000005,Tuesday,NH,W,WWH
Big Street ATM,21-10-2015,121,47,74,5968.860000000001,3327.8700000000003,2640.9900000000002,Wednesday,H,H,WHH
Mount Road ATM,21-10-2015,165,71,94,9713.310000000001,5784.42,3928.8900000000003,Wednesday,H,H,WHH
Airport ATM,21-10-2015,45,33,12,3440.76,2497.8900000000003,942.87,Wednesday,H,H,WHH
KK Nagar ATM,21-10-2015,117,88,29,6968.97,5024.400000000001,1944.5700000000002,Wednesday,H,H,WHH
Christ College ATM,21-10-2015,93,37,56,4770.0,2354.79,2415.21,Wednesday,H,H,WHH
Big Street ATM,22-10-2015,121,35,86,4561.71,1935.0300000000002,2626.6800000000003,Thursday,H,H,HHH
Mount Road ATM,22-10-2015,161,76,85,8810.19,5242.2300000000005,3567.96,Thursday,H,H,HHH
Airport ATM,22-10-2015,55,39,16,3890.73,3383.52,507.21000000000004,Thursday,H,H,HHH
KK Nagar ATM,22-10-2015,93,70,23,4715.9400000000005,3261.09,1454.8500000000001,Thursday,H,H,HHH
Christ College ATM,22-10-2015,54,15,39,1106.64,265.53000000000003,841.11,Thursday,H,H,HHH
Big Street ATM,23-10-2015,98,43,55,3682.44,1973.19,1709.25,Friday,M,H,HHH
Mount Road ATM,23-10-2015,147,65,82,7116.84,4501.29,2615.55,Friday,M,H,HHH
Airport ATM,23-10-2015,45,33,12,4509.240000000001,3866.88,642.36,Friday,M,H,HHH
KK Nagar ATM,23-10-2015,118,84,34,8406.33,6150.120000000001,2256.21,Friday,M,H,HHH
Christ College ATM,23-10-2015,81,45,36,6326.610000000001,4560.12,1766.49,Friday,M,H,HHH
Big Street ATM,24-10-2015,129,30,99,5989.530000000001,1790.3400000000001,4199.1900000000005,Saturday,NH,H,HHH
Mount Road ATM,24-10-2015,221,86,135,11176.11,6191.46,4984.650000000001,Saturday,NH,H,HHH
Airport ATM,24-10-2015,74,61,13,5843.25,5142.06,701.19,Saturday,NH,H,HHH
KK Nagar ATM,24-10-2015,12,9,3,1062.1200000000001,950.82,111.30000000000001,Saturday,NH,H,HHH
Christ College ATM,24-10-2015,127,49,78,7991.34,2709.36,5281.9800000000005,Saturday,NH,H,HHH
Big Street ATM,25-10-2015,126,34,92,6344.1,1866.66,4477.4400000000005,Sunday,NH,H,HHW
Mount Road ATM,25-10-2015,135,52,83,7571.580000000001,3191.13,4380.45,Sunday,NH,H,HHW
Airport ATM,25-10-2015,41,31,10,1237.02,1149.5700000000002,87.45,Sunday,NH,H,HHW
KK Nagar ATM,25-10-2015,104,52,52,5332.860000000001,2167.17,3165.69,Sunday,NH,H,HHW
Christ College ATM,25-10-2015,98,43,55,3957.51,2071.77,1885.74,Sunday,NH,H,HHW
Big Street ATM,26-10-2015,135,52,83,7452.330000000001,2906.52,4545.81,Monday,NH,W,HWW
Mount Road ATM,26-10-2015,158,93,65,8989.86,6285.27,2704.59,Monday,NH,W,HWW
Airport ATM,26-10-2015,55,42,13,3472.5600000000004,3235.65,236.91000000000003,Monday,NH,W,HWW
KK Nagar ATM,26-10-2015,227,142,85,17916.120000000003,11848.68,6067.4400000000005,Monday,NH,W,HWW
Christ College ATM,26-10-2015,103,46,57,6049.950000000001,3370.8,2679.15,Monday,NH,W,HWW
Big Street ATM,27-10-2015,124,39,85,5530.02,2094.03,3435.9900000000002,Tuesday,NH,W,WWW
Mount Road ATM,27-10-2015,167,84,83,8207.58,4388.400000000001,3819.1800000000003,Tuesday,NH,W,WWW
Airport ATM,27-10-2015,86,64,22,7345.8,5763.75,1582.0500000000002,Tuesday,NH,W,WWW
KK Nagar ATM,27-10-2015,110,85,25,11923.41,9557.49,2365.92,Tuesday,NH,W,WWW
Christ College ATM,27-10-2015,90,40,50,5453.700000000001,2903.34,2550.36,Tuesday,NH,W,WWW
Big Street ATM,28-10-2015,134,48,86,8924.67,4677.780000000001,4246.89,Wednesday,NH,W,WWW
Mount Road ATM,28-10-2015,192,98,94,8644.83,4812.93,3831.9,Wednesday,NH,W,WWW
Airport ATM,28-10-2015,34,23,11,1305.39,822.0300000000001,483.36,Wednesday,NH,W,WWW
KK Nagar ATM,28-10-2015,21,19,2,1225.89,1205.22,20.67,Wednesday,NH,W,WWW
Christ College ATM,28-10-2015,149,73,76,8737.050000000001,4563.3,4173.75,Wednesday,NH,W,WWW
Big Street ATM,29-10-2015,135,48,87,8687.76,3774.6600000000003,4913.1,Thursday,NH,W,WWW
Mount Road ATM,29-10-2015,180,92,88,10185.54,6317.070000000001,3868.4700000000003,Thursday,NH,W,WWW
Airport ATM,29-10-2015,56,44,12,5528.43,5146.83,381.6,Thursday,NH,W,WWW
Christ College ATM,29-10-2015,98,54,44,7221.780000000001,4471.08,2750.7000000000003,Thursday,NH,W,WWW
Big Street ATM,30-10-2015,122,50,72,7132.740000000001,4035.42,3097.32,Friday,NH,W,WWH
Mount Road ATM,30-10-2015,189,94,95,11029.83,6725.700000000001,4304.13,Friday,NH,W,WWH
Airport ATM,30-10-2015,53,39,14,5321.7300000000005,4771.59,550.14,Friday,NH,W,WWH
KK Nagar ATM,30-10-2015,108,81,27,11878.890000000001,9975.66,1903.23,Friday,NH,W,WWH
Christ College ATM,30-10-2015,130,72,58,11400.300000000001,7053.240000000001,4347.06,Friday,NH,W,WWH
Big Street ATM,31-10-2015,202,53,149,14136.69,4571.25,9565.44,Saturday,NH,H,WHH
Mount Road ATM,31-10-2015,247,99,148,16655.25,9913.650000000001,6741.6,Saturday,NH,H,WHH
Airport ATM,31-10-2015,35,19,16,3450.3,2685.51,764.7900000000001,Saturday,NH,H,WHH
KK Nagar ATM,31-10-2015,91,65,26,7867.320000000001,5555.46,2311.86,Saturday,NH,H,WHH
Christ College ATM,31-10-2015,101,57,44,9665.61,7450.740000000001,2214.8700000000003,Saturday,NH,H,WHH
Big Street ATM,1/11/2015,164,47,117,8748.18,3435.9900000000002,5312.1900000000005,Sunday,NH,H,HHW
Mount Road ATM,1/11/2015,267,63,204,12443.34,4079.94,8363.4,Sunday,NH,H,HHW
Airport ATM,1/11/2015,69,54,15,5239.05,4232.58,1006.47,Sunday,NH,H,HHW
KK Nagar ATM,1/11/2015,309,162,147,25118.82,12306.6,12812.220000000001,Sunday,NH,H,HHW
Christ College ATM,1/11/2015,2,2,0,50.88,50.88,0.0,Sunday,NH,H,HHW
Big Street ATM,2/11/2015,168,43,125,11010.75,4145.13,6865.620000000001,Monday,NH,W,HWW
Mount Road ATM,2/11/2015,190,64,126,13149.300000000001,6806.79,6342.51,Monday,NH,W,HWW
Airport ATM,2/11/2015,87,70,17,7969.080000000001,6471.3,1497.7800000000002,Monday,NH,W,HWW
KK Nagar ATM,2/11/2015,124,69,55,7143.870000000001,3755.5800000000004,3388.2900000000004,Monday,NH,W,HWW
Christ College ATM,2/11/2015,133,37,96,10665.720000000001,3173.6400000000003,7492.080000000001,Monday,NH,W,HWW
Big Street ATM,3/11/2015,153,47,106,8005.650000000001,3302.4300000000003,4703.22,Tuesday,NH,W,WWW
Mount Road ATM,3/11/2015,243,115,128,15969.960000000001,9004.17,6965.79,Tuesday,NH,W,WWW
Airport ATM,3/11/2015,82,70,12,8411.1,8054.9400000000005,356.16,Tuesday,NH,W,WWW
KK Nagar ATM,3/11/2015,52,31,21,2249.85,1423.0500000000002,826.8000000000001,Tuesday,NH,W,WWW
Christ College ATM,3/11/2015,169,83,86,15050.94,8244.15,6806.79,Tuesday,NH,W,WWW
Big Street ATM,4/11/2015,143,53,90,9811.890000000001,4453.59,5358.3,Wednesday,NH,W,WWW
Mount Road ATM,4/11/2015,256,136,120,17243.55,11161.800000000001,6081.75,Wednesday,NH,W,WWW
Airport ATM,4/11/2015,87,78,9,8274.36,7980.21,294.15000000000003,Wednesday,NH,W,WWW
KK Nagar ATM,4/11/2015,182,132,50,16225.95,12483.09,3742.86,Wednesday,NH,W,WWW
Christ College ATM,4/11/2015,148,67,81,11890.02,5991.120000000001,5898.900000000001,Wednesday,NH,W,WWW
Big Street ATM,5/11/2015,140,47,93,8411.1,3540.9300000000003,4870.17,Thursday,NH,W,WWW
Mount Road ATM,5/11/2015,205,95,110,14995.29,9579.75,5415.54,Thursday,NH,W,WWW
Airport ATM,5/11/2015,80,70,10,8446.08,7678.110000000001,767.97,Thursday,NH,W,WWW
KK Nagar ATM,5/11/2015,63,45,18,6234.39,4307.31,1927.0800000000002,Thursday,NH,W,WWW
Christ College ATM,5/11/2015,154,65,89,10417.68,3761.94,6655.740000000001,Thursday,NH,W,WWW
Big Street ATM,6/11/2015,170,60,110,12476.730000000001,6162.84,6313.89,Friday,NH,W,WWH
Mount Road ATM,6/11/2015,209,109,100,15796.650000000001,11080.710000000001,4715.9400000000005,Friday,NH,W,WWH
Airport ATM,6/11/2015,59,49,10,4270.740000000001,3850.98,419.76000000000005,Friday,NH,W,WWH
KK Nagar ATM,6/11/2015,34,22,12,2297.55,1749.0,548.5500000000001,Friday,NH,W,WWH
Christ College ATM,6/11/2015,178,84,94,11754.87,6501.51,5253.360000000001,Friday,NH,W,WWH
Big Street ATM,7/11/2015,151,37,114,7347.39,2133.78,5213.610000000001,Saturday,NH,H,WHH
Mount Road ATM,7/11/2015,248,133,115,17100.45,11745.33,5355.12,Saturday,NH,H,WHH
Airport ATM,7/11/2015,132,89,43,12012.45,9193.380000000001,2819.07,Saturday,NH,H,WHH
KK Nagar ATM,7/11/2015,148,91,57,11452.77,7763.97,3688.8,Saturday,NH,H,WHH
Christ College ATM,7/11/2015,193,82,111,17429.58,7935.6900000000005,9493.890000000001,Saturday,NH,H,WHH
Big Street ATM,8/11/2015,176,39,137,9594.060000000001,2294.3700000000003,7299.6900000000005,Sunday,NH,H,HHW
Mount Road ATM,8/11/2015,118,32,86,5526.84,2117.88,3408.96,Sunday,NH,H,HHW
Airport ATM,8/11/2015,48,33,15,4647.570000000001,3749.2200000000003,898.35,Sunday,NH,H,HHW
KK Nagar ATM,8/11/2015,86,42,44,6743.1900000000005,3291.3,3451.8900000000003,Sunday,NH,H,HHW
Christ College ATM,8/11/2015,50,29,21,1699.71,1173.42,526.2900000000001,Sunday,NH,H,HHW
Big Street ATM,9/11/2015,145,41,104,8791.11,2184.6600000000003,6606.450000000001,Monday,NH,W,HWH
Mount Road ATM,9/11/2015,114,62,52,9770.550000000001,6089.700000000001,3680.8500000000004,Monday,NH,W,HWH
KK Nagar ATM,9/11/2015,155,80,75,5250.18,2136.96,3113.2200000000003,Monday,NH,W,HWH
Christ College ATM,9/11/2015,68,26,42,7468.2300000000005,3286.53,4181.7,Monday,NH,W,HWH
Big Street ATM,10/11/2015,180,74,106,13939.53,7967.490000000001,5972.04,Tuesday,H,H,WHW
Mount Road ATM,10/11/2015,62,36,26,3814.4100000000003,2925.6000000000004,888.8100000000001,Tuesday,H,H,WHW
KK Nagar ATM,10/11/2015,134,76,58,4196.01,2127.42,2068.59,Tuesday,H,H,WHW
Christ College ATM,10/11/2015,60,26,34,4525.14,2256.21,2268.9300000000003,Tuesday,H,H,WHW
Big Street ATM,11/11/2015,157,38,119,6740.01,1977.96,4762.05,Wednesday,NH,W,HWW
Mount Road ATM,11/11/2015,90,44,46,6449.04,3884.3700000000003,2564.67,Wednesday,NH,W,HWW
Airport ATM,11/11/2015,44,30,14,4070.4,3227.7000000000003,842.7,Wednesday,NH,W,HWW
KK Nagar ATM,11/11/2015,128,70,58,10048.800000000001,5754.21,4294.59,Wednesday,NH,W,HWW
Christ College ATM,11/11/2015,108,38,70,8337.960000000001,3278.5800000000004,5059.38,Wednesday,NH,W,HWW
Big Street ATM,12/11/2015,109,35,74,5797.14,2590.11,3207.03,Thursday,NH,W,WWW
Mount Road ATM,12/11/2015,152,98,54,11357.37,8442.9,2914.4700000000003,Thursday,NH,W,WWW
Airport ATM,12/11/2015,44,34,10,3626.7900000000004,2898.57,728.22,Thursday,NH,W,WWW
KK Nagar ATM,12/11/2015,37,12,25,1709.25,198.75,1510.5,Thursday,NH,W,WWW
Christ College ATM,12/11/2015,141,43,98,8891.28,2788.86,6102.42,Thursday,NH,W,WWW
Big Street ATM,13-11-2015,69,25,44,2912.88,1515.27,1397.6100000000001,Friday,NH,W,WWH
Mount Road ATM,13-11-2015,76,43,33,4172.16,3140.25,1031.91,Friday,NH,W,WWH
Airport ATM,13-11-2015,47,35,12,4075.17,3636.3300000000004,438.84000000000003,Friday,NH,W,WWH
KK Nagar ATM,13-11-2015,75,47,28,6908.55,4305.72,2602.83,Friday,NH,W,WWH
Christ College ATM,13-11-2015,134,42,92,8161.47,3412.1400000000003,4749.33,Friday,NH,W,WWH
Big Street ATM,14-11-2015,157,45,112,8797.470000000001,3288.1200000000003,5509.35,Saturday,NH,H,WHH
Mount Road ATM,14-11-2015,86,36,50,5747.85,3199.0800000000004,2548.77,Saturday,NH,H,WHH
Airport ATM,14-11-2015,87,69,18,8630.52,7961.13,669.39,Saturday,NH,H,WHH
KK Nagar ATM,14-11-2015,152,79,73,12526.02,7072.320000000001,5453.700000000001,Saturday,NH,H,WHH
Christ College ATM,14-11-2015,123,50,73,7536.6,3927.3,3609.3,Saturday,NH,H,WHH
Big Street ATM,15-11-2015,125,47,78,7833.93,4262.79,3571.1400000000003,Sunday,NH,H,HHW
Mount Road ATM,15-11-2015,41,10,31,912.6600000000001,472.23,440.43,Sunday,NH,H,HHW
Airport ATM,15-11-2015,45,30,15,3523.44,2507.4300000000003,1016.0100000000001,Sunday,NH,H,HHW
KK Nagar ATM,15-11-2015,119,46,73,7228.14,3440.76,3787.38,Sunday,NH,H,HHW
Christ College ATM,15-11-2015,60,25,35,2852.46,1648.8300000000002,1203.63,Sunday,NH,H,HHW
Big Street ATM,16-11-2015,118,53,65,7566.81,4943.31,2623.5,Monday,NH,W,HWW
Mount Road ATM,16-11-2015,97,46,51,5898.900000000001,3776.25,2122.65,Monday,NH,W,HWW
Airport ATM,16-11-2015,19,16,3,399.09000000000003,375.24,23.85,Monday,NH,W,HWW
KK Nagar ATM,16-11-2015,106,65,41,9481.17,5830.530000000001,3650.6400000000003,Monday,NH,W,HWW
Christ College ATM,16-11-2015,82,40,42,5353.530000000001,2904.9300000000003,2448.6000000000004,Monday,NH,W,HWW
Big Street ATM,17-11-2015,154,47,107,10594.17,5520.4800000000005,5073.6900000000005,Tuesday,NH,W,WWW
Mount Road ATM,17-11-2015,171,88,83,12068.1,8570.1,3498.0,Tuesday,NH,W,WWW
Airport ATM,17-11-2015,63,52,11,5617.47,5425.08,192.39000000000001,Tuesday,NH,W,WWW
KK Nagar ATM,17-11-2015,16,14,2,1225.89,1203.63,22.26,Tuesday,NH,W,WWW
Christ College ATM,17-11-2015,142,56,86,11920.230000000001,4418.610000000001,7501.620000000001,Tuesday,NH,W,WWW
Big Street ATM,18-11-2015,117,41,76,5811.450000000001,2588.52,3222.9300000000003,Wednesday,NH,W,WWW
Mount Road ATM,18-11-2015,134,81,53,6848.13,4917.87,1930.2600000000002,Wednesday,NH,W,WWW
Airport ATM,18-11-2015,48,40,8,3033.7200000000003,2804.76,228.96,Wednesday,NH,W,WWW
KK Nagar ATM,18-11-2015,121,93,28,9395.310000000001,7841.88,1553.43,Wednesday,NH,W,WWW
Christ College ATM,18-11-2015,137,50,87,7908.660000000001,3380.34,4528.320000000001,Wednesday,NH,W,WWW
Big Street ATM,19-11-2015,123,48,75,5809.860000000001,3175.23,2634.63,Thursday,NH,W,WWW
Mount Road ATM,19-11-2015,106,64,42,7391.910000000001,5696.97,1694.94,Thursday,NH,W,WWW
Airport ATM,19-11-2015,55,49,6,5752.62,5682.660000000001,69.96000000000001,Thursday,NH,W,WWW
KK Nagar ATM,19-11-2015,18,12,6,1427.8200000000002,1182.96,244.86,Thursday,NH,W,WWW
Christ College ATM,19-11-2015,126,60,66,7973.85,4121.280000000001,3852.57,Thursday,NH,W,WWW
Big Street ATM,20-11-2015,121,53,68,9199.74,6490.38,2709.36,Friday,NH,W,WWH
Mount Road ATM,20-11-2015,44,33,11,1082.79,717.09,365.70000000000005,Friday,NH,W,WWH
Airport ATM,20-11-2015,71,51,20,6048.360000000001,4488.570000000001,1559.7900000000002,Friday,NH,W,WWH
KK Nagar ATM,20-11-2015,16,12,4,1384.89,1127.3100000000002,257.58000000000004,Friday,NH,W,WWH
Christ College ATM,20-11-2015,116,41,75,6910.14,3122.76,3787.38,Friday,NH,W,WWH
Big Street ATM,21-11-2015,140,48,92,7199.52,3556.8300000000004,3642.69,Saturday,NH,H,WHH
Mount Road ATM,21-11-2015,145,94,51,7496.85,5649.27,1847.5800000000002,Saturday,NH,H,WHH
Airport ATM,21-11-2015,91,73,18,8064.4800000000005,6891.06,1173.42,Saturday,NH,H,WHH
KK Nagar ATM,21-11-2015,89,54,35,8121.72,5380.56,2741.1600000000003,Saturday,NH,H,WHH
Christ College ATM,21-11-2015,170,75,95,12055.380000000001,6700.26,5355.12,Saturday,NH,H,WHH
Big Street ATM,22-11-2015,112,32,80,5572.950000000001,1917.5400000000002,3655.4100000000003,Sunday,NH,H,HHH
Mount Road ATM,22-11-2015,74,44,30,4849.5,3243.6000000000004,1605.9,Sunday,NH,H,HHH
Airport ATM,22-11-2015,30,23,7,1645.65,1500.96,144.69,Sunday,NH,H,HHH
Christ College ATM,22-11-2015,112,31,81,5099.13,1903.23,3195.9,Sunday,NH,H,HHH
Big Street ATM,23-11-2015,119,41,78,4960.8,2397.7200000000003,2563.08,Monday,M,H,HHW
Mount Road ATM,23-11-2015,69,31,38,3467.7900000000004,2103.57,1364.22,Monday,M,H,HHW
Airport ATM,23-11-2015,39,34,5,2014.5300000000002,1939.8000000000002,74.73,Monday,M,H,HHW
KK Nagar ATM,23-11-2015,3,3,0,356.16,356.16,0.0,Monday,M,H,HHW
Christ College ATM,23-11-2015,125,50,75,9619.5,6396.570000000001,3222.9300000000003,Monday,M,H,HHW
Big Street ATM,24-11-2015,135,39,96,7118.43,2392.9500000000003,4725.4800000000005,Tuesday,NH,W,HWW
Mount Road ATM,24-11-2015,142,79,63,7477.77,4809.75,2668.02,Tuesday,NH,W,HWW
Airport ATM,24-11-2015,44,35,9,4258.02,4067.2200000000003,190.8,Tuesday,NH,W,HWW
KK Nagar ATM,24-11-2015,94,70,24,5558.64,4366.14,1192.5,Tuesday,NH,W,HWW
Christ College ATM,24-11-2015,108,34,74,7294.92,2491.53,4803.39,Tuesday,NH,W,HWW
Big Street ATM,25-11-2015,146,41,105,7034.160000000001,2769.78,4264.38,Wednesday,NH,W,WWW
Mount Road ATM,25-11-2015,114,48,66,6309.120000000001,2995.5600000000004,3313.5600000000004,Wednesday,NH,W,WWW
Airport ATM,25-11-2015,51,40,11,3299.25,3055.98,243.27,Wednesday,NH,W,WWW
KK Nagar ATM,25-11-2015,138,96,42,10711.83,8590.77,2121.06,Wednesday,NH,W,WWW
Christ College ATM,25-11-2015,157,57,100,9420.75,3515.4900000000002,5905.26,Wednesday,NH,W,WWW
Big Street ATM,26-11-2015,146,72,74,9056.640000000001,6843.360000000001,2213.28,Thursday,NH,W,WWW
Mount Road ATM,26-11-2015,96,62,34,7062.780000000001,4943.31,2119.4700000000003,Thursday,NH,W,WWW
Airport ATM,26-11-2015,109,85,24,7145.46,6193.05,952.4100000000001,Thursday,NH,W,WWW
KK Nagar ATM,26-11-2015,123,92,31,10059.93,7760.790000000001,2299.1400000000003,Thursday,NH,W,WWW
Christ College ATM,26-11-2015,162,60,102,10602.12,4709.58,5892.54,Thursday,NH,W,WWW
Big Street ATM,27-11-2015,143,56,87,8194.86,5129.34,3065.52,Friday,NH,W,WWH
Mount Road ATM,27-11-2015,58,40,18,3308.7900000000004,2683.92,624.87,Friday,NH,W,WWH
Airport ATM,27-11-2015,85,68,17,6587.370000000001,6056.31,531.0600000000001,Friday,NH,W,WWH
KK Nagar ATM,27-11-2015,60,47,13,3210.21,2502.6600000000003,707.5500000000001,Friday,NH,W,WWH
Christ College ATM,27-11-2015,165,59,106,11821.650000000001,5350.35,6471.3,Friday,NH,W,WWH
Big Street ATM,28-11-2015,129,32,97,5611.110000000001,2359.56,3251.55,Saturday,NH,H,WHH
Mount Road ATM,28-11-2015,33,22,11,1087.5600000000002,930.1500000000001,157.41,Saturday,NH,H,WHH
Airport ATM,28-11-2015,79,63,16,8037.450000000001,7228.14,809.3100000000001,Saturday,NH,H,WHH
KK Nagar ATM,28-11-2015,171,106,65,14645.490000000002,9848.460000000001,4797.030000000001,Saturday,NH,H,WHH
Christ College ATM,28-11-2015,138,58,80,6124.68,3558.42,2566.26,Saturday,NH,H,WHH
Big Street ATM,29-11-2015,145,42,103,6078.570000000001,2502.6600000000003,3575.9100000000003,Sunday,NH,H,HHW
Mount Road ATM,29-11-2015,21,9,12,407.04,157.41,249.63000000000002,Sunday,NH,H,HHW
Airport ATM,29-11-2015,25,21,4,1884.15,1772.8500000000001,111.30000000000001,Sunday,NH,H,HHW
KK Nagar ATM,29-11-2015,84,47,37,4886.070000000001,2687.1000000000004,2198.9700000000003,Sunday,NH,H,HHW
Christ College ATM,29-11-2015,3,3,0,22.26,22.26,0.0,Sunday,NH,H,HHW
Big Street ATM,30-11-2015,149,57,92,9716.49,5593.62,4122.87,Monday,NH,W,HWW
Mount Road ATM,30-11-2015,64,36,28,3952.7400000000002,2669.61,1283.13,Monday,NH,W,HWW
Airport ATM,30-11-2015,93,65,28,11964.75,10053.57,1911.18,Monday,NH,W,HWW
KK Nagar ATM,30-11-2015,224,132,92,19711.23,11753.28,7957.950000000001,Monday,NH,W,HWW
Christ College ATM,30-11-2015,191,74,117,12473.550000000001,4618.95,7854.6,Monday,NH,W,HWW
Big Street ATM,1/12/2015,181,53,128,11319.210000000001,4938.54,6380.67,Tuesday,NH,W,WWW
Mount Road ATM,1/12/2015,34,21,13,2221.23,1555.02,666.21,Tuesday,NH,W,WWW
Airport ATM,1/12/2015,28,16,12,3470.9700000000003,2216.46,1254.51,Tuesday,NH,W,WWW
KK Nagar ATM,1/12/2015,107,71,36,7724.22,5517.3,2206.92,Tuesday,NH,W,WWW
Christ College ATM,1/12/2015,189,100,89,15755.310000000001,9279.24,6476.070000000001,Tuesday,NH,W,WWW
Big Street ATM,2/12/2015,148,32,116,9832.560000000001,4054.5000000000005,5778.06,Wednesday,NH,W,WWW
Mount Road ATM,2/12/2015,3,3,0,159.0,159.0,0.0,Wednesday,NH,W,WWW
KK Nagar ATM,2/12/2015,248,160,88,22345.86,14600.970000000001,7744.89,Wednesday,NH,W,WWW
Christ College ATM,2/12/2015,174,83,91,15593.130000000001,9070.95,6522.18,Wednesday,NH,W,WWW
Big Street ATM,3/12/2015,148,30,118,8938.980000000001,1930.2600000000002,7008.72,Thursday,NH,W,WWW
KK Nagar ATM,3/12/2015,210,146,64,17517.030000000002,13465.710000000001,4051.32,Thursday,NH,W,WWW
Christ College ATM,3/12/2015,155,61,94,12058.560000000001,6034.05,6024.51,Thursday,NH,W,WWW
Big Street ATM,4/12/2015,133,43,90,7921.38,3742.86,4178.52,Friday,NH,W,WWH
KK Nagar ATM,4/12/2015,159,112,47,11440.050000000001,8684.58,2755.4700000000003,Friday,NH,W,WWH
Christ College ATM,4/12/2015,173,60,113,12433.800000000001,4874.9400000000005,7558.860000000001,Friday,NH,W,WWH
Big Street ATM,5/12/2015,132,33,99,7347.39,2672.79,4674.6,Saturday,NH,H,WHH
Mount Road ATM,5/12/2015,8,4,4,319.59000000000003,128.79000000000002,190.8,Saturday,NH,H,WHH
KK Nagar ATM,5/12/2015,109,61,48,9144.09,4687.320000000001,4456.77,Saturday,NH,H,WHH
Christ College ATM,5/12/2015,234,68,166,15559.740000000002,5673.12,9886.62,Saturday,NH,H,WHH
Big Street ATM,6/12/2015,163,30,133,7846.650000000001,2132.19,5714.46,Sunday,NH,H,HHW
Airport ATM,6/12/2015,84,32,52,5259.72,2195.79,3063.9300000000003,Sunday,NH,H,HHW
KK Nagar ATM,6/12/2015,1,0,1,159.0,0.0,159.0,Sunday,NH,H,HHW
Christ College ATM,6/12/2015,7,0,7,540.6,0.0,540.6,Sunday,NH,H,HHW
Big Street ATM,7/12/2015,140,39,101,8185.320000000001,3862.11,4323.21,Monday,NH,W,HWW
Airport ATM,7/12/2015,48,30,18,4952.85,3528.21,1424.64,Monday,NH,W,HWW
KK Nagar ATM,7/12/2015,107,70,37,7775.1,4949.67,2825.4300000000003,Monday,NH,W,HWW
Christ College ATM,7/12/2015,158,60,98,11042.550000000001,4625.31,6417.240000000001,Monday,NH,W,HWW
Big Street ATM,8/12/2015,160,41,119,9074.130000000001,3327.8700000000003,5746.26,Tuesday,NH,W,WWW
Airport ATM,8/12/2015,130,84,46,14674.11,10613.25,4060.86,Tuesday,NH,W,WWW
KK Nagar ATM,8/12/2015,91,62,29,8091.51,6264.6,1826.91,Tuesday,NH,W,WWW
Christ College ATM,8/12/2015,128,58,70,9490.710000000001,5682.660000000001,3808.05,Tuesday,NH,W,WWW
Big Street ATM,9/12/2015,118,40,78,6593.7300000000005,3132.3,3461.4300000000003,Wednesday,NH,W,WWW
Airport ATM,9/12/2015,92,57,35,9260.16,6097.650000000001,3162.51,Wednesday,NH,W,WWW
KK Nagar ATM,9/12/2015,17,10,7,1532.76,737.76,795.0,Wednesday,NH,W,WWW
Christ College ATM,9/12/2015,132,65,67,10094.91,5204.070000000001,4890.84,Wednesday,NH,W,WWW
Big Street ATM,10/12/2015,141,42,99,8228.25,4329.570000000001,3898.6800000000003,Thursday,NH,W,WWW
Airport ATM,10/12/2015,83,56,27,8799.060000000001,6643.02,2156.04,Thursday,NH,W,WWW
KK Nagar ATM,10/12/2015,98,64,34,6876.75,4948.08,1928.67,Thursday,NH,W,WWW
Christ College ATM,10/12/2015,126,60,66,9460.5,5902.08,3558.42,Thursday,NH,W,WWW
Big Street ATM,11/12/2015,129,51,78,9058.230000000001,4587.150000000001,4471.08,Friday,NH,W,WWH
Airport ATM,11/12/2015,96,67,29,9797.58,9035.970000000001,761.61,Friday,NH,W,WWH
KK Nagar ATM,11/12/2015,60,31,29,5247.0,2862.0,2385.0,Friday,NH,W,WWH
Christ College ATM,11/12/2015,106,57,49,7341.030000000001,5778.06,1562.97,Friday,NH,W,WWH
Big Street ATM,12/12/2015,142,43,99,7814.85,4413.84,3401.01,Saturday,NH,H,WHH
Airport ATM,12/12/2015,58,36,22,4968.75,3547.2900000000004,1421.46,Saturday,NH,H,WHH
KK Nagar ATM,12/12/2015,164,104,60,13812.33,9803.94,4008.3900000000003,Saturday,NH,H,WHH
Christ College ATM,12/12/2015,152,58,94,9387.36,3863.7000000000003,5523.660000000001,Saturday,NH,H,WHH
Big Street ATM,13-12-2015,157,32,125,9508.2,2246.67,7261.530000000001,Sunday,NH,H,HHW
Airport ATM,13-12-2015,97,34,63,3623.61,1855.5300000000002,1768.0800000000002,Sunday,NH,H,HHW
KK Nagar ATM,13-12-2015,224,126,98,14887.17,8427.0,6460.17,Sunday,NH,H,HHW
Christ College ATM,13-12-2015,164,43,121,7088.22,2135.3700000000003,4952.85,Sunday,NH,H,HHW
Big Street ATM,14-12-2015,137,47,90,8754.54,4393.17,4361.37,Monday,NH,W,HWW
Airport ATM,14-12-2015,91,61,30,6423.6,5258.13,1165.47,Monday,NH,W,HWW
KK Nagar ATM,14-12-2015,206,129,77,18257.97,13287.630000000001,4970.34,Monday,NH,W,HWW
Christ College ATM,14-12-2015,169,60,109,7795.77,3719.01,4076.76,Monday,NH,W,HWW
Big Street ATM,15-12-2015,104,41,63,5979.990000000001,3137.07,2842.92,Tuesday,NH,W,WWW
Airport ATM,15-12-2015,86,53,33,6871.9800000000005,4790.67,2081.31,Tuesday,NH,W,WWW
KK Nagar ATM,15-12-2015,141,116,25,11033.01,9245.85,1787.16,Tuesday,NH,W,WWW
Christ College ATM,15-12-2015,138,61,77,10705.470000000001,5547.51,5157.96,Tuesday,NH,W,WWW
Big Street ATM,16-12-2015,143,42,101,8573.28,3191.13,5382.150000000001,Wednesday,NH,W,WWW
Airport ATM,16-12-2015,84,61,23,3661.7700000000004,2461.32,1200.45,Wednesday,NH,W,WWW
KK Nagar ATM,16-12-2015,230,177,53,20476.02,17197.440000000002,3278.5800000000004,Wednesday,NH,W,WWW
Christ College ATM,16-12-2015,135,74,61,11025.060000000001,7535.01,3490.05,Wednesday,NH,W,WWW
Big Street ATM,17-12-2015,112,43,69,6577.830000000001,3397.8300000000004,3180.0,Thursday,NH,W,WWW
Airport ATM,17-12-2015,65,45,20,3276.9900000000002,2415.21,861.7800000000001,Thursday,NH,W,WWW
KK Nagar ATM,17-12-2015,240,175,65,19671.48,15286.26,4385.22,Thursday,NH,W,WWW
Christ College ATM,17-12-2015,107,54,53,7035.75,4510.83,2524.92,Thursday,NH,W,WWW
Big Street ATM,18-12-2015,116,37,79,4517.1900000000005,1741.0500000000002,2776.1400000000003,Friday,NH,W,WWH
Airport ATM,18-12-2015,80,61,19,6092.88,5191.35,901.5300000000001,Friday,NH,W,WWH
KK Nagar ATM,18-12-2015,156,129,27,13373.490000000002,11987.01,1386.48,Friday,NH,W,WWH
Christ College ATM,18-12-2015,115,54,61,8953.29,4679.37,4273.92,Friday,NH,W,WWH
Big Street ATM,19-12-2015,121,39,82,7056.42,4030.65,3025.77,Saturday,NH,H,WHH
Airport ATM,19-12-2015,102,82,20,8250.51,7043.700000000001,1206.8100000000002,Saturday,NH,H,WHH
KK Nagar ATM,19-12-2015,129,94,35,11775.54,9759.42,2016.1200000000001,Saturday,NH,H,WHH
Christ College ATM,19-12-2015,124,54,70,8757.720000000001,5146.83,3610.8900000000003,Saturday,NH,H,WHH
Big Street ATM,20-12-2015,149,35,114,6461.76,2405.67,4056.09,Sunday,NH,H,HHW
Airport ATM,20-12-2015,78,58,20,6196.2300000000005,5115.030000000001,1081.2,Sunday,NH,H,HHW
KK Nagar ATM,20-12-2015,21,14,7,1588.41,1230.66,357.75,Sunday,NH,H,HHW
Christ College ATM,20-12-2015,119,57,62,6712.9800000000005,3827.13,2885.8500000000004,Sunday,NH,H,HHW
Big Street ATM,21-12-2015,145,48,97,8312.52,3742.86,4569.66,Monday,NH,W,HWW
Airport ATM,21-12-2015,58,48,10,5609.52,4841.55,767.97,Monday,NH,W,HWW
KK Nagar ATM,21-12-2015,206,141,65,15912.720000000001,11899.560000000001,4013.1600000000003,Monday,NH,W,HWW
Christ College ATM,21-12-2015,134,74,60,8269.59,5197.71,3071.88,Monday,NH,W,HWW
Big Street ATM,22-12-2015,144,42,102,7868.910000000001,3130.71,4738.200000000001,Tuesday,NH,W,WWW
Airport ATM,22-12-2015,64,47,17,3971.82,3572.73,399.09000000000003,Tuesday,NH,W,WWW
KK Nagar ATM,22-12-2015,95,59,36,6918.09,4542.63,2375.46,Tuesday,NH,W,WWW
Christ College ATM,22-12-2015,119,60,59,8743.41,4262.79,4480.62,Tuesday,NH,W,WWW
Big Street ATM,23-12-2015,144,50,94,9204.51,4064.0400000000004,5140.47,Wednesday,NH,W,WWW
Airport ATM,23-12-2015,70,62,8,8636.880000000001,8175.780000000001,461.1,Wednesday,NH,W,WWW
KK Nagar ATM,23-12-2015,166,116,50,15723.51,11681.730000000001,4041.78,Wednesday,NH,W,WWW
Christ College ATM,23-12-2015,127,63,64,10309.560000000001,5744.67,4564.89,Wednesday,NH,W,WWW
Big Street ATM,24-12-2015,122,39,83,7903.89,3785.7900000000004,4118.1,Thursday,NH,W,WWH
Airport ATM,24-12-2015,22,19,3,1580.46,1477.1100000000001,103.35000000000001,Thursday,NH,W,WWH
KK Nagar ATM,24-12-2015,119,89,30,8703.66,6722.52,1981.14,Thursday,NH,W,WWH
Christ College ATM,24-12-2015,99,48,51,7760.790000000001,4839.96,2920.8300000000004,Thursday,NH,W,WWH
Big Street ATM,25-12-2015,73,21,52,3725.3700000000003,2095.6200000000003,1629.75,Friday,C,H,WHH
KK Nagar ATM,25-12-2015,40,29,11,2375.46,2241.9,133.56,Friday,C,H,WHH
Christ College ATM,25-12-2015,66,30,36,3892.32,2194.2000000000003,1698.1200000000001,Friday,C,H,WHH
Big Street ATM,26-12-2015,77,15,62,3699.9300000000003,922.2,2777.73,Saturday,NH,H,HHH
Airport ATM,26-12-2015,71,42,29,3933.6600000000003,2063.82,1869.8400000000001,Saturday,NH,H,HHH
KK Nagar ATM,26-12-2015,253,109,144,17914.530000000002,7827.570000000001,10086.960000000001,Saturday,NH,H,HHH
Christ College ATM,26-12-2015,63,40,23,3038.4900000000002,2062.23,976.2600000000001,Saturday,NH,H,HHH
Big Street ATM,27-12-2015,134,29,105,5973.63,1806.24,4167.39,Sunday,NH,H,HHW
Airport ATM,27-12-2015,78,57,21,5092.77,4612.59,480.18,Sunday,NH,H,HHW
KK Nagar ATM,27-12-2015,231,121,110,11323.980000000001,5378.97,5945.01,Sunday,NH,H,HHW
Christ College ATM,27-12-2015,1,1,0,4.7700000000000005,4.7700000000000005,0.0,Sunday,NH,H,HHW
Big Street ATM,28-12-2015,122,33,89,6652.56,1997.0400000000002,4655.52,Monday,NH,W,HWW
Airport ATM,28-12-2015,94,64,30,7482.540000000001,5119.8,2362.7400000000002,Monday,NH,W,HWW
KK Nagar ATM,28-12-2015,282,170,112,21611.280000000002,14855.37,6755.910000000001,Monday,NH,W,HWW
Christ College ATM,28-12-2015,111,55,56,8061.3,4521.96,3539.34,Monday,NH,W,HWW
Big Street ATM,29-12-2015,135,35,100,7854.6,2868.36,4986.240000000001,Tuesday,NH,W,WWW
Airport ATM,29-12-2015,72,43,29,4622.13,2819.07,1803.0600000000002,Tuesday,NH,W,WWW
KK Nagar ATM,29-12-2015,229,168,61,18941.670000000002,15295.800000000001,3645.8700000000003,Tuesday,NH,W,WWW
Christ College ATM,29-12-2015,131,74,57,8023.14,4318.4400000000005,3704.7000000000003,Tuesday,NH,W,WWW
Big Street ATM,30-12-2015,128,45,83,7783.05,4006.8,3776.25,Wednesday,NH,W,WWW
Airport ATM,30-12-2015,47,28,19,1106.64,678.9300000000001,427.71000000000004,Wednesday,NH,W,WWW
KK Nagar ATM,30-12-2015,147,106,41,11115.69,8994.630000000001,2121.06,Wednesday,NH,W,WWW
Christ College ATM,30-12-2015,146,79,67,11188.83,7447.56,3741.2700000000004,Wednesday,NH,W,WWW
Big Street ATM,31-12-2015,156,45,111,7913.43,2478.81,5434.62,Thursday,NH,W,WWH
Airport ATM,31-12-2015,51,37,14,1211.5800000000002,788.6400000000001,422.94,Thursday,NH,W,WWH
KK Nagar ATM,31-12-2015,290,181,109,25363.68,17609.25,7754.43,Thursday,NH,W,WWH
Christ College ATM,31-12-2015,129,58,71,8878.560000000001,5355.12,3523.44,Thursday,NH,W,WWH
Big Street ATM,1/1/2016,155,42,113,9887.64,4078.13,5809.51,FRIDAY,C,H,WHH
Airport ATM,1/1/2016,19,14,5,381.44,299.49,81.95,FRIDAY,C,H,WHH
KK Nagar ATM,1/1/2016,356,155,201,27988.16,11118.38,16869.78,FRIDAY,C,H,WHH
Christ College ATM,1/1/2016,4,0,4,135.59,0.0,135.59,FRIDAY,C,H,WHH
Big Street ATM,2/1/2016,67,18,49,4557.91,1475.1,3082.81,SATURDAY,NH,H,HHH
Airport ATM,2/1/2016,35,23,12,774.8,505.11,269.69,SATURDAY,NH,H,HHH
KK Nagar ATM,2/1/2016,389,203,186,34831.73,17357.01,17474.72,SATURDAY,NH,H,HHH
Christ College ATM,2/1/2016,166,55,111,12915.32,5746.93,7168.39,SATURDAY,NH,H,HHH
Big Street ATM,3/1/2016,51,17,34,3351.01,1655.39,1695.6200000000001,SUNDAY,NH,H,HHW
Airport ATM,3/1/2016,5,3,2,298.0,253.3,44.7,SUNDAY,NH,H,HHW
KK Nagar ATM,3/1/2016,126,48,78,4827.6,1478.08,3349.52,SUNDAY,NH,H,HHW
Christ College ATM,3/1/2016,160,62,98,10583.47,4765.02,5818.45,SUNDAY,NH,H,HHW
Big Street ATM,4/1/2016,115,30,85,6949.36,2510.65,4438.71,MONDAY,NH,W,HWW
Airport ATM,4/1/2016,23,20,3,1108.56,974.46,134.1,MONDAY,NH,W,HWW
Christ College ATM,4/1/2016,190,71,119,14755.47,6867.41,7888.06,MONDAY,NH,W,HWW
Big Street ATM,5/1/2016,122,41,81,9089.0,3879.96,5209.04,TUESDAY,NH,W,WWW
Airport ATM,5/1/2016,31,18,13,1753.73,1244.15,509.58,TUESDAY,NH,W,WWW
KK Nagar ATM,5/1/2016,85,57,28,6789.93,4481.92,2308.01,TUESDAY,NH,W,WWW
Christ College ATM,5/1/2016,136,61,75,10163.29,5140.5,5022.79,TUESDAY,NH,W,WWW
Big Street ATM,6/1/2016,143,42,101,8889.34,4063.23,4826.11,WEDNESDAY,NH,W,WWW
Airport ATM,6/1/2016,27,19,8,1142.83,755.43,387.4,WEDNESDAY,NH,W,WWW
KK Nagar ATM,6/1/2016,306,190,116,20384.69,13123.92,7260.77,WEDNESDAY,NH,W,WWW
Christ College ATM,6/1/2016,202,90,112,15044.53,6655.83,8388.7,WEDNESDAY,NH,W,WWW
Big Street ATM,7/1/2016,131,43,88,7371.03,3322.7,4048.33,THURSDAY,NH,W,WWW
Airport ATM,7/1/2016,19,17,2,1038.53,971.48,67.05,THURSDAY,NH,W,WWW
KK Nagar ATM,7/1/2016,138,95,43,13591.78,10984.28,2607.5,THURSDAY,NH,W,WWW
Christ College ATM,7/1/2016,169,91,78,11855.93,8281.42,3574.51,THURSDAY,NH,W,WWW
Big Street ATM,8/1/2016,85,28,57,5821.43,2777.36,3044.07,FRIDAY,NH,W,WWH
Airport ATM,8/1/2016,12,11,1,803.11,795.66,7.45,FRIDAY,NH,W,WWH
KK Nagar ATM,8/1/2016,206,147,59,16130.74,12220.98,3909.76,FRIDAY,NH,W,WWH
Christ College ATM,8/1/2016,118,49,69,8063.88,4575.79,3488.09,FRIDAY,NH,W,WWH
Big Street ATM,9/1/2016,149,48,101,8606.24,4100.48,4505.76,SATURDAY,NH,H,WHH
Airport ATM,9/1/2016,67,38,29,6076.22,3713.08,2363.14,SATURDAY,NH,H,WHH
KK Nagar ATM,9/1/2016,124,78,46,9494.28,5957.02,3537.26,SATURDAY,NH,H,WHH
Christ College ATM,9/1/2016,142,82,60,11034.94,7803.13,3231.81,SATURDAY,NH,H,WHH
Big Street ATM,10/1/2016,171,33,138,9626.89,1747.77,7879.12,SUNDAY,NH,H,HHW
Airport ATM,10/1/2016,52,37,15,3301.84,2875.7,426.14,SUNDAY,NH,H,HHW
KK Nagar ATM,10/1/2016,129,61,68,7908.92,3581.96,4326.96,SUNDAY,NH,H,HHW
Christ College ATM,10/1/2016,63,28,35,1370.8,490.21,880.59,SUNDAY,NH,H,HHW
Big Street ATM,11/1/2016,131,48,83,6311.64,2673.06,3638.58,MONDAY,NH,W,HWW
Airport ATM,11/1/2016,53,42,11,5119.64,4563.87,555.77,MONDAY,NH,W,HWW
KK Nagar ATM,11/1/2016,127,77,50,9556.86,6183.5,3373.36,MONDAY,NH,W,HWW
Christ College ATM,11/1/2016,170,76,94,15373.82,9330.38,6043.44,MONDAY,NH,W,HWW
Big Street ATM,12/1/2016,124,44,80,6804.83,3242.2400000000002,3562.59,TUESDAY,NH,W,WWW
Airport ATM,12/1/2016,134,95,39,11081.13,8986.19,2094.94,TUESDAY,NH,W,WWW
KK Nagar ATM,12/1/2016,117,73,44,11109.44,7563.24,3546.2,TUESDAY,NH,W,WWW
Christ College ATM,12/1/2016,165,73,92,12085.39,7080.4800000000005,5004.91,TUESDAY,NH,W,WWW
Big Street ATM,13-01-2016,104,34,70,6669.24,2731.17,3938.07,WEDNESDAY,NH,W,WWW
Airport ATM,13-01-2016,65,56,9,5743.95,5419.13,324.82,WEDNESDAY,NH,W,WWW
KK Nagar ATM,13-01-2016,155,114,41,14913.41,12682.88,2230.53,WEDNESDAY,NH,W,WWW
Christ College ATM,13-01-2016,160,83,77,12505.57,8692.66,3812.91,WEDNESDAY,NH,W,WWW
Big Street ATM,14-01-2016,127,38,89,6946.38,2242.45,4703.93,THURSDAY,NH,W,WWH
Airport ATM,14-01-2016,130,97,33,9853.37,7797.17,2056.2,THURSDAY,NH,W,WWH
KK Nagar ATM,14-01-2016,169,103,66,16789.32,11748.65,5040.67,THURSDAY,NH,W,WWH
Christ College ATM,14-01-2016,143,65,78,9994.92,6308.66,3686.26,THURSDAY,NH,W,WWH
Big Street ATM,15-01-2016,130,44,86,6322.07,3246.71,3075.36,FRIDAY,H,H,WHH
KK Nagar ATM,15-01-2016,197,131,66,11334.43,7648.17,3686.26,FRIDAY,H,H,WHH
Christ College ATM,15-01-2016,79,38,41,4009.59,2181.36,1828.23,FRIDAY,H,H,WHH
Big Street ATM,16-01-2016,117,35,82,5653.06,1911.67,3741.39,SATURDAY,H,H,HHH
Airport ATM,16-01-2016,6,5,1,144.53,137.08,7.45,SATURDAY,H,H,HHH
KK Nagar ATM,16-01-2016,88,58,30,4945.31,3084.3,1861.01,SATURDAY,H,H,HHH
Christ College ATM,16-01-2016,73,38,35,4070.68,2227.55,1843.13,SATURDAY,H,H,HHH
Big Street ATM,17-01-2016,118,38,80,5280.56,2284.17,2996.39,SUNDAY,H,H,HHW
KK Nagar ATM,17-01-2016,202,119,83,11586.24,7494.7,4091.54,SUNDAY,H,H,HHW
Christ College ATM,17-01-2016,76,34,42,2021.93,1111.54,910.39,SUNDAY,H,H,HHW
Big Street ATM,18-01-2016,129,43,86,6062.81,2206.69,3856.12,MONDAY,NH,W,HWW
Airport ATM,18-01-2016,76,53,23,5831.86,4762.04,1069.82,MONDAY,NH,W,HWW
KK Nagar ATM,18-01-2016,36,23,13,2254.37,1518.31,736.0600000000001,MONDAY,NH,W,HWW
Christ College ATM,18-01-2016,129,56,73,7143.06,2917.42,4225.64,MONDAY,NH,W,HWW
Big Street ATM,19-01-2016,115,51,64,5375.92,3435.94,1939.98,TUESDAY,NH,W,WWW
Airport ATM,19-01-2016,19,18,1,1863.99,1811.84,52.15,TUESDAY,NH,W,WWW
KK Nagar ATM,19-01-2016,206,138,68,18823.17,13834.65,4988.52,TUESDAY,NH,W,WWW
Christ College ATM,19-01-2016,130,73,57,9750.56,6783.97,2966.59,TUESDAY,NH,W,WWW
Big Street ATM,20-01-2016,55,26,29,4042.37,2586.64,1455.73,WEDNESDAY,NH,W,WWW
Airport ATM,20-01-2016,8,5,3,284.59,190.72,93.87,WEDNESDAY,NH,W,WWW
KK Nagar ATM,20-01-2016,134,84,50,11023.02,8187.55,2835.47,WEDNESDAY,NH,W,WWW
Christ College ATM,20-01-2016,143,61,82,9720.76,5857.19,3863.57,WEDNESDAY,NH,W,WWW
Big Street ATM,21-01-2016,73,19,54,2656.67,1248.62,1408.05,THURSDAY,NH,W,WWW
Airport ATM,21-01-2016,29,22,7,1194.98,1107.07,87.91,THURSDAY,NH,W,WWW
KK Nagar ATM,21-01-2016,94,76,18,7299.51,6490.44,809.07,THURSDAY,NH,W,WWW
Christ College ATM,21-01-2016,138,57,81,10625.19,4599.63,6025.56,THURSDAY,NH,W,WWW
Big Street ATM,22-01-2016,132,51,81,6673.71,3923.17,2750.54,FRIDAY,NH,W,WWH
Airport ATM,22-01-2016,49,41,8,4247.99,3760.76,487.23,FRIDAY,NH,W,WWH
KK Nagar ATM,22-01-2016,173,115,58,13944.91,10090.28,3854.63,FRIDAY,NH,W,WWH
Christ College ATM,22-01-2016,98,34,64,6432.33,2808.65,3623.68,FRIDAY,NH,W,WWH
Big Street ATM,23-01-2016,123,34,89,4885.71,1789.49,3096.22,SATURDAY,NH,H,WHH
Mount Road ATM,23-01-2016,5,4,1,26.82,19.37,7.45,SATURDAY,NH,H,WHH
Airport ATM,23-01-2016,44,35,9,3167.7400000000002,2889.11,278.63,SATURDAY,NH,H,WHH
KK Nagar ATM,23-01-2016,104,79,25,9004.07,7289.08,1714.99,SATURDAY,NH,H,WHH
Christ College ATM,23-01-2016,133,70,63,8659.88,5809.51,2850.37,SATURDAY,NH,H,WHH
Big Street ATM,24-01-2016,42,19,23,739.04,292.04,447.0,SUNDAY,NH,H,HHW
Airport ATM,24-01-2016,34,17,17,1215.84,400.81,815.03,SUNDAY,NH,H,HHW
KK Nagar ATM,24-01-2016,241,116,125,14105.83,6527.69,7578.14,SUNDAY,NH,H,HHW
Christ College ATM,24-01-2016,93,27,66,3866.55,1098.13,2768.42,SUNDAY,NH,H,HHW
Big Street ATM,25-01-2016,86,29,57,4690.52,2270.76,2419.76,MONDAY,NH,W,HWH
Mount Road ATM,25-01-2016,10,6,4,165.39,111.75,53.64,MONDAY,NH,W,HWH
Airport ATM,25-01-2016,79,59,20,4922.96,4285.24,637.72,MONDAY,NH,W,HWH
KK Nagar ATM,25-01-2016,306,215,91,24909.82,19356.59,5553.2300000000005,MONDAY,NH,W,HWH
Christ College ATM,25-01-2016,125,62,63,7262.26,3392.73,3869.53,MONDAY,NH,W,HWH
Big Street ATM,26-01-2016,46,17,29,1105.58,640.7,464.88,TUESDAY,N,H,WHW
KK Nagar ATM,26-01-2016,248,148,100,17988.77,12462.36,5526.41,TUESDAY,N,H,WHW
Christ College ATM,26-01-2016,93,50,43,5769.28,4145.18,1624.1,TUESDAY,N,H,WHW
Big Street ATM,27-01-2016,68,25,43,2895.07,1275.44,1619.63,WEDNESDAY,NH,W,HWW
Mount Road ATM,27-01-2016,14,12,2,233.93,208.6,25.330000000000002,WEDNESDAY,NH,W,HWW
Airport ATM,27-01-2016,88,69,19,6548.55,5586.01,962.54,WEDNESDAY,NH,W,HWW
KK Nagar ATM,27-01-2016,88,62,26,6354.85,4189.88,2164.97,WEDNESDAY,NH,W,HWW
Christ College ATM,27-01-2016,100,52,48,6661.79,4888.69,1773.1,WEDNESDAY,NH,W,HWW
Big Street ATM,28-01-2016,122,36,86,4656.25,1568.97,3087.28,THURSDAY,NH,W,WWW
Mount Road ATM,28-01-2016,6,5,1,180.29,178.8,1.49,THURSDAY,NH,W,WWW
Airport ATM,28-01-2016,59,45,14,4690.52,4034.92,655.6,THURSDAY,NH,W,WWW
KK Nagar ATM,28-01-2016,267,180,87,19752.93,13770.58,5982.35,THURSDAY,NH,W,WWW
Christ College ATM,28-01-2016,139,65,74,8342.51,5460.85,2881.66,THURSDAY,NH,W,WWW
Big Street ATM,29-01-2016,124,37,87,6707.9800000000005,2690.94,4017.04,FRIDAY,NH,W,WWH
Mount Road ATM,29-01-2016,44,24,20,1971.27,1205.41,765.86,FRIDAY,NH,W,WWH
Airport ATM,29-01-2016,63,43,20,6125.39,4122.83,2002.56,FRIDAY,NH,W,WWH
KK Nagar ATM,29-01-2016,111,78,33,5660.51,4206.27,1454.24,FRIDAY,NH,W,WWH
Christ College ATM,29-01-2016,109,59,50,7247.36,5200.1,2047.26,FRIDAY,NH,W,WWH
Big Street ATM,30-01-2016,162,48,114,9206.71,3981.28,5225.43,SATURDAY,NH,H,WHH
Mount Road ATM,30-01-2016,59,21,38,3061.95,965.52,2096.43,SATURDAY,NH,H,WHH
Airport ATM,30-01-2016,123,86,37,9743.11,6338.46,3404.65,SATURDAY,NH,H,WHH
KK Nagar ATM,30-01-2016,219,131,88,16236.53,10440.43,5796.1,SATURDAY,NH,H,WHH
Christ College ATM,30-01-2016,157,85,72,11669.68,7928.29,3741.39,SATURDAY,NH,H,WHH
Big Street ATM,31-01-2016,174,54,120,11800.8,5349.1,6451.7,SUNDAY,NH,H,HHW
Mount Road ATM,31-01-2016,6,5,1,67.05,37.25,29.8,SUNDAY,NH,H,HHW
Airport ATM,31-01-2016,52,36,16,4483.41,3604.31,879.1,SUNDAY,NH,H,HHW
KK Nagar ATM,31-01-2016,238,171,67,18212.27,13919.58,4292.69,SUNDAY,NH,H,HHW
Christ College ATM,31-01-2016,117,46,71,6798.87,3617.72,3181.15,SUNDAY,NH,H,HHW
Big Street ATM,1/2/2016,166,38,128,9448.09,2145.6,7302.49,MONDAY,NH,W,HWW
Mount Road ATM,1/2/2016,6,2,4,658.58,299.49,359.09,MONDAY,NH,W,HWW
Airport ATM,1/2/2016,37,21,16,3584.94,2671.57,913.37,MONDAY,NH,W,HWW
KK Nagar ATM,1/2/2016,206,114,92,20998.57,12991.31,8007.26,MONDAY,NH,W,HWW
Christ College ATM,1/2/2016,123,57,66,9759.5,4703.93,5055.57,MONDAY,NH,W,HWW
Big Street ATM,2/2/2016,132,33,99,6332.5,1399.11,4933.39,TUESDAY,NH,W,WWW
Mount Road ATM,2/2/2016,14,9,5,199.66,129.63,70.03,TUESDAY,NH,W,WWW
Airport ATM,2/2/2016,65,41,24,5830.37,3814.4,2015.97,TUESDAY,NH,W,WWW
KK Nagar ATM,2/2/2016,189,96,93,14843.38,7777.8,7065.58,TUESDAY,NH,W,WWW
Christ College ATM,2/2/2016,152,83,69,10595.39,7242.89,3352.5,TUESDAY,NH,W,WWW
Big Street ATM,3/2/2016,160,44,116,8497.47,2720.7400000000002,5776.7300000000005,WEDNESDAY,NH,W,WWW
Mount Road ATM,3/2/2016,40,37,3,1215.84,1148.79,67.05,WEDNESDAY,NH,W,WWW
Airport ATM,3/2/2016,43,38,5,4368.68,4127.3,241.38,WEDNESDAY,NH,W,WWW
KK Nagar ATM,3/2/2016,216,144,72,20697.59,14284.63,6412.96,WEDNESDAY,NH,W,WWW
Christ College ATM,3/2/2016,149,81,68,15059.43,9667.12,5392.31,WEDNESDAY,NH,W,WWW
Big Street ATM,4/2/2016,134,44,90,8770.14,4455.1,4315.04,THURSDAY,NH,W,WWW
Mount Road ATM,4/2/2016,149,82,67,11504.29,7210.11,4294.18,THURSDAY,NH,W,WWW
Airport ATM,4/2/2016,22,11,11,1421.46,576.63,844.83,THURSDAY,NH,W,WWW
KK Nagar ATM,4/2/2016,123,100,23,12687.35,11172.02,1515.33,THURSDAY,NH,W,WWW
Christ College ATM,4/2/2016,147,79,68,10893.39,6687.12,4206.27,THURSDAY,NH,W,WWW
Big Street ATM,5/2/2016,152,47,105,8470.65,2710.31,5760.34,FRIDAY,NH,W,WWH
Mount Road ATM,5/2/2016,184,99,85,9956.18,6731.82,3224.36,FRIDAY,NH,W,WWH
Airport ATM,5/2/2016,62,50,12,4243.52,3440.41,803.11,FRIDAY,NH,W,WWH
KK Nagar ATM,5/2/2016,229,149,80,21691.42,15953.43,5737.99,FRIDAY,NH,W,WWH
Christ College ATM,5/2/2016,186,77,109,13038.99,5977.88,7061.11,FRIDAY,NH,W,WWH
Big Street ATM,6/2/2016,84,19,65,4396.99,670.5,3726.4900000000002,SATURDAY,NH,H,WHH
Mount Road ATM,6/2/2016,29,15,14,1820.78,1279.91,540.87,SATURDAY,NH,H,WHH
Airport ATM,6/2/2016,12,6,6,971.48,621.33,350.15,SATURDAY,NH,H,WHH
KK Nagar ATM,6/2/2016,106,76,30,9661.16,7938.72,1722.44,SATURDAY,NH,H,WHH
Christ College ATM,6/2/2016,178,83,95,15071.35,7740.55,7330.8,SATURDAY,NH,H,WHH
Big Street ATM,7/2/2016,69,17,52,3394.22,804.6,2589.62,SUNDAY,NH,H,HHW
Airport ATM,7/2/2016,9,8,1,873.14,798.64,74.5,SUNDAY,NH,H,HHW
KK Nagar ATM,7/2/2016,155,108,47,12225.45,9238.0,2987.45,SUNDAY,NH,H,HHW
Christ College ATM,7/2/2016,134,60,74,8656.9,5317.81,3339.09,SUNDAY,NH,H,HHW
Big Street ATM,8/2/2016,70,21,49,3763.7400000000002,1481.06,2282.68,MONDAY,NH,W,HWW
Mount Road ATM,8/2/2016,34,20,14,2130.7,1200.94,929.76,MONDAY,NH,W,HWW
Airport ATM,8/2/2016,41,31,10,3818.87,3057.48,761.39,MONDAY,NH,W,HWW
KK Nagar ATM,8/2/2016,74,55,19,8524.29,7321.86,1202.43,MONDAY,NH,W,HWW
Christ College ATM,8/2/2016,116,58,58,8627.1,4525.13,4101.97,MONDAY,NH,W,HWW
Big Street ATM,9/2/2016,77,29,48,4747.14,2361.65,2385.49,TUESDAY,NH,W,WWW
Mount Road ATM,9/2/2016,120,59,61,10427.02,7247.36,3179.66,TUESDAY,NH,W,WWW
Airport ATM,9/2/2016,31,28,3,3219.89,3100.69,119.2,TUESDAY,NH,W,WWW
KK Nagar ATM,9/2/2016,267,191,76,24035.19,18669.7,5365.49,TUESDAY,NH,W,WWW
Christ College ATM,9/2/2016,136,74,62,9869.76,6375.71,3494.05,TUESDAY,NH,W,WWW
Big Street ATM,10/2/2016,161,51,110,8582.4,3400.18,5182.22,WEDNESDAY,NH,W,WWW
Airport ATM,10/2/2016,37,32,5,2564.29,2452.54,111.75,WEDNESDAY,NH,W,WWW
KK Nagar ATM,10/2/2016,64,50,14,6305.68,5329.73,975.95,WEDNESDAY,NH,W,WWW
Christ College ATM,10/2/2016,141,67,74,10713.1,6085.16,4627.94,WEDNESDAY,NH,W,WWW
Big Street ATM,11/2/2016,150,45,105,9214.16,4548.97,4665.19,THURSDAY,NH,W,WWW
Mount Road ATM,11/2/2016,16,6,10,1014.69,205.62,809.07,THURSDAY,NH,W,WWW
Airport ATM,11/2/2016,40,29,11,3243.73,2459.99,783.74,THURSDAY,NH,W,WWW
KK Nagar ATM,11/2/2016,218,143,75,21917.9,15586.89,6331.01,THURSDAY,NH,W,WWW
Christ College ATM,11/2/2016,154,79,75,11666.7,7441.06,4225.64,THURSDAY,NH,W,WWW
Big Street ATM,12/2/2016,151,53,98,8515.35,4632.41,3882.94,FRIDAY,NH,W,WWH
Mount Road ATM,12/2/2016,48,23,25,2684.98,1740.32,944.66,FRIDAY,NH,W,WWH
Airport ATM,12/2/2016,7,7,0,272.67,272.67,0.0,FRIDAY,NH,W,WWH
KK Nagar ATM,12/2/2016,257,170,87,20131.39,14941.72,5189.67,FRIDAY,NH,W,WWH
Christ College ATM,12/2/2016,156,64,92,11708.42,5946.59,5761.83,FRIDAY,NH,W,WWH
Big Street ATM,13-02-2016,129,43,86,6834.63,3280.98,3553.65,SATURDAY,NH,H,WHH
Mount Road ATM,13-02-2016,88,34,54,5936.16,3742.88,2193.28,SATURDAY,NH,H,WHH
Airport ATM,13-02-2016,38,25,13,2202.22,1533.21,669.01,SATURDAY,NH,H,WHH
KK Nagar ATM,13-02-2016,154,115,39,12946.61,10772.7,2173.91,SATURDAY,NH,H,WHH
Christ College ATM,13-02-2016,110,47,63,6612.62,3295.88,3316.7400000000002,SATURDAY,NH,H,WHH
Big Street ATM,14-02-2016,166,48,118,8303.77,3659.44,4644.33,SUNDAY,NH,H,HHW
Mount Road ATM,14-02-2016,92,37,55,4067.7,2227.55,1840.15,SUNDAY,NH,H,HHW
Airport ATM,14-02-2016,40,25,15,3026.19,2185.83,840.36,SUNDAY,NH,H,HHW
KK Nagar ATM,14-02-2016,168,109,59,8811.86,5496.61,3315.25,SUNDAY,NH,H,HHW
Christ College ATM,14-02-2016,132,55,77,5465.32,2239.47,3225.85,SUNDAY,NH,H,HHW
Big Street ATM,15-02-2016,155,51,104,10005.35,4891.67,5113.68,MONDAY,NH,W,HWW
Mount Road ATM,15-02-2016,57,28,29,3193.07,1773.1,1419.97,MONDAY,NH,W,HWW
Airport ATM,15-02-2016,83,61,22,5833.35,4429.77,1403.58,MONDAY,NH,W,HWW
KK Nagar ATM,15-02-2016,172,111,61,14286.12,10029.19,4256.93,MONDAY,NH,W,HWW
Christ College ATM,15-02-2016,42,26,16,3187.11,2497.24,689.87,MONDAY,NH,W,HWW
Big Street ATM,16-02-2016,107,36,71,5849.74,2832.4900000000002,3017.25,TUESDAY,NH,W,WWW
Airport ATM,16-02-2016,98,74,24,8768.65,7560.26,1208.39,TUESDAY,NH,W,WWW
KK Nagar ATM,16-02-2016,143,111,32,11499.82,9842.94,1656.88,TUESDAY,NH,W,WWW
Christ College ATM,16-02-2016,135,63,72,7560.26,4666.68,2893.58,TUESDAY,NH,W,WWW
Big Street ATM,17-02-2016,134,64,70,5463.83,3635.6,1828.23,WEDNESDAY,NH,W,WWW
Mount Road ATM,17-02-2016,38,16,22,2869.7400000000002,1481.06,1388.68,WEDNESDAY,NH,W,WWW
Airport ATM,17-02-2016,100,87,13,8866.99,8272.48,594.51,WEDNESDAY,NH,W,WWW
KK Nagar ATM,17-02-2016,190,123,67,16941.3,12800.59,4140.71,WEDNESDAY,NH,W,WWW
Christ College ATM,17-02-2016,160,71,89,11852.95,6493.42,5359.53,WEDNESDAY,NH,W,WWW
Big Street ATM,18-02-2016,147,59,88,9653.71,4802.27,4851.44,THURSDAY,NH,W,WWW
Mount Road ATM,18-02-2016,33,19,14,1953.39,1539.17,414.22,THURSDAY,NH,W,WWW
Airport ATM,18-02-2016,109,87,22,8837.19,8105.6,731.59,THURSDAY,NH,W,WWW
KK Nagar ATM,18-02-2016,78,48,30,6158.17,4995.97,1162.2,THURSDAY,NH,W,WWW
Christ College ATM,18-02-2016,143,67,76,7634.76,4787.37,2847.39,THURSDAY,NH,W,WWW
Big Street ATM,19-02-2016,144,34,110,6490.44,2378.04,4112.4,FRIDAY,NH,W,WWH
Mount Road ATM,19-02-2016,27,16,11,820.99,657.09,163.9,FRIDAY,NH,W,WWH
Airport ATM,19-02-2016,115,87,28,7712.24,6611.13,1101.11,FRIDAY,NH,W,WWH
KK Nagar ATM,19-02-2016,44,34,10,2230.53,1680.72,549.81,FRIDAY,NH,W,WWH
Christ College ATM,19-02-2016,162,56,106,10944.05,5434.03,5510.02,FRIDAY,NH,W,WWH
Big Street ATM,20-02-2016,147,34,113,7972.99,1874.42,6098.57,SATURDAY,NH,H,WHH
Mount Road ATM,20-02-2016,68,26,42,4414.87,2376.55,2038.32,SATURDAY,NH,H,WHH
Airport ATM,20-02-2016,61,49,12,6076.22,5630.71,445.51,SATURDAY,NH,H,WHH
KK Nagar ATM,20-02-2016,108,78,30,10485.13,8740.34,1744.79,SATURDAY,NH,H,WHH
Christ College ATM,20-02-2016,148,58,90,12100.29,7269.71,4830.58,SATURDAY,NH,H,WHH
Big Street ATM,21-02-2016,181,48,133,9720.76,3364.42,6356.34,SUNDAY,NH,H,HHW
Mount Road ATM,21-02-2016,98,43,55,5222.45,3747.35,1475.1,SUNDAY,NH,H,HHW
Airport ATM,21-02-2016,60,41,19,4931.9,4045.35,886.55,SUNDAY,NH,H,HHW
KK Nagar ATM,21-02-2016,85,51,34,2793.75,1948.92,844.83,SUNDAY,NH,H,HHW
Big Street ATM,22-02-2016,130,51,79,5964.47,3418.06,2546.41,MONDAY,NH,W,HWW
Mount Road ATM,22-02-2016,4,2,2,268.2,74.5,193.7,MONDAY,NH,W,HWW
Airport ATM,22-02-2016,48,34,14,3017.25,2385.49,631.76,MONDAY,NH,W,HWW
KK Nagar ATM,22-02-2016,93,48,45,2449.56,1647.94,801.62,MONDAY,NH,W,HWW
Christ College ATM,22-02-2016,203,61,142,14265.26,6333.99,7931.27,MONDAY,NH,W,HWW
Big Street ATM,23-02-2016,165,65,100,9933.83,6131.35,3802.48,TUESDAY,NH,W,WWW
Mount Road ATM,23-02-2016,40,25,15,3480.64,3158.8,321.84,TUESDAY,NH,W,WWW
Airport ATM,23-02-2016,54,45,9,1801.41,1625.59,175.82,TUESDAY,NH,W,WWW
KK Nagar ATM,23-02-2016,212,128,84,14748.02,9826.55,4921.47,TUESDAY,NH,W,WWW
Christ College ATM,23-02-2016,162,79,83,11321.02,6567.92,4753.1,TUESDAY,NH,W,WWW
Big Street ATM,24-02-2016,121,43,78,5955.53,3002.35,2953.18,WEDNESDAY,NH,W,WWW
Mount Road ATM,24-02-2016,13,10,3,423.16,338.23,84.93,WEDNESDAY,NH,W,WWW
Airport ATM,24-02-2016,48,37,11,3406.14,2927.85,478.29,WEDNESDAY,NH,W,WWW
KK Nagar ATM,24-02-2016,28,22,6,1525.76,1260.54,265.22,WEDNESDAY,NH,W,WWW
Christ College ATM,24-02-2016,121,50,71,4934.88,2129.21,2805.67,WEDNESDAY,NH,W,WWW
Big Street ATM,25-02-2016,136,38,98,6469.58,2394.43,4075.15,THURSDAY,NH,W,WWW
Mount Road ATM,25-02-2016,59,30,29,2978.51,2215.63,762.88,THURSDAY,NH,W,WWW
Airport ATM,25-02-2016,34,29,5,3117.08,2886.13,230.95,THURSDAY,NH,W,WWW
KK Nagar ATM,25-02-2016,106,76,30,8543.66,6487.46,2056.2,THURSDAY,NH,W,WWW
Christ College ATM,25-02-2016,163,70,93,9649.24,5922.75,3726.4900000000002,THURSDAY,NH,W,WWW
Big Street ATM,26-02-2016,135,59,76,8817.82,5204.57,3613.25,FRIDAY,NH,W,WWH
Mount Road ATM,26-02-2016,11,2,9,204.13,41.72,162.41,FRIDAY,NH,W,WWH
Airport ATM,26-02-2016,60,45,15,3425.51,2725.21,700.3,FRIDAY,NH,W,WWH
KK Nagar ATM,26-02-2016,84,66,18,10356.99,8782.06,1574.93,FRIDAY,NH,W,WWH
Christ College ATM,26-02-2016,144,62,82,9179.89,4742.67,4437.22,FRIDAY,NH,W,WWH
Big Street ATM,27-02-2016,141,40,101,7859.75,3629.64,4230.11,SATURDAY,NH,H,WHH
Airport ATM,27-02-2016,46,38,8,4817.17,4462.55,354.62,SATURDAY,NH,H,WHH
KK Nagar ATM,27-02-2016,37,27,10,2041.3,1677.74,363.56,SATURDAY,NH,H,WHH
Christ College ATM,27-02-2016,135,56,79,9853.37,4638.37,5215.0,SATURDAY,NH,H,WHH
Big Street ATM,28-02-2016,150,45,105,7004.49,3157.31,3847.18,SUNDAY,NH,H,HHW
Airport ATM,28-02-2016,107,80,27,7353.15,6676.69,676.46,SUNDAY,NH,H,HHW
KK Nagar ATM,28-02-2016,123,79,44,7213.09,5165.83,2047.26,SUNDAY,NH,H,HHW
Christ College ATM,28-02-2016,120,45,75,4714.36,1944.45,2769.91,SUNDAY,NH,H,HHW
Big Street ATM,29-02-2016,142,48,94,9428.72,4863.36,4565.36,MONDAY,NH,W,HWW
Mount Road ATM,29-02-2016,44,24,20,2333.34,1646.45,686.89,MONDAY,NH,W,HWW
Airport ATM,29-02-2016,109,84,25,11087.09,9389.98,1697.11,MONDAY,NH,W,HWW
KK Nagar ATM,29-02-2016,68,53,15,5460.85,4860.38,600.47,MONDAY,NH,W,HWW
Christ College ATM,29-02-2016,132,64,68,8962.35,4253.95,4708.4,MONDAY,NH,W,HWW
Big Street ATM,1/3/2016,169,43,126,9920.42,3275.02,6645.4,TUESDAY,NH,W,WWW
Mount Road ATM,1/3/2016,33,21,12,1494.47,1007.24,487.23,TUESDAY,NH,W,WWW
Airport ATM,1/3/2016,48,37,11,3710.1,3181.15,528.95,TUESDAY,NH,W,WWW
KK Nagar ATM,1/3/2016,177,138,39,14596.04,11955.76,2640.28,TUESDAY,NH,W,WWW
Christ College ATM,1/3/2016,109,64,45,7663.07,4726.28,2936.79,TUESDAY,NH,W,WWW
Big Street ATM,2/3/2016,97,32,65,6003.21,1975.74,4027.47,WEDNESDAY,NH,W,WWW
Mount Road ATM,2/3/2016,98,47,51,6648.38,4021.51,2626.87,WEDNESDAY,NH,W,WWW
Airport ATM,2/3/2016,71,54,17,3204.9900000000002,2674.55,530.44,WEDNESDAY,NH,W,WWW
KK Nagar ATM,2/3/2016,180,135,45,17796.56,13760.15,4036.41,WEDNESDAY,NH,W,WWW
Christ College ATM,2/3/2016,61,30,31,4169.02,2641.77,1527.25,WEDNESDAY,NH,W,WWW
Mount Road ATM,3/3/2016,52,34,18,4841.01,4167.53,673.48,THURSDAY,NH,W,WWW
Airport ATM,3/3/2016,85,63,22,6612.62,5280.56,1332.06,THURSDAY,NH,W,WWW
KK Nagar ATM,3/3/2016,97,68,29,10981.3,8551.11,2430.19,THURSDAY,NH,W,WWW
Christ College ATM,3/3/2016,137,65,72,11058.78,6371.24,4687.54,THURSDAY,NH,W,WWW
Big Street ATM,4/3/2016,113,37,76,5140.5,2243.94,2896.56,FRIDAY,NH,W,WWH
Mount Road ATM,4/3/2016,106,64,42,6894.2300000000005,5620.28,1273.95,FRIDAY,NH,W,WWH
Airport ATM,4/3/2016,73,60,13,5194.14,4647.31,546.83,FRIDAY,NH,W,WWH
KK Nagar ATM,4/3/2016,184,136,48,14560.28,11933.41,2626.87,FRIDAY,NH,W,WWH
Christ College ATM,4/3/2016,135,71,64,11924.47,7803.13,4121.34,FRIDAY,NH,W,WWH
Big Street ATM,5/3/2016,168,51,117,9367.63,3914.23,5453.4,SATURDAY,NH,H,WHH
Mount Road ATM,5/3/2016,82,39,43,5501.08,3951.48,1549.6,SATURDAY,NH,H,WHH
Airport ATM,5/3/2016,100,76,24,8686.7,7360.6,1326.1,SATURDAY,NH,H,WHH
KK Nagar ATM,5/3/2016,135,95,40,12918.3,9787.81,3130.4900000000002,SATURDAY,NH,H,WHH
Christ College ATM,5/3/2016,150,78,72,14351.68,9068.14,5283.54,SATURDAY,NH,H,WHH
Big Street ATM,6/3/2016,156,50,106,8855.07,4245.01,4610.06,SUNDAY,NH,H,HHW
Mount Road ATM,6/3/2016,120,50,70,6617.09,3829.3,2787.79,SUNDAY,NH,H,HHW
Airport ATM,6/3/2016,79,60,19,7292.06,6235.65,1056.41,SUNDAY,NH,H,HHW
KK Nagar ATM,6/3/2016,110,77,33,5787.16,3555.14,2232.02,SUNDAY,NH,H,HHW
Christ College ATM,6/3/2016,119,58,61,6272.9,3643.05,2629.85,SUNDAY,NH,H,HHW
Big Street ATM,7/3/2016,134,33,101,6187.97,1364.84,4823.13,MONDAY,NH,W,HWW
Mount Road ATM,7/3/2016,8,4,4,444.02,327.8,116.22,MONDAY,NH,W,HWW
Airport ATM,7/3/2016,110,89,21,10416.59,9154.56,1262.03,MONDAY,NH,W,HWW
KK Nagar ATM,7/3/2016,48,35,13,2227.55,1692.64,534.91,MONDAY,NH,W,HWW
Christ College ATM,7/3/2016,202,70,132,13062.83,5396.78,7666.05,MONDAY,NH,W,HWW
Big Street ATM,8/3/2016,109,39,70,7143.06,3556.63,3586.43,TUESDAY,NH,W,WWW
Mount Road ATM,8/3/2016,32,17,15,1788.0,1235.21,552.79,TUESDAY,NH,W,WWW
Airport ATM,8/3/2016,57,36,21,5293.97,4188.39,1105.58,TUESDAY,NH,W,WWW
KK Nagar ATM,8/3/2016,115,91,24,11684.58,10275.04,1409.54,TUESDAY,NH,W,WWW
Christ College ATM,8/3/2016,146,73,73,9360.18,4462.55,4897.63,TUESDAY,NH,W,WWW
Big Street ATM,9/3/2016,152,47,105,8479.59,3836.75,4642.84,WEDNESDAY,NH,W,WWW
Mount Road ATM,9/3/2016,39,19,20,1923.59,1053.43,870.16,WEDNESDAY,NH,W,WWW
Airport ATM,9/3/2016,75,50,25,7801.64,5827.39,1974.25,WEDNESDAY,NH,W,WWW
KK Nagar ATM,9/3/2016,56,42,14,5447.44,4204.78,1242.66,WEDNESDAY,NH,W,WWW
Christ College ATM,9/3/2016,158,72,86,12140.52,6216.28,5924.24,WEDNESDAY,NH,W,WWW
Big Street ATM,10/3/2016,171,61,110,13798.89,6889.76,6909.13,THURSDAY,NH,W,WWW
Mount Road ATM,10/3/2016,33,17,16,1616.65,816.52,800.13,THURSDAY,NH,W,WWW
Airport ATM,10/3/2016,54,38,16,6092.61,4467.02,1625.59,THURSDAY,NH,W,WWW
Christ College ATM,10/3/2016,140,59,81,11337.41,5118.15,6219.26,THURSDAY,NH,W,WWW
Big Street ATM,11/3/2016,161,57,104,8457.24,3738.41,4718.83,FRIDAY,NH,W,WWH
Airport ATM,11/3/2016,78,58,20,6973.2,5267.15,1706.05,FRIDAY,NH,W,WWH
KK Nagar ATM,11/3/2016,70,60,10,10292.92,9552.39,740.53,FRIDAY,NH,W,WWH
Christ College ATM,11/3/2016,141,71,70,8795.47,5600.91,3194.56,FRIDAY,NH,W,WWH
Big Street ATM,12/3/2016,165,41,124,8127.95,2351.22,5776.7300000000005,SATURDAY,NH,H,WHH
Mount Road ATM,12/3/2016,46,13,33,1825.25,1084.72,740.53,SATURDAY,NH,H,WHH
Airport ATM,12/3/2016,111,84,27,8442.34,6736.29,1706.05,SATURDAY,NH,H,WHH
KK Nagar ATM,12/3/2016,145,98,47,10461.29,6998.53,3462.76,SATURDAY,NH,H,WHH
Christ College ATM,12/3/2016,161,82,79,11623.49,6809.3,4814.19,SATURDAY,NH,H,WHH
Big Street ATM,13-03-2016,152,49,103,7357.62,3406.14,3951.48,SUNDAY,NH,H,HHW
Mount Road ATM,13-03-2016,111,47,64,4194.35,2659.65,1534.7,SUNDAY,NH,H,HHW
Airport ATM,13-03-2016,46,31,15,3997.67,3219.89,777.78,SUNDAY,NH,H,HHW
KK Nagar ATM,13-03-2016,155,124,31,12432.56,11246.52,1186.04,SUNDAY,NH,H,HHW
Christ College ATM,13-03-2016,134,53,81,7648.17,3725.0,3923.17,SUNDAY,NH,H,HHW
Big Street ATM,14-03-2016,135,52,83,6775.03,3370.38,3404.65,MONDAY,NH,W,HWW
Mount Road ATM,14-03-2016,64,37,27,3830.79,3231.81,598.98,MONDAY,NH,W,HWW
Airport ATM,14-03-2016,53,36,17,3196.05,2768.42,427.63,MONDAY,NH,W,HWW
KK Nagar ATM,14-03-2016,156,128,28,14439.59,12234.39,2205.2,MONDAY,NH,W,HWW
Christ College ATM,14-03-2016,153,66,87,11237.58,6633.4800000000005,4604.1,MONDAY,NH,W,HWW
Big Street ATM,15-03-2016,140,40,100,8652.43,3200.52,5451.91,TUESDAY,NH,W,WWW
Mount Road ATM,15-03-2016,34,21,13,3136.45,2865.27,271.18,TUESDAY,NH,W,WWW
Airport ATM,15-03-2016,33,28,5,2141.13,2088.98,52.15,TUESDAY,NH,W,WWW
KK Nagar ATM,15-03-2016,116,87,29,9464.48,7913.39,1551.09,TUESDAY,NH,W,WWW
Christ College ATM,15-03-2016,127,64,63,8972.78,5848.25,3124.53,TUESDAY,NH,W,WWW
Big Street ATM,16-03-2016,130,37,93,7470.86,3309.29,4161.57,WEDNESDAY,NH,W,WWW
Mount Road ATM,16-03-2016,48,32,16,4726.28,4201.8,524.48,WEDNESDAY,NH,W,WWW
Airport ATM,16-03-2016,69,61,8,5965.96,5717.13,248.83,WEDNESDAY,NH,W,WWW
KK Nagar ATM,16-03-2016,85,65,20,8938.51,7466.39,1472.1200000000001,WEDNESDAY,NH,W,WWW
Christ College ATM,16-03-2016,121,62,59,8490.02,5571.11,2918.91,WEDNESDAY,NH,W,WWW
Big Street ATM,17-03-2016,117,36,81,5931.69,3461.27,2470.42,THURSDAY,NH,W,WWW
Airport ATM,17-03-2016,109,82,27,7433.61,6065.79,1367.82,THURSDAY,NH,W,WWW
KK Nagar ATM,17-03-2016,107,83,24,11480.45,9953.2,1527.25,THURSDAY,NH,W,WWW
Christ College ATM,17-03-2016,140,71,69,10872.53,7013.43,3859.1,THURSDAY,NH,W,WWW
Big Street ATM,18-03-2016,119,42,77,6573.88,4158.59,2415.29,FRIDAY,NH,W,WWH
Airport ATM,18-03-2016,125,90,35,9069.63,7514.07,1555.56,FRIDAY,NH,W,WWH
Christ College ATM,18-03-2016,103,54,49,6891.25,3792.05,3099.2,FRIDAY,NH,W,WWH
Big Street ATM,19-03-2016,101,31,70,4067.7,1525.76,2541.94,SATURDAY,NH,H,WHH
Airport ATM,19-03-2016,31,23,8,2112.82,1554.07,558.75,SATURDAY,NH,H,WHH
KK Nagar ATM,19-03-2016,156,119,37,15676.29,12998.76,2677.53,SATURDAY,NH,H,WHH
Christ College ATM,19-03-2016,125,63,62,9115.82,5656.04,3459.78,SATURDAY,NH,H,WHH
Big Street ATM,20-03-2016,150,46,104,9024.93,3672.85,5352.08,SUNDAY,NH,H,HHW
Mount Road ATM,20-03-2016,62,25,37,2853.35,1665.82,1187.53,SUNDAY,NH,H,HHW
Airport ATM,20-03-2016,82,55,27,3295.88,2716.27,579.61,SUNDAY,NH,H,HHW
KK Nagar ATM,20-03-2016,127,88,39,7411.26,6046.42,1364.84,SUNDAY,NH,H,HHW
Christ College ATM,20-03-2016,107,50,57,4596.65,2315.46,2281.19,SUNDAY,NH,H,HHW
Big Street ATM,21-03-2016,134,55,79,8320.16,4869.32,3450.84,MONDAY,NH,W,HWW
Mount Road ATM,21-03-2016,54,31,23,3957.44,2991.92,965.52,MONDAY,NH,W,HWW
Airport ATM,21-03-2016,86,59,27,4899.12,2948.71,1950.41,MONDAY,NH,W,HWW
KK Nagar ATM,21-03-2016,118,86,32,10969.38,8990.66,1978.72,MONDAY,NH,W,HWW
Christ College ATM,21-03-2016,146,74,72,11034.94,7225.01,3809.93,MONDAY,NH,W,HWW
Big Street ATM,22-03-2016,127,37,90,6965.75,3502.9900000000002,3462.76,TUESDAY,NH,W,WWW
Mount Road ATM,22-03-2016,48,32,16,2850.37,2185.83,664.54,TUESDAY,NH,W,WWW
Airport ATM,22-03-2016,63,52,11,3990.22,3708.61,281.61,TUESDAY,NH,W,WWW
KK Nagar ATM,22-03-2016,73,63,10,7295.04,6685.63,609.41,TUESDAY,NH,W,WWW
Christ College ATM,22-03-2016,129,58,71,9685.0,5736.5,3948.5,TUESDAY,NH,W,WWW
Big Street ATM,23-03-2016,143,52,91,6763.11,2455.52,4307.59,WEDNESDAY,NH,W,WWW
Mount Road ATM,23-03-2016,22,14,8,643.68,573.65,70.03,WEDNESDAY,NH,W,WWW
Airport ATM,23-03-2016,71,51,20,6198.4,4909.55,1288.85,WEDNESDAY,NH,W,WWW
KK Nagar ATM,23-03-2016,83,67,16,7527.4800000000005,6649.87,877.61,WEDNESDAY,NH,W,WWW
Christ College ATM,23-03-2016,104,65,39,7537.91,4768.0,2769.91,WEDNESDAY,NH,W,WWW
Big Street ATM,24-03-2016,26,5,21,801.62,65.56,736.0600000000001,THURSDAY,NH,W,WWH
Airport ATM,24-03-2016,50,39,11,3578.98,3319.72,259.26,THURSDAY,NH,W,WWH
KK Nagar ATM,24-03-2016,107,76,31,11338.9,8737.36,2601.54,THURSDAY,NH,W,WWH
Christ College ATM,24-03-2016,117,63,54,10070.91,7381.46,2689.45,THURSDAY,NH,W,WWH
Big Street ATM,25-03-2016,99,19,80,3321.21,831.42,2489.79,FRIDAY,C,H,WHH
KK Nagar ATM,25-03-2016,179,131,48,13259.51,10675.85,2583.66,FRIDAY,C,H,WHH
Christ College ATM,25-03-2016,26,20,6,1536.19,1442.32,93.87,FRIDAY,C,H,WHH
Big Street ATM,26-03-2016,124,32,92,5732.03,2132.19,3599.84,SATURDAY,NH,H,HHH
Airport ATM,26-03-2016,35,25,10,1859.52,1671.78,187.74,SATURDAY,NH,H,HHH
KK Nagar ATM,26-03-2016,18,17,1,752.45,722.65,29.8,SATURDAY,NH,H,HHH
Big Street ATM,27-03-2016,105,31,74,3580.47,1265.01,2315.46,SUNDAY,NH,H,HHW
Airport ATM,27-03-2016,13,7,6,1440.83,1080.25,360.58,SUNDAY,NH,H,HHW
Big Street ATM,28-03-2016,55,16,39,2579.19,1130.91,1448.28,MONDAY,NH,W,HWW
Mount Road ATM,28-03-2016,19,14,5,1238.19,932.74,305.45,MONDAY,NH,W,HWW
Airport ATM,28-03-2016,36,26,10,4917.0,4376.13,540.87,MONDAY,NH,W,HWW
KK Nagar ATM,28-03-2016,154,107,47,14534.95,10802.5,3732.45,MONDAY,NH,W,HWW
Christ College ATM,28-03-2016,137,76,61,8829.74,6563.45,2266.29,MONDAY,NH,W,HWW
Mount Road ATM,29-03-2016,40,20,20,1534.7,1107.07,427.63,TUESDAY,NH,W,WWW
Airport ATM,29-03-2016,48,30,18,2851.86,2160.5,691.36,TUESDAY,NH,W,WWW
KK Nagar ATM,29-03-2016,178,145,33,17745.9,15163.73,2582.17,TUESDAY,NH,W,WWW
Christ College ATM,29-03-2016,109,59,50,6331.01,4577.28,1753.73,TUESDAY,NH,W,WWW
Big Street ATM,30-03-2016,38,11,27,1224.78,295.02,929.76,WEDNESDAY,NH,W,WWW
Mount Road ATM,30-03-2016,45,31,14,3424.02,2917.42,506.6,WEDNESDAY,NH,W,WWW
Airport ATM,30-03-2016,79,58,21,5667.96,4548.97,1118.99,WEDNESDAY,NH,W,WWW
KK Nagar ATM,30-03-2016,107,86,21,10654.99,9065.16,1589.83,WEDNESDAY,NH,W,WWW
Christ College ATM,30-03-2016,134,75,59,10625.19,6910.62,3714.57,WEDNESDAY,NH,W,WWW
Big Street ATM,31-03-2016,105,33,72,6368.26,2696.9,3671.36,THURSDAY,NH,W,WWW
Mount Road ATM,31-03-2016,45,24,21,3532.79,2912.95,619.84,THURSDAY,NH,W,WWW
Airport ATM,31-03-2016,94,66,28,10281.0,7931.27,2349.73,THURSDAY,NH,W,WWW
KK Nagar ATM,31-03-2016,3,3,0,14.9,14.9,0.0,THURSDAY,NH,W,WWW
Christ College ATM,31-03-2016,142,84,58,9874.23,5904.87,3969.36,THURSDAY,NH,W,WWW
Mount Road ATM,1/4/2016,69,35,34,4395.5,2552.37,1843.13,FRIDAY,NH,W,WWH
Airport ATM,1/4/2016,19,14,5,1563.01,1211.37,351.64,FRIDAY,NH,W,WWH
KK Nagar ATM,1/4/2016,157,157,0,12250.78,12250.78,0.0,FRIDAY,NH,W,WWH
Christ College ATM,1/4/2016,69,43,26,4382.09,2920.4,1461.69,FRIDAY,NH,W,WWH
Big Street ATM,2/4/2016,35,7,28,1935.51,117.71,1817.8,SATURDAY,NH,H,WHH
Mount Road ATM,2/4/2016,63,17,46,4420.83,2404.86,2015.97,SATURDAY,NH,H,WHH
Airport ATM,2/4/2016,22,15,7,1186.04,920.82,265.22,SATURDAY,NH,H,WHH
KK Nagar ATM,2/4/2016,117,117,0,8756.73,8756.73,0.0,SATURDAY,NH,H,WHH
Christ College ATM,2/4/2016,87,28,59,5769.28,2202.22,3567.06,SATURDAY,NH,H,WHH
Big Street ATM,3/4/2016,90,26,64,5828.88,2299.07,3529.81,SUNDAY,NH,H,HHW
Mount Road ATM,3/4/2016,16,9,7,862.71,542.36,320.35,SUNDAY,NH,H,HHW
Airport ATM,3/4/2016,46,34,12,4577.28,3826.32,750.96,SUNDAY,NH,H,HHW
KK Nagar ATM,3/4/2016,158,158,0,12158.4,12158.4,0.0,SUNDAY,NH,H,HHW
Christ College ATM,3/4/2016,164,73,91,9515.14,4237.56,5277.58,SUNDAY,NH,H,HHW
Big Street ATM,4/4/2016,111,29,82,7160.94,1931.04,5229.9,MONDAY,NH,W,HWW
Mount Road ATM,4/4/2016,47,35,12,3577.4900000000002,2874.21,703.28,MONDAY,NH,W,HWW
Airport ATM,4/4/2016,35,28,7,4297.16,3662.42,634.74,MONDAY,NH,W,HWW
KK Nagar ATM,4/4/2016,36,31,5,1863.99,1662.84,201.15,MONDAY,NH,W,HWW
Christ College ATM,4/4/2016,180,53,127,14631.8,5597.93,9033.87,MONDAY,NH,W,HWW
Big Street ATM,5/4/2016,121,29,92,7257.79,2075.57,5182.22,TUESDAY,NH,W,WWW
Mount Road ATM,5/4/2016,84,50,34,7704.79,6030.03,1674.76,TUESDAY,NH,W,WWW
Airport ATM,5/4/2016,39,32,7,2723.72,2433.17,290.55,TUESDAY,NH,W,WWW
KK Nagar ATM,5/4/2016,123,93,30,13038.99,10401.69,2637.3,TUESDAY,NH,W,WWW
Christ College ATM,5/4/2016,132,48,84,8810.37,3789.07,5021.3,TUESDAY,NH,W,WWW
Big Street ATM,6/4/2016,134,47,87,8560.05,4233.09,4326.96,WEDNESDAY,NH,W,WWW
Mount Road ATM,6/4/2016,34,23,11,2993.41,2611.97,381.44,WEDNESDAY,NH,W,WWW
Airport ATM,6/4/2016,81,62,19,7444.04,6648.38,795.66,WEDNESDAY,NH,W,WWW
KK Nagar ATM,6/4/2016,65,50,15,4152.63,2996.39,1156.24,WEDNESDAY,NH,W,WWW
Christ College ATM,6/4/2016,222,101,121,18812.74,9193.3,9619.44,WEDNESDAY,NH,W,WWW
Big Street ATM,7/4/2016,122,34,88,6277.37,2391.45,3885.92,THURSDAY,NH,W,WWH
Mount Road ATM,7/4/2016,69,50,19,4672.64,4064.72,607.92,THURSDAY,NH,W,WWH
Airport ATM,7/4/2016,42,27,15,3632.62,2588.13,1044.49,THURSDAY,NH,W,WWH
KK Nagar ATM,7/4/2016,77,53,24,8047.49,6962.77,1084.72,THURSDAY,NH,W,WWH
Christ College ATM,7/4/2016,104,57,47,6782.4800000000005,3975.32,2807.16,THURSDAY,NH,W,WWH
Big Street ATM,8/4/2016,10,6,4,159.43,65.56,93.87,FRIDAY,N,H,WHH
Airport ATM,8/4/2016,37,23,14,1790.98,1299.28,491.7,FRIDAY,N,H,WHH
KK Nagar ATM,8/4/2016,150,109,41,13392.12,10146.9,3245.22,FRIDAY,N,H,WHH
Big Street ATM,9/4/2016,104,26,78,5958.51,1893.79,4064.72,SATURDAY,NH,H,HHH
Mount Road ATM,9/4/2016,170,83,87,10972.36,7196.7,3775.66,SATURDAY,NH,H,HHH
Airport ATM,9/4/2016,132,98,34,12755.89,9933.83,2822.06,SATURDAY,NH,H,HHH
KK Nagar ATM,9/4/2016,97,61,36,10161.8,6794.4,3367.4,SATURDAY,NH,H,HHH
Big Street ATM,10/4/2016,79,19,60,3240.75,1278.42,1962.33,SUNDAY,NH,H,HHW
Mount Road ATM,10/4/2016,226,72,154,10354.01,3964.89,6389.12,SUNDAY,NH,H,HHW
Airport ATM,10/4/2016,46,33,13,4197.33,3221.38,975.95,SUNDAY,NH,H,HHW
KK Nagar ATM,10/4/2016,120,61,59,8446.81,3958.93,4487.88,SUNDAY,NH,H,HHW
Big Street ATM,11/4/2016,150,38,112,7041.74,3055.9900000000002,3985.75,MONDAY,NH,W,HWW
Mount Road ATM,11/4/2016,114,56,58,6100.06,3841.22,2258.84,MONDAY,NH,W,HWW
Airport ATM,11/4/2016,39,28,11,2647.73,2172.42,475.31,MONDAY,NH,W,HWW
KK Nagar ATM,11/4/2016,17,10,7,2163.48,1276.93,886.55,MONDAY,NH,W,HWW
Christ College ATM,11/4/2016,182,63,119,12331.24,5548.76,6782.4800000000005,MONDAY,NH,W,HWW
Big Street ATM,12/4/2016,163,53,110,9421.27,5022.79,4398.48,TUESDAY,NH,W,WWW
Mount Road ATM,12/4/2016,47,32,15,2677.53,1712.01,965.52,TUESDAY,NH,W,WWW
Airport ATM,12/4/2016,51,42,9,4948.29,4677.11,271.18,TUESDAY,NH,W,WWW
KK Nagar ATM,12/4/2016,60,45,15,5222.45,4754.59,467.86,TUESDAY,NH,W,WWW
Christ College ATM,12/4/2016,151,83,68,11519.19,7731.61,3787.58,TUESDAY,NH,W,WWW
Big Street ATM,13-04-2016,142,53,89,9756.52,5675.41,4081.11,WEDNESDAY,NH,W,WWH
Mount Road ATM,13-04-2016,29,14,15,1339.51,677.95,661.56,WEDNESDAY,NH,W,WWH
Airport ATM,13-04-2016,71,51,20,7089.42,5590.4800000000005,1498.94,WEDNESDAY,NH,W,WWH
KK Nagar ATM,13-04-2016,132,113,19,11653.29,10748.86,904.43,WEDNESDAY,NH,W,WWH
Christ College ATM,13-04-2016,185,75,110,14983.44,7998.32,6985.12,WEDNESDAY,NH,W,WWH
Big Street ATM,14-04-2016,45,13,32,2154.54,695.83,1458.71,THURSDAY,N,H,WHW
KK Nagar ATM,14-04-2016,31,23,8,2525.55,1929.55,596.0,THURSDAY,N,H,WHW
Christ College ATM,14-04-2016,147,37,110,5189.67,1382.72,3806.95,THURSDAY,N,H,WHW
Mount Road ATM,15-04-2016,14,11,3,894.0,710.73,183.27,FRIDAY,NH,W,HWH
Airport ATM,15-04-2016,16,14,2,1442.32,1358.88,83.44,FRIDAY,NH,W,HWH
KK Nagar ATM,15-04-2016,268,179,89,21970.05,16594.13,5375.92,FRIDAY,NH,W,HWH
Christ College ATM,15-04-2016,186,83,103,13484.5,7488.74,5995.76,FRIDAY,NH,W,HWH
Big Street ATM,16-04-2016,112,40,72,6745.2300000000005,3190.09,3555.14,SATURDAY,NH,H,WHH
Mount Road ATM,16-04-2016,30,12,18,919.33,293.53,625.8,SATURDAY,NH,H,WHH
Airport ATM,16-04-2016,62,51,11,6047.91,5428.07,619.84,SATURDAY,NH,H,WHH
KK Nagar ATM,16-04-2016,147,109,38,12888.5,10981.3,1907.2,SATURDAY,NH,H,WHH
Christ College ATM,16-04-2016,161,82,79,13149.25,9412.33,3736.92,SATURDAY,NH,H,WHH
Big Street ATM,17-04-2016,118,30,88,5614.32,2038.32,3576.0,SUNDAY,NH,H,HHW
Airport ATM,17-04-2016,69,55,14,4505.76,4273.32,232.44,SUNDAY,NH,H,HHW
KK Nagar ATM,17-04-2016,100,74,26,5204.57,4227.13,977.44,SUNDAY,NH,H,HHW
Christ College ATM,17-04-2016,4,2,2,13.41,4.47,8.94,SUNDAY,NH,H,HHW
Big Street ATM,18-04-2016,152,62,90,9585.17,5369.96,4215.21,MONDAY,NH,W,HWH
Mount Road ATM,18-04-2016,16,11,5,894.0,569.18,324.82,MONDAY,NH,W,HWH
Airport ATM,18-04-2016,63,54,9,6581.33,6114.96,466.37,MONDAY,NH,W,HWH
KK Nagar ATM,18-04-2016,96,74,22,8767.16,7287.59,1479.57,MONDAY,NH,W,HWH
Christ College ATM,18-04-2016,99,42,57,5240.33,2608.99,2631.34,MONDAY,NH,W,HWH
Big Street ATM,19-04-2016,140,46,94,7694.36,3987.2400000000002,3707.12,TUESDAY,H,H,WHW
Airport ATM,19-04-2016,50,41,9,6037.4800000000005,5232.88,804.6,TUESDAY,H,H,WHW
KK Nagar ATM,19-04-2016,60,45,15,4908.06,3796.52,1111.54,TUESDAY,H,H,WHW
Christ College ATM,19-04-2016,100,48,52,7885.08,4005.12,3879.96,TUESDAY,H,H,WHW
Big Street ATM,20-04-2016,133,42,91,6590.27,3632.62,2957.65,WEDNESDAY,NH,W,HWW
Mount Road ATM,20-04-2016,27,17,10,894.0,420.18,473.82,WEDNESDAY,NH,W,HWW
Airport ATM,20-04-2016,27,19,8,3030.66,2644.75,385.91,WEDNESDAY,NH,W,HWW
KK Nagar ATM,20-04-2016,130,92,38,12453.42,9413.82,3039.6,WEDNESDAY,NH,W,HWW
Christ College ATM,20-04-2016,149,68,81,9385.51,4243.52,5141.99,WEDNESDAY,NH,W,HWW
Big Street ATM,21-04-2016,99,22,77,4118.36,1278.42,2839.94,THURSDAY,NH,W,WWW
Mount Road ATM,21-04-2016,18,9,9,648.15,552.79,95.36,THURSDAY,NH,W,WWW
KK Nagar ATM,21-04-2016,187,151,36,16539.0,14152.02,2386.98,THURSDAY,NH,W,WWW
Christ College ATM,21-04-2016,12,3,9,941.68,387.4,554.28,THURSDAY,NH,W,WWW
Big Street ATM,22-04-2016,134,50,84,8163.71,3650.5,4513.21,FRIDAY,NH,W,WWH
Mount Road ATM,22-04-2016,21,16,5,2701.37,2164.97,536.4,FRIDAY,NH,W,WWH
KK Nagar ATM,22-04-2016,77,65,12,6839.1,6167.11,671.99,FRIDAY,NH,W,WWH
Christ College ATM,22-04-2016,89,46,43,6721.39,4042.37,2679.02,FRIDAY,NH,W,WWH
Big Street ATM,23-04-2016,132,29,103,6676.69,2799.71,3876.98,SATURDAY,NH,H,WHH
Mount Road ATM,23-04-2016,76,31,45,4531.09,2503.2,2027.89,SATURDAY,NH,H,WHH
KK Nagar ATM,23-04-2016,110,84,26,8329.1,6660.3,1668.8,SATURDAY,NH,H,WHH
Christ College ATM,23-04-2016,119,61,58,10589.43,6354.85,4234.58,SATURDAY,NH,H,WHH
Big Street ATM,24-04-2016,23,9,14,1120.48,412.73,707.75,SUNDAY,NH,H,HHW
Mount Road ATM,24-04-2016,13,4,9,521.5,141.55,379.95,SUNDAY,NH,H,HHW
Christ College ATM,24-04-2016,93,32,61,4738.2,2041.3,2696.9,SUNDAY,NH,H,HHW
Big Street ATM,25-04-2016,49,18,31,3517.89,2103.88,1414.01,MONDAY,NH,W,HWW
Airport ATM,25-04-2016,31,22,9,2096.43,1443.81,652.62,MONDAY,NH,W,HWW
KK Nagar ATM,25-04-2016,81,57,24,8193.51,6870.39,1323.12,MONDAY,NH,W,HWW
Christ College ATM,25-04-2016,108,50,58,7955.11,4446.16,3508.95,MONDAY,NH,W,HWW
Big Street ATM,26-04-2016,125,52,73,6536.63,3865.06,2671.57,TUESDAY,NH,W,WWW
Airport ATM,26-04-2016,28,25,3,3552.16,3425.51,126.65,TUESDAY,NH,W,WWW
KK Nagar ATM,26-04-2016,198,147,51,15358.92,12016.85,3342.07,TUESDAY,NH,W,WWW
Christ College ATM,26-04-2016,102,50,52,7011.94,4995.97,2015.97,TUESDAY,NH,W,WWW
Big Street ATM,27-04-2016,133,42,91,5682.86,2091.96,3590.9,WEDNESDAY,NH,W,WWW
Mount Road ATM,27-04-2016,26,24,2,2018.95,1929.55,89.4,WEDNESDAY,NH,W,WWW
Airport ATM,27-04-2016,27,21,6,2322.91,1808.86,514.05,WEDNESDAY,NH,W,WWW
KK Nagar ATM,27-04-2016,131,103,28,12498.12,10161.8,2336.32,WEDNESDAY,NH,W,WWW
Christ College ATM,27-04-2016,103,57,46,6657.32,4753.1,1904.22,WEDNESDAY,NH,W,WWW
Big Street ATM,28-04-2016,100,32,68,4547.48,2226.06,2321.42,THURSDAY,NH,W,WWW
Mount Road ATM,28-04-2016,43,13,30,1701.58,341.21,1360.3700000000001,THURSDAY,NH,W,WWW
Airport ATM,28-04-2016,69,58,11,6341.44,5764.81,576.63,THURSDAY,NH,W,WWW
KK Nagar ATM,28-04-2016,98,78,20,7378.4800000000005,6380.18,998.3,THURSDAY,NH,W,WWW
Christ College ATM,28-04-2016,86,31,55,4887.2,2378.04,2509.16,THURSDAY,NH,W,WWW
Big Street ATM,29-04-2016,101,31,70,4563.87,1680.72,2883.15,FRIDAY,NH,W,WWH
Mount Road ATM,29-04-2016,6,6,0,499.15,499.15,0.0,FRIDAY,NH,W,WWH
Airport ATM,29-04-2016,35,29,6,3482.13,3136.45,345.68,FRIDAY,NH,W,WWH
KK Nagar ATM,29-04-2016,158,115,43,13210.34,10200.54,3009.8,FRIDAY,NH,W,WWH
Christ College ATM,29-04-2016,142,63,79,11513.23,6722.88,4790.35,FRIDAY,NH,W,WWH
Big Street ATM,30-04-2016,135,49,86,7360.6,3665.4,3695.2,SATURDAY,NH,H,WHH
Airport ATM,30-04-2016,38,29,9,4242.03,3656.46,585.57,SATURDAY,NH,H,WHH
KK Nagar ATM,30-04-2016,143,112,31,11970.66,10212.46,1758.2,SATURDAY,NH,H,WHH
Christ College ATM,30-04-2016,175,74,101,15834.23,7748.0,8086.2300000000005,SATURDAY,NH,H,WHH
KK Nagar ATM,1/5/2016,56,42,14,2796.73,2182.85,613.88,SUNDAY,N,H,HHW
Christ College ATM,1/5/2016,10,5,5,353.13,223.5,129.63,SUNDAY,N,H,HHW
Big Street ATM,2/5/2016,96,43,53,5892.95,3963.4,1929.55,MONDAY,NH,W,HWW
Airport ATM,2/5/2016,21,9,12,2053.22,894.0,1159.22,MONDAY,NH,W,HWW
KK Nagar ATM,2/5/2016,167,118,49,17072.42,13092.63,3979.79,MONDAY,NH,W,HWW
Christ College ATM,2/5/2016,138,41,97,10041.11,3100.69,6940.42,MONDAY,NH,W,HWW
Big Street ATM,3/5/2016,102,38,64,5071.96,2653.69,2418.27,TUESDAY,NH,W,WWW
Airport ATM,3/5/2016,9,6,3,697.32,536.4,160.92,TUESDAY,NH,W,WWW
KK Nagar ATM,3/5/2016,119,81,38,11006.63,7901.47,3105.16,TUESDAY,NH,W,WWW
Christ College ATM,3/5/2016,121,57,64,9330.38,4845.48,4484.9,TUESDAY,NH,W,WWW
Big Street ATM,4/5/2016,80,18,62,4657.74,1229.25,3428.4900000000002,WEDNESDAY,NH,W,WWW
Mount Road ATM,4/5/2016,18,10,8,633.25,439.55,193.7,WEDNESDAY,NH,W,WWW
Airport ATM,4/5/2016,53,41,12,4198.82,3839.73,359.09,WEDNESDAY,NH,W,WWW
KK Nagar ATM,4/5/2016,181,143,38,17960.46,14497.7,3462.76,WEDNESDAY,NH,W,WWW
Christ College ATM,4/5/2016,129,68,61,10017.27,5845.27,4172.0,WEDNESDAY,NH,W,WWW
Big Street ATM,5/5/2016,53,11,42,3169.23,1075.78,2093.45,THURSDAY,NH,W,WWW
Airport ATM,5/5/2016,22,18,4,2457.01,2035.34,421.67,THURSDAY,NH,W,WWW
KK Nagar ATM,5/5/2016,89,79,10,10528.34,9786.32,742.02,THURSDAY,NH,W,WWW
Christ College ATM,5/5/2016,92,50,42,7762.9,5559.19,2203.71,THURSDAY,NH,W,WWW
Big Street ATM,6/5/2016,68,25,43,3856.12,1658.3700000000001,2197.75,FRIDAY,NH,W,WWH
Airport ATM,6/5/2016,12,11,1,1032.57,1017.67,14.9,FRIDAY,NH,W,WWH
KK Nagar ATM,6/5/2016,143,110,33,12715.66,10595.39,2120.27,FRIDAY,NH,W,WWH
Christ College ATM,6/5/2016,141,66,75,9443.62,4988.52,4455.1,FRIDAY,NH,W,WWH
Big Street ATM,7/5/2016,87,16,71,4385.07,731.59,3653.48,SATURDAY,NH,H,WHH
Airport ATM,7/5/2016,115,94,21,9333.36,8582.4,750.96,SATURDAY,NH,H,WHH
KK Nagar ATM,7/5/2016,50,34,16,3011.29,2382.51,628.78,SATURDAY,NH,H,WHH
Christ College ATM,7/5/2016,155,70,85,12901.91,6862.94,6038.97,SATURDAY,NH,H,WHH
Big Street ATM,8/5/2016,148,25,123,6833.14,1710.52,5122.62,SUNDAY,NH,H,HHW
Mount Road ATM,8/5/2016,18,9,9,528.95,299.49,229.46,SUNDAY,NH,H,HHW
Airport ATM,8/5/2016,87,74,13,6450.21,5757.36,692.85,SUNDAY,NH,H,HHW
KK Nagar ATM,8/5/2016,2,2,0,303.96,303.96,0.0,SUNDAY,NH,H,HHW
Christ College ATM,8/5/2016,4,1,3,67.05,2.98,64.07,SUNDAY,NH,H,HHW
Big Street ATM,9/5/2016,149,40,109,8972.78,4338.88,4633.9,MONDAY,NH,W,HWW
Mount Road ATM,9/5/2016,35,19,16,2106.86,1381.23,725.63,MONDAY,NH,W,HWW
Airport ATM,9/5/2016,69,57,12,6134.33,5575.58,558.75,MONDAY,NH,W,HWW
KK Nagar ATM,9/5/2016,63,46,17,4763.53,4110.91,652.62,MONDAY,NH,W,HWW
Christ College ATM,9/5/2016,96,43,53,7226.5,2854.84,4371.66,MONDAY,NH,W,HWW
Big Street ATM,10/5/2016,150,48,102,9389.98,4532.58,4857.4,TUESDAY,NH,W,WWW
Mount Road ATM,10/5/2016,3,2,1,56.62,44.7,11.92,TUESDAY,NH,W,WWW
Airport ATM,10/5/2016,40,25,15,3406.14,2263.31,1142.83,TUESDAY,NH,W,WWW
KK Nagar ATM,10/5/2016,95,81,14,8813.35,7682.44,1130.91,TUESDAY,NH,W,WWW
Christ College ATM,10/5/2016,200,54,146,13925.54,4759.06,9166.48,TUESDAY,NH,W,WWW
Big Street ATM,11/5/2016,100,38,62,6266.94,3978.3,2288.64,WEDNESDAY,NH,W,WWW
Mount Road ATM,11/5/2016,56,28,28,3750.33,2832.4900000000002,917.84,WEDNESDAY,NH,W,WWW
Airport ATM,11/5/2016,67,51,16,5451.91,4748.63,703.28,WEDNESDAY,NH,W,WWW
KK Nagar ATM,11/5/2016,73,49,24,6299.72,4325.47,1974.25,WEDNESDAY,NH,W,WWW
Christ College ATM,11/5/2016,187,57,130,12930.22,5737.99,7192.2300000000005,WEDNESDAY,NH,W,WWW
Big Street ATM,12/5/2016,113,46,67,4756.08,2905.5,1850.58,THURSDAY,NH,W,WWW
Mount Road ATM,12/5/2016,5,2,3,28.31,17.88,10.43,THURSDAY,NH,W,WWW
Airport ATM,12/5/2016,68,46,22,4803.76,3958.93,844.83,THURSDAY,NH,W,WWW
KK Nagar ATM,12/5/2016,32,29,3,2822.06,2716.27,105.79,THURSDAY,NH,W,WWW
Christ College ATM,12/5/2016,151,57,94,8947.45,4598.14,4349.31,THURSDAY,NH,W,WWW
Big Street ATM,13-05-2016,106,31,75,5219.47,1633.04,3586.43,FRIDAY,NH,W,WWH
Mount Road ATM,13-05-2016,26,21,5,1409.54,1279.91,129.63,FRIDAY,NH,W,WWH
Airport ATM,13-05-2016,34,26,8,2750.54,2400.39,350.15,FRIDAY,NH,W,WWH
KK Nagar ATM,13-05-2016,52,41,11,3903.8,2944.2400000000002,959.5600000000001,FRIDAY,NH,W,WWH
Christ College ATM,13-05-2016,152,59,93,8972.78,4762.04,4210.74,FRIDAY,NH,W,WWH
Big Street ATM,14-05-2016,110,31,79,6348.89,2473.4,3875.4900000000002,SATURDAY,NH,H,WHH
Mount Road ATM,14-05-2016,23,7,16,1215.84,350.15,865.69,SATURDAY,NH,H,WHH
Airport ATM,14-05-2016,14,14,0,1196.47,1196.47,0.0,SATURDAY,NH,H,WHH
KK Nagar ATM,14-05-2016,67,51,16,6106.02,5298.44,807.58,SATURDAY,NH,H,WHH
Christ College ATM,14-05-2016,90,36,54,5785.67,2598.56,3187.11,SATURDAY,NH,H,WHH
Big Street ATM,15-05-2016,86,22,64,3634.11,1549.6,2084.51,SUNDAY,NH,H,HHW
KK Nagar ATM,15-05-2016,151,112,39,8962.35,6979.16,1983.19,SUNDAY,NH,H,HHW
Big Street ATM,16-05-2016,124,45,79,6542.59,2975.53,3567.06,MONDAY,NH,W,HWW
KK Nagar ATM,16-05-2016,134,90,44,8135.4,4547.48,3587.92,MONDAY,NH,W,HWW
Big Street ATM,17-05-2016,124,57,67,6748.21,5392.31,1355.9,TUESDAY,NH,W,WWW
Airport ATM,17-05-2016,8,6,2,770.33,725.63,44.7,TUESDAY,NH,W,WWW
KK Nagar ATM,17-05-2016,130,96,34,8986.19,7271.2,1714.99,TUESDAY,NH,W,WWW
Christ College ATM,17-05-2016,93,38,55,5584.52,2805.67,2778.85,TUESDAY,NH,W,WWW
Big Street ATM,18-05-2016,100,28,72,5612.83,1987.66,3625.17,WEDNESDAY,NH,W,WWW
Mount Road ATM,18-05-2016,18,11,7,277.14,199.66,77.48,WEDNESDAY,NH,W,WWW
Airport ATM,18-05-2016,35,27,8,3252.67,2798.22,454.45,WEDNESDAY,NH,W,WWW
KK Nagar ATM,18-05-2016,143,112,31,13235.67,11255.460000000001,1980.21,WEDNESDAY,NH,W,WWW
Christ College ATM,18-05-2016,134,52,82,8251.62,3674.34,4577.28,WEDNESDAY,NH,W,WWW
Big Street ATM,19-05-2016,129,39,90,6161.15,1875.91,4285.24,THURSDAY,NH,W,WWW
Mount Road ATM,19-05-2016,2,0,2,17.88,0.0,17.88,THURSDAY,NH,W,WWW
Airport ATM,19-05-2016,13,10,3,1248.62,1062.37,186.25,THURSDAY,NH,W,WWW
KK Nagar ATM,19-05-2016,69,46,23,3130.4900000000002,1665.82,1464.67,THURSDAY,NH,W,WWW
Christ College ATM,19-05-2016,124,47,77,9728.21,4817.17,4911.04,THURSDAY,NH,W,WWW
Big Street ATM,20-05-2016,154,48,106,8904.24,3674.34,5229.9,FRIDAY,NH,W,WWH
Mount Road ATM,20-05-2016,22,10,12,828.44,561.73,266.71,FRIDAY,NH,W,WWH
Airport ATM,20-05-2016,28,24,4,1717.97,1501.92,216.05,FRIDAY,NH,W,WWH
KK Nagar ATM,20-05-2016,99,69,30,8935.53,7284.61,1650.92,FRIDAY,NH,W,WWH
Christ College ATM,20-05-2016,144,48,96,9056.22,4593.67,4462.55,FRIDAY,NH,W,WWH
Mount Road ATM,21-05-2016,8,6,2,87.91,73.01,14.9,SATURDAY,NH,H,WHH
Airport ATM,21-05-2016,38,28,10,2953.18,2728.19,224.99,SATURDAY,NH,H,WHH
KK Nagar ATM,21-05-2016,137,115,22,11884.24,10556.65,1327.59,SATURDAY,NH,H,WHH
Christ College ATM,21-05-2016,164,47,117,9948.73,2997.88,6950.85,SATURDAY,NH,H,WHH
Big Street ATM,22-05-2016,51,16,35,3124.53,1752.24,1372.29,SUNDAY,NH,H,HHW
Mount Road ATM,22-05-2016,1,0,1,14.9,0.0,14.9,SUNDAY,NH,H,HHW
Airport ATM,22-05-2016,15,13,2,1348.45,1192.0,156.45,SUNDAY,NH,H,HHW
KK Nagar ATM,22-05-2016,106,79,27,6277.37,4969.15,1308.22,SUNDAY,NH,H,HHW
Christ College ATM,22-05-2016,53,10,43,3364.42,494.68,2869.7400000000002,SUNDAY,NH,H,HHW
Big Street ATM,23-05-2016,89,28,61,5095.8,2665.61,2430.19,MONDAY,NH,W,HWW
Mount Road ATM,23-05-2016,36,14,22,1303.75,618.35,685.4,MONDAY,NH,W,HWW
KK Nagar ATM,23-05-2016,121,89,32,11821.66,9361.67,2459.99,MONDAY,NH,W,HWW
Christ College ATM,23-05-2016,48,26,22,3097.71,2169.44,928.27,MONDAY,NH,W,HWW
Big Street ATM,24-05-2016,85,37,48,7080.4800000000005,4470.0,2610.48,TUESDAY,NH,W,WWW
Mount Road ATM,24-05-2016,75,43,32,4529.6,3084.3,1445.3,TUESDAY,NH,W,WWW
KK Nagar ATM,24-05-2016,132,87,45,9142.64,6015.13,3127.51,TUESDAY,NH,W,WWW
Christ College ATM,24-05-2016,12,9,3,917.84,716.69,201.15,TUESDAY,NH,W,WWW
Big Street ATM,25-05-2016,127,49,78,6800.36,3698.18,3102.18,WEDNESDAY,NH,W,WWW
Mount Road ATM,25-05-2016,46,24,22,3821.85,2726.7,1095.15,WEDNESDAY,NH,W,WWW
KK Nagar ATM,25-05-2016,110,94,16,11832.09,11234.6,597.49,WEDNESDAY,NH,W,WWW
Christ College ATM,25-05-2016,64,33,31,4401.46,2914.44,1487.02,WEDNESDAY,NH,W,WWW
Big Street ATM,26-05-2016,118,25,93,5030.24,1302.26,3727.98,THURSDAY,NH,W,WWW
Mount Road ATM,26-05-2016,36,18,18,2570.25,1281.4,1288.85,THURSDAY,NH,W,WWW
KK Nagar ATM,26-05-2016,155,118,37,15414.05,12654.57,2759.48,THURSDAY,NH,W,WWW
Christ College ATM,26-05-2016,105,44,61,8460.22,4051.31,4408.91,THURSDAY,NH,W,WWW
Big Street ATM,27-05-2016,86,35,51,4787.37,2832.4900000000002,1954.88,FRIDAY,NH,W,WWH
Mount Road ATM,27-05-2016,47,25,22,2763.95,1765.65,998.3,FRIDAY,NH,W,WWH
KK Nagar ATM,27-05-2016,77,55,22,7219.05,5907.85,1311.2,FRIDAY,NH,W,WWH
Christ College ATM,27-05-2016,101,46,55,7363.58,3936.58,3427.0,FRIDAY,NH,W,WWH
Big Street ATM,28-05-2016,79,34,45,4383.58,2166.46,2217.12,SATURDAY,NH,H,WHH
KK Nagar ATM,28-05-2016,137,83,54,11872.32,6895.72,4976.6,SATURDAY,NH,H,WHH
Christ College ATM,28-05-2016,100,45,55,6210.32,3477.66,2732.66,SATURDAY,NH,H,WHH
Big Street ATM,29-05-2016,125,46,79,7238.42,4064.72,3173.7,SUNDAY,NH,H,HHW
KK Nagar ATM,29-05-2016,90,69,21,6493.42,5229.9,1263.52,SUNDAY,NH,H,HHW
Big Street ATM,30-05-2016,107,34,73,6480.01,2518.1,3961.91,MONDAY,NH,W,HWW
Airport ATM,30-05-2016,18,13,5,1199.45,603.45,596.0,MONDAY,NH,W,HWW
KK Nagar ATM,30-05-2016,96,73,23,9719.27,7949.15,1770.1200000000001,MONDAY,NH,W,HWW
Christ College ATM,30-05-2016,124,51,73,9975.55,5083.88,4891.67,MONDAY,NH,W,HWW
Big Street ATM,31-05-2016,142,43,99,8269.5,3130.4900000000002,5139.01,TUESDAY,NH,W,WWW
KK Nagar ATM,31-05-2016,16,10,6,441.04,187.74,253.3,TUESDAY,NH,W,WWW
Christ College ATM,31-05-2016,158,90,68,12083.9,7518.54,4565.36,TUESDAY,NH,W,WWW
Big Street ATM,1/6/2016,171,41,130,11872.32,3851.65,8020.67,WEDNESDAY,NH,W,WWW
Mount Road ATM,1/6/2016,15,15,0,1565.99,1565.99,0.0,WEDNESDAY,NH,W,WWW
KK Nagar ATM,1/6/2016,174,123,51,12454.91,8750.77,3704.14,WEDNESDAY,NH,W,WWW
Christ College ATM,1/6/2016,173,59,114,14886.59,5231.39,9655.2,WEDNESDAY,NH,W,WWW
Big Street ATM,2/6/2016,157,39,118,10850.18,2591.11,8259.07,THURSDAY,NH,W,WWW
Mount Road ATM,2/6/2016,82,73,9,8326.12,7856.77,469.35,THURSDAY,NH,W,WWW
KK Nagar ATM,2/6/2016,67,46,21,4383.58,3111.12,1272.46,THURSDAY,NH,W,WWW
Christ College ATM,2/6/2016,198,79,119,18091.58,8376.78,9714.8,THURSDAY,NH,W,WWW
Big Street ATM,3/6/2016,167,59,108,8385.72,4031.94,4353.78,FRIDAY,NH,W,WWH
Mount Road ATM,3/6/2016,1,1,0,52.15,52.15,0.0,FRIDAY,NH,W,WWH
Airport ATM,3/6/2016,3,3,0,38.74,38.74,0.0,FRIDAY,NH,W,WWH
KK Nagar ATM,3/6/2016,63,47,16,4172.0,3170.72,1001.28,FRIDAY,NH,W,WWH
Christ College ATM,3/6/2016,98,45,53,7476.82,3972.34,3504.48,FRIDAY,NH,W,WWH
Big Street ATM,4/6/2016,160,44,116,9857.84,3038.11,6819.7300000000005,SATURDAY,NH,H,WHH
Mount Road ATM,4/6/2016,19,19,0,2167.95,2167.95,0.0,SATURDAY,NH,H,WHH
KK Nagar ATM,4/6/2016,110,69,41,7569.2,5510.02,2059.18,SATURDAY,NH,H,WHH
Christ College ATM,4/6/2016,130,57,73,11239.07,5445.95,5793.12,SATURDAY,NH,H,WHH
Big Street ATM,5/6/2016,173,39,134,9993.43,2325.89,7667.54,SUNDAY,NH,H,HHW
Mount Road ATM,5/6/2016,11,11,0,902.94,902.94,0.0,SUNDAY,NH,H,HHW
KK Nagar ATM,5/6/2016,126,92,34,9603.05,6642.42,2960.63,SUNDAY,NH,H,HHW
Christ College ATM,5/6/2016,165,70,95,9603.05,4255.44,5347.61,SUNDAY,NH,H,HHW
Big Street ATM,6/6/2016,150,40,110,9349.75,3811.42,5538.33,MONDAY,NH,W,HWW
Mount Road ATM,6/6/2016,2,2,0,10.43,10.43,0.0,MONDAY,NH,W,HWW
Airport ATM,6/6/2016,4,3,1,326.31,312.9,13.41,MONDAY,NH,W,HWW
KK Nagar ATM,6/6/2016,132,100,32,12648.61,10137.96,2510.65,MONDAY,NH,W,HWW
Christ College ATM,6/6/2016,48,18,30,2877.19,1571.95,1305.24,MONDAY,NH,W,HWW
Big Street ATM,7/6/2016,127,40,87,7283.12,2270.76,5012.36,TUESDAY,NH,W,WWW
KK Nagar ATM,7/6/2016,129,97,32,11525.15,9917.44,1607.71,TUESDAY,NH,W,WWW
Christ College ATM,7/6/2016,65,39,26,6132.84,4408.91,1723.93,TUESDAY,NH,W,WWW
Big Street ATM,8/6/2016,163,43,120,10386.79,3903.8,6482.99,WEDNESDAY,NH,W,WWW
KK Nagar ATM,8/6/2016,72,60,12,4835.05,4337.39,497.66,WEDNESDAY,NH,W,WWW
Christ College ATM,8/6/2016,181,93,88,13693.1,9404.88,4288.22,WEDNESDAY,NH,W,WWW
Big Street ATM,9/6/2016,167,50,117,10465.76,4368.68,6097.08,THURSDAY,NH,W,WWW
KK Nagar ATM,9/6/2016,57,42,15,3449.35,2749.05,700.3,THURSDAY,NH,W,WWW
Christ College ATM,9/6/2016,160,68,92,13643.93,7777.8,5866.13,THURSDAY,NH,W,WWW
Big Street ATM,10/6/2016,115,23,92,6138.8,2170.93,3967.87,FRIDAY,NH,W,WWH
Mount Road ATM,10/6/2016,28,18,10,1154.75,700.3,454.45,FRIDAY,NH,W,WWH
Airport ATM,10/6/2016,34,29,5,1893.79,1843.13,50.660000000000004,FRIDAY,NH,W,WWH
KK Nagar ATM,10/6/2016,69,55,14,5217.98,4252.46,965.52,FRIDAY,NH,W,WWH
Christ College ATM,10/6/2016,146,64,82,9574.74,5265.66,4309.08,FRIDAY,NH,W,WWH
Big Street ATM,11/6/2016,96,23,73,5302.91,1792.47,3510.44,SATURDAY,NH,H,WHH
Airport ATM,11/6/2016,79,58,21,7819.52,6587.29,1232.23,SATURDAY,NH,H,WHH
KK Nagar ATM,11/6/2016,95,69,26,8206.92,6202.87,2004.05,SATURDAY,NH,H,WHH
Christ College ATM,11/6/2016,14,7,7,916.35,424.65,491.7,SATURDAY,NH,H,WHH
Big Street ATM,12/6/2016,121,30,91,6518.75,2836.96,3681.79,SUNDAY,NH,H,HHW
Airport ATM,12/6/2016,29,20,9,2269.27,2017.46,251.81,SUNDAY,NH,H,HHW
KK Nagar ATM,12/6/2016,131,99,32,7481.29,6143.27,1338.02,SUNDAY,NH,H,HHW
Big Street ATM,13-06-2016,124,45,79,6433.82,3616.23,2817.59,MONDAY,NH,W,HWW
Mount Road ATM,13-06-2016,27,19,8,1981.7,1765.65,216.05,MONDAY,NH,W,HWW
Airport ATM,13-06-2016,41,26,15,3280.98,2242.45,1038.53,MONDAY,NH,W,HWW
KK Nagar ATM,13-06-2016,96,65,31,7880.61,6305.68,1574.93,MONDAY,NH,W,HWW
Christ College ATM,13-06-2016,144,73,71,9890.62,5496.61,4394.01,MONDAY,NH,W,HWW
Big Street ATM,14-06-2016,104,43,61,6499.38,4136.24,2363.14,TUESDAY,NH,W,WWW
Mount Road ATM,14-06-2016,5,4,1,417.2,268.2,149.0,TUESDAY,NH,W,WWW
Airport ATM,14-06-2016,51,40,11,4493.84,4158.59,335.25,TUESDAY,NH,W,WWW
KK Nagar ATM,14-06-2016,41,27,14,4130.28,3464.25,666.03,TUESDAY,NH,W,WWW
Christ College ATM,14-06-2016,136,74,62,10710.12,7011.94,3698.18,TUESDAY,NH,W,WWW
Big Street ATM,15-06-2016,131,39,92,7439.57,2929.34,4510.23,WEDNESDAY,NH,W,WWW
Mount Road ATM,15-06-2016,10,10,0,756.92,756.92,0.0,WEDNESDAY,NH,W,WWW
Airport ATM,15-06-2016,63,45,18,4124.32,3218.4,905.92,WEDNESDAY,NH,W,WWW
KK Nagar ATM,15-06-2016,47,35,12,4343.35,3443.39,899.96,WEDNESDAY,NH,W,WWW
Christ College ATM,15-06-2016,138,69,69,11079.64,6852.51,4227.13,WEDNESDAY,NH,W,WWW
Big Street ATM,16-06-2016,117,32,85,5754.38,2342.28,3412.1,THURSDAY,NH,W,WWW
Mount Road ATM,16-06-2016,20,17,3,2702.86,2270.76,432.1,THURSDAY,NH,W,WWW
Airport ATM,16-06-2016,71,54,17,5775.24,4757.57,1017.67,THURSDAY,NH,W,WWW
KK Nagar ATM,16-06-2016,89,65,24,8561.54,7250.34,1311.2,THURSDAY,NH,W,WWW
Christ College ATM,16-06-2016,175,80,95,12955.55,7385.93,5569.62,THURSDAY,NH,W,WWW
Big Street ATM,17-06-2016,114,24,90,5532.37,1574.93,3957.44,FRIDAY,NH,W,WWH
Mount Road ATM,17-06-2016,29,12,17,1393.15,551.3,841.85,FRIDAY,NH,W,WWH
Airport ATM,17-06-2016,58,44,14,3982.77,3739.9,242.87,FRIDAY,NH,W,WWH
KK Nagar ATM,17-06-2016,109,83,26,13336.99,11598.16,1738.83,FRIDAY,NH,W,WWH
Christ College ATM,17-06-2016,103,50,53,8022.16,5408.7,2613.46,FRIDAY,NH,W,WWH
Big Street ATM,18-06-2016,119,28,91,4662.21,1600.26,3061.95,SATURDAY,NH,H,WHH
Mount Road ATM,18-06-2016,6,3,3,1251.6,819.5,432.1,SATURDAY,NH,H,WHH
Airport ATM,18-06-2016,50,42,8,4723.3,4402.95,320.35,SATURDAY,NH,H,WHH
KK Nagar ATM,18-06-2016,132,104,28,10616.25,8770.14,1846.11,SATURDAY,NH,H,WHH
Christ College ATM,18-06-2016,149,81,68,11405.95,6493.42,4912.53,SATURDAY,NH,H,WHH
Big Street ATM,19-06-2016,127,26,101,5489.16,858.24,4630.92,SUNDAY,NH,H,HHW
Airport ATM,19-06-2016,52,45,7,4642.84,4388.05,254.79,SUNDAY,NH,H,HHW
KK Nagar ATM,19-06-2016,139,112,27,7707.77,5723.09,1984.68,SUNDAY,NH,H,HHW
Christ College ATM,19-06-2016,124,44,80,9170.95,4516.19,4654.76,SUNDAY,NH,H,HHW
Big Street ATM,20-06-2016,103,27,76,5147.95,2243.94,2904.01,MONDAY,NH,W,HWW
Airport ATM,20-06-2016,75,62,13,6812.28,6027.05,785.23,MONDAY,NH,W,HWW
KK Nagar ATM,20-06-2016,83,61,22,8652.43,7046.21,1606.22,MONDAY,NH,W,HWW
Christ College ATM,20-06-2016,137,77,60,11365.72,7190.74,4174.98,MONDAY,NH,W,HWW
Big Street ATM,21-06-2016,112,36,76,6234.16,2735.64,3498.52,TUESDAY,NH,W,WWW
Airport ATM,21-06-2016,43,32,11,2904.01,2531.51,372.5,TUESDAY,NH,W,WWW
KK Nagar ATM,21-06-2016,93,64,29,8583.89,6384.65,2199.24,TUESDAY,NH,W,WWW
Christ College ATM,21-06-2016,121,64,57,8415.52,5542.8,2872.72,TUESDAY,NH,W,WWW
Big Street ATM,22-06-2016,114,35,79,7011.94,3823.34,3188.6,WEDNESDAY,NH,W,WWW
Airport ATM,22-06-2016,22,12,10,1796.94,1056.41,740.53,WEDNESDAY,NH,W,WWW
KK Nagar ATM,22-06-2016,124,95,29,11215.23,9576.23,1639.0,WEDNESDAY,NH,W,WWW
Christ College ATM,22-06-2016,101,59,42,9015.99,6597.72,2418.27,WEDNESDAY,NH,W,WWW
Big Street ATM,23-06-2016,116,39,77,6556.0,3009.8,3546.2,THURSDAY,NH,W,WWW
Airport ATM,23-06-2016,46,33,13,2793.75,1859.52,934.23,THURSDAY,NH,W,WWW
KK Nagar ATM,23-06-2016,108,66,42,9254.39,6046.42,3207.97,THURSDAY,NH,W,WWW
Christ College ATM,23-06-2016,125,70,55,9130.72,6767.58,2363.14,THURSDAY,NH,W,WWW
Big Street ATM,24-06-2016,90,22,68,4513.21,1896.77,2616.44,FRIDAY,NH,W,WWH
Airport ATM,24-06-2016,45,37,8,3245.22,2802.69,442.53000000000003,FRIDAY,NH,W,WWH
KK Nagar ATM,24-06-2016,99,76,23,10196.07,8522.8,1673.27,FRIDAY,NH,W,WWH
Christ College ATM,24-06-2016,135,71,64,10155.84,6669.24,3486.6,FRIDAY,NH,W,WWH
Big Street ATM,25-06-2016,62,21,41,2845.9,1051.94,1793.96,SATURDAY,NH,H,WHH
Mount Road ATM,25-06-2016,22,13,9,1490.0,1095.15,394.85,SATURDAY,NH,H,WHH
Airport ATM,25-06-2016,51,39,12,3432.96,2808.65,624.31,SATURDAY,NH,H,WHH
KK Nagar ATM,25-06-2016,90,68,22,7953.62,6740.76,1212.86,SATURDAY,NH,H,WHH
Christ College ATM,25-06-2016,140,83,57,12848.27,10377.85,2470.42,SATURDAY,NH,H,WHH
Big Street ATM,26-06-2016,119,28,91,5727.56,1983.19,3744.37,SUNDAY,NH,H,HHW
Airport ATM,26-06-2016,51,36,15,2543.43,2020.44,522.99,SUNDAY,NH,H,HHW
KK Nagar ATM,26-06-2016,145,95,50,9175.42,5854.21,3321.21,SUNDAY,NH,H,HHW
Christ College ATM,26-06-2016,122,45,77,6663.28,2245.43,4417.85,SUNDAY,NH,H,HHW
Big Street ATM,27-06-2016,92,33,59,5282.05,2716.27,2565.78,MONDAY,NH,W,HWW
Airport ATM,27-06-2016,110,82,28,10260.14,8729.91,1530.23,MONDAY,NH,W,HWW
KK Nagar ATM,27-06-2016,25,16,9,1542.15,1038.53,503.62,MONDAY,NH,W,HWW
Christ College ATM,27-06-2016,125,67,58,9157.54,6597.72,2559.82,MONDAY,NH,W,HWW
Big Street ATM,28-06-2016,66,22,44,3847.18,2287.15,1560.03,TUESDAY,NH,W,WWW
Mount Road ATM,28-06-2016,15,6,9,640.7,223.5,417.2,TUESDAY,NH,W,WWW
Airport ATM,28-06-2016,23,18,5,2209.67,1962.33,247.34,TUESDAY,NH,W,WWW
KK Nagar ATM,28-06-2016,101,82,19,9932.34,8601.77,1330.57,TUESDAY,NH,W,WWW
Christ College ATM,28-06-2016,125,68,57,7739.06,5471.28,2267.78,TUESDAY,NH,W,WWW
Big Street ATM,29-06-2016,96,28,68,5934.67,2755.01,3179.66,WEDNESDAY,NH,W,WWW
Mount Road ATM,29-06-2016,1,1,0,37.25,37.25,0.0,WEDNESDAY,NH,W,WWW
Airport ATM,29-06-2016,36,29,7,3146.88,2413.8,733.08,WEDNESDAY,NH,W,WWW
KK Nagar ATM,29-06-2016,97,79,18,10064.95,9479.38,585.57,WEDNESDAY,NH,W,WWW
Christ College ATM,29-06-2016,129,49,80,9671.59,5158.38,4513.21,WEDNESDAY,NH,W,WWW
Big Street ATM,30-06-2016,27,11,16,1546.6200000000001,920.82,625.8,THURSDAY,NH,W,WWW
Airport ATM,30-06-2016,98,72,26,8363.37,6991.08,1372.29,THURSDAY,NH,W,WWW
KK Nagar ATM,30-06-2016,69,50,19,7292.06,5930.2,1361.86,THURSDAY,NH,W,WWW
Christ College ATM,30-06-2016,136,69,67,9668.61,5919.77,3748.84,THURSDAY,NH,W,WWW
Big Street ATM,1/7/2016,42,15,27,3058.97,1533.21,1525.76,FRIDAY,NH,W,WWH
Airport ATM,1/7/2016,44,36,8,5508.53,5024.28,484.25,FRIDAY,NH,W,WWH
KK Nagar ATM,1/7/2016,103,75,28,8983.21,7077.5,1905.71,FRIDAY,NH,W,WWH
Christ College ATM,1/7/2016,165,66,99,17215.46,7813.56,9401.9,FRIDAY,NH,W,WWH
Big Street ATM,2/7/2016,75,16,59,4247.99,1074.29,3173.7,SATURDAY,NH,H,WHH
Airport ATM,2/7/2016,23,19,4,2613.46,2209.67,403.79,SATURDAY,NH,H,WHH
KK Nagar ATM,2/7/2016,132,96,36,12688.84,10090.28,2598.56,SATURDAY,NH,H,WHH
Christ College ATM,2/7/2016,202,55,147,15747.81,5103.25,10644.56,SATURDAY,NH,H,WHH
Big Street ATM,3/7/2016,126,27,99,7570.69,2553.86,5016.83,SUNDAY,NH,H,HHW
Airport ATM,3/7/2016,38,28,10,3640.07,2813.12,826.95,SUNDAY,NH,H,HHW
KK Nagar ATM,3/7/2016,109,78,31,8861.03,7078.99,1782.04,SUNDAY,NH,H,HHW
Big Street ATM,4/7/2016,92,24,68,6837.61,2895.07,3942.54,MONDAY,NH,W,HWW
Mount Road ATM,4/7/2016,20,12,8,1199.45,1005.75,193.7,MONDAY,NH,W,HWW
Airport ATM,4/7/2016,57,43,14,5894.44,5010.87,883.57,MONDAY,NH,W,HWW
KK Nagar ATM,4/7/2016,105,74,31,9094.96,6213.3,2881.66,MONDAY,NH,W,HWW
Christ College ATM,4/7/2016,187,81,106,15016.22,7254.81,7761.41,MONDAY,NH,W,HWW
Big Street ATM,5/7/2016,60,20,40,2384.0,1038.53,1345.47,TUESDAY,NH,W,WWW
Mount Road ATM,5/7/2016,84,44,40,7911.9,5326.75,2585.15,TUESDAY,NH,W,WWW
Airport ATM,5/7/2016,38,25,13,2249.9,1470.63,779.27,TUESDAY,NH,W,WWW
KK Nagar ATM,5/7/2016,98,74,24,10041.11,8150.3,1890.81,TUESDAY,NH,W,WWW
Christ College ATM,5/7/2016,164,86,78,11410.42,6895.72,4514.7,TUESDAY,NH,W,WWW
Mount Road ATM,6/7/2016,13,9,4,782.25,707.75,74.5,WEDNESDAY,NH,W,WWH
Airport ATM,6/7/2016,51,38,13,4951.27,4121.34,829.93,WEDNESDAY,NH,W,WWH
KK Nagar ATM,6/7/2016,90,67,23,8847.62,7490.2300000000005,1357.39,WEDNESDAY,NH,W,WWH
Christ College ATM,6/7/2016,184,80,104,17993.24,9437.66,8555.58,WEDNESDAY,NH,W,WWH
Big Street ATM,7/7/2016,79,20,59,4312.06,1330.57,2981.4900000000002,THURSDAY,M,H,WHW
Mount Road ATM,7/7/2016,66,23,43,3754.8,1743.3,2011.5,THURSDAY,M,H,WHW
KK Nagar ATM,7/7/2016,164,126,38,17370.42,14767.39,2603.03,THURSDAY,M,H,WHW
Christ College ATM,7/7/2016,184,61,123,11364.23,4666.68,6697.55,THURSDAY,M,H,WHW
Big Street ATM,8/7/2016,49,18,31,3465.7400000000002,1749.26,1716.48,FRIDAY,NH,W,HWH
Mount Road ATM,8/7/2016,1,0,1,7.45,0.0,7.45,FRIDAY,NH,W,HWH
Airport ATM,8/7/2016,47,35,12,3578.98,2494.26,1084.72,FRIDAY,NH,W,HWH
KK Nagar ATM,8/7/2016,116,90,26,8667.33,7268.22,1399.11,FRIDAY,NH,W,HWH
Christ College ATM,8/7/2016,189,77,112,15837.210000000001,8162.22,7674.99,FRIDAY,NH,W,HWH
Big Street ATM,9/7/2016,138,36,102,5992.78,2106.86,3885.92,SATURDAY,NH,H,WHH
Airport ATM,9/7/2016,55,36,19,6679.67,5241.82,1437.85,SATURDAY,NH,H,WHH
KK Nagar ATM,9/7/2016,6,6,0,500.64,500.64,0.0,SATURDAY,NH,H,WHH
Christ College ATM,9/7/2016,121,61,60,11104.97,6664.77,4440.2,SATURDAY,NH,H,WHH
Big Street ATM,10/7/2016,142,33,109,7479.8,2318.44,5161.36,SUNDAY,NH,H,HHW
Airport ATM,10/7/2016,24,21,3,1607.71,1421.46,186.25,SUNDAY,NH,H,HHW
KK Nagar ATM,10/7/2016,146,117,29,10643.07,8756.73,1886.34,SUNDAY,NH,H,HHW
Big Street ATM,11/7/2016,117,32,85,7120.71,3368.89,3751.82,MONDAY,NH,W,HWW
Mount Road ATM,11/7/2016,12,7,5,1408.05,1020.65,387.4,MONDAY,NH,W,HWW
KK Nagar ATM,11/7/2016,53,36,17,4164.55,2954.67,1209.88,MONDAY,NH,W,HWW
Christ College ATM,11/7/2016,130,55,75,8296.32,4566.85,3729.47,MONDAY,NH,W,HWW
Big Street ATM,12/7/2016,127,47,80,9083.04,5089.84,3993.2,TUESDAY,NH,W,WWW
Mount Road ATM,12/7/2016,39,23,16,3955.95,2860.8,1095.15,TUESDAY,NH,W,WWW
KK Nagar ATM,12/7/2016,36,30,6,4085.58,3687.75,397.83,TUESDAY,NH,W,WWW
Christ College ATM,12/7/2016,120,75,45,8717.99,6766.09,1951.9,TUESDAY,NH,W,WWW
Big Street ATM,13-07-2016,78,17,61,4005.12,679.44,3325.68,WEDNESDAY,NH,W,WWW
Mount Road ATM,13-07-2016,1,1,0,7.45,7.45,0.0,WEDNESDAY,NH,W,WWW
KK Nagar ATM,13-07-2016,15,11,4,545.34,311.41,233.93,WEDNESDAY,NH,W,WWW
Christ College ATM,13-07-2016,227,90,137,15364.88,8034.08,7330.8,WEDNESDAY,NH,W,WWW
Big Street ATM,14-07-2016,134,58,76,7692.87,4967.66,2725.21,THURSDAY,NH,W,WWW
KK Nagar ATM,14-07-2016,2,2,0,219.03,219.03,0.0,THURSDAY,NH,W,WWW
Christ College ATM,14-07-2016,165,54,111,13745.25,5621.77,8123.4800000000005,THURSDAY,NH,W,WWW
Big Street ATM,15-07-2016,133,30,103,6338.46,2379.53,3958.93,FRIDAY,NH,W,WWH
KK Nagar ATM,15-07-2016,62,46,16,4358.25,3310.78,1047.47,FRIDAY,NH,W,WWH
Christ College ATM,15-07-2016,152,72,80,11677.13,6931.4800000000005,4745.65,FRIDAY,NH,W,WWH
Big Street ATM,16-07-2016,67,17,50,3602.82,882.08,2720.7400000000002,SATURDAY,NH,H,WHH
KK Nagar ATM,16-07-2016,48,25,23,3429.98,2086.0,1343.98,SATURDAY,NH,H,WHH
Christ College ATM,16-07-2016,132,65,67,11626.47,7108.79,4517.68,SATURDAY,NH,H,WHH
Big Street ATM,17-07-2016,8,3,5,487.23,70.03,417.2,SUNDAY,NH,H,HHW
Mount Road ATM,17-07-2016,38,15,23,1460.2,894.0,566.2,SUNDAY,NH,H,HHW
KK Nagar ATM,17-07-2016,6,5,1,314.39,306.94,7.45,SUNDAY,NH,H,HHW
Christ College ATM,17-07-2016,123,68,55,6469.58,4733.73,1735.85,SUNDAY,NH,H,HHW
Big Street ATM,18-07-2016,81,26,55,4699.46,1752.24,2947.22,MONDAY,NH,W,HWW
Mount Road ATM,18-07-2016,86,64,22,6263.96,5086.86,1177.1,MONDAY,NH,W,HWW
Airport ATM,18-07-2016,34,25,9,2373.57,2093.45,280.12,MONDAY,NH,W,HWW
KK Nagar ATM,18-07-2016,52,42,10,2884.64,2608.99,275.65,MONDAY,NH,W,HWW
Christ College ATM,18-07-2016,192,58,134,14514.09,6567.92,7946.17,MONDAY,NH,W,HWW
Big Street ATM,19-07-2016,90,27,63,4805.25,2406.35,2398.9,TUESDAY,NH,W,WWW
Mount Road ATM,19-07-2016,91,60,31,7180.31,5787.16,1393.15,TUESDAY,NH,W,WWW
Airport ATM,19-07-2016,74,61,13,6433.82,5672.43,761.39,TUESDAY,NH,W,WWW
KK Nagar ATM,19-07-2016,108,83,25,9381.04,7339.74,2041.3,TUESDAY,NH,W,WWW
Christ College ATM,19-07-2016,195,77,118,14321.88,7368.05,6953.83,TUESDAY,NH,W,WWW
Big Street ATM,20-07-2016,100,25,75,4884.22,2199.24,2684.98,WEDNESDAY,NH,W,WWW
Mount Road ATM,20-07-2016,91,59,32,6243.1,4879.75,1363.35,WEDNESDAY,NH,W,WWW
Airport ATM,20-07-2016,55,47,8,4599.63,4516.19,83.44,WEDNESDAY,NH,W,WWW
KK Nagar ATM,20-07-2016,86,69,17,6834.63,5919.77,914.86,WEDNESDAY,NH,W,WWW
Christ College ATM,20-07-2016,163,62,101,12200.12,6344.42,5855.7,WEDNESDAY,NH,W,WWW
Big Street ATM,21-07-2016,47,15,32,1691.15,964.03,727.12,THURSDAY,NH,W,WWW
Mount Road ATM,21-07-2016,19,5,14,677.95,96.85,581.1,THURSDAY,NH,W,WWW
Airport ATM,21-07-2016,7,6,1,293.53,189.23,104.3,THURSDAY,NH,W,WWW
KK Nagar ATM,21-07-2016,47,35,12,3301.84,2452.54,849.3,THURSDAY,NH,W,WWW
Christ College ATM,21-07-2016,168,74,94,8840.17,4560.89,4279.28,THURSDAY,NH,W,WWW
Big Street ATM,22-07-2016,68,20,48,3014.27,1330.57,1683.7,FRIDAY,NH,W,WWH
Mount Road ATM,22-07-2016,78,52,26,6557.49,5164.34,1393.15,FRIDAY,NH,W,WWH
Airport ATM,22-07-2016,54,41,13,4471.49,3796.52,674.97,FRIDAY,NH,W,WWH
KK Nagar ATM,22-07-2016,57,41,16,4103.46,3193.07,910.39,FRIDAY,NH,W,WWH
Christ College ATM,22-07-2016,138,76,62,9912.97,7466.39,2446.58,FRIDAY,NH,W,WWH
Big Street ATM,23-07-2016,24,9,15,622.82,308.43,314.39,SATURDAY,NH,H,WHH
Mount Road ATM,23-07-2016,115,59,56,6779.5,4343.35,2436.15,SATURDAY,NH,H,WHH
Airport ATM,23-07-2016,49,39,10,5635.18,5100.27,534.91,SATURDAY,NH,H,WHH
KK Nagar ATM,23-07-2016,98,59,39,7129.65,3502.9900000000002,3626.66,SATURDAY,NH,H,WHH
Christ College ATM,23-07-2016,147,75,72,10958.95,6725.86,4233.09,SATURDAY,NH,H,WHH
Mount Road ATM,24-07-2016,119,47,72,7047.7,4067.7,2980.0,SUNDAY,NH,H,HHW
Airport ATM,24-07-2016,25,17,8,1214.35,861.22,353.13,SUNDAY,NH,H,HHW
KK Nagar ATM,24-07-2016,36,27,9,2169.44,1460.2,709.24,SUNDAY,NH,H,HHW
Christ College ATM,24-07-2016,72,45,27,1466.16,803.11,663.05,SUNDAY,NH,H,HHW
Mount Road ATM,25-07-2016,156,107,49,13938.95,11867.85,2071.1,MONDAY,NH,W,HWW
Airport ATM,25-07-2016,49,37,12,5314.83,4855.91,458.92,MONDAY,NH,W,HWW
KK Nagar ATM,25-07-2016,64,50,14,5241.82,4452.12,789.7,MONDAY,NH,W,HWW
Christ College ATM,25-07-2016,128,48,80,7980.44,4793.33,3187.11,MONDAY,NH,W,HWW
Mount Road ATM,26-07-2016,106,55,51,7464.9,5229.9,2235.0,TUESDAY,NH,W,WWW
Airport ATM,26-07-2016,35,27,8,4034.92,3577.4900000000002,457.43,TUESDAY,NH,W,WWW
KK Nagar ATM,26-07-2016,41,30,11,4180.94,3288.43,892.51,TUESDAY,NH,W,WWW
Christ College ATM,26-07-2016,117,49,68,5369.96,2909.97,2459.99,TUESDAY,NH,W,WWW
Mount Road ATM,27-07-2016,35,20,15,3255.65,2443.6,812.05,WEDNESDAY,NH,W,WWW
Airport ATM,27-07-2016,72,52,20,5888.4800000000005,5144.97,743.51,WEDNESDAY,NH,W,WWW
KK Nagar ATM,27-07-2016,27,23,4,2308.01,2069.61,238.4,WEDNESDAY,NH,W,WWW
Christ College ATM,27-07-2016,138,64,74,9337.83,5012.36,4325.47,WEDNESDAY,NH,W,WWW
Mount Road ATM,28-07-2016,14,11,3,387.4,305.45,81.95,THURSDAY,NH,W,WWW
Airport ATM,28-07-2016,42,36,6,4599.63,4127.3,472.33,THURSDAY,NH,W,WWW
KK Nagar ATM,28-07-2016,32,25,7,3398.69,2731.17,667.52,THURSDAY,NH,W,WWW
Christ College ATM,28-07-2016,67,33,34,3938.07,2570.25,1367.82,THURSDAY,NH,W,WWW
Big Street ATM,29-07-2016,67,16,51,2936.79,989.36,1947.43,FRIDAY,NH,W,WWH
Mount Road ATM,29-07-2016,38,21,17,2309.5,1594.3,715.2,FRIDAY,NH,W,WWH
Airport ATM,29-07-2016,55,43,12,5019.81,4318.02,701.79,FRIDAY,NH,W,WWH
KK Nagar ATM,29-07-2016,50,41,9,4350.8,3973.83,376.97,FRIDAY,NH,W,WWH
Christ College ATM,29-07-2016,100,54,46,6855.49,4724.79,2130.7,FRIDAY,NH,W,WWH
Big Street ATM,30-07-2016,46,6,40,2869.7400000000002,534.91,2334.83,SATURDAY,NH,H,WHH
Mount Road ATM,30-07-2016,120,45,75,9506.2,4723.3,4782.9,SATURDAY,NH,H,WHH
Airport ATM,30-07-2016,39,27,12,3048.54,2200.73,847.8100000000001,SATURDAY,NH,H,WHH
Christ College ATM,30-07-2016,209,39,170,14812.09,3491.07,11321.02,SATURDAY,NH,H,WHH
Big Street ATM,31-07-2016,107,26,81,4869.32,1105.58,3763.7400000000002,SUNDAY,NH,H,HHW
Mount Road ATM,31-07-2016,157,47,110,8493.0,3918.7,4574.3,SUNDAY,NH,H,HHW
Christ College ATM,31-07-2016,109,41,68,5954.04,3307.8,2646.24,SUNDAY,NH,H,HHW
Big Street ATM,1/8/2016,119,36,83,6378.69,2547.9,3830.79,MONDAY,NH,W,HWW
Mount Road ATM,1/8/2016,38,18,20,2845.9,1765.65,1080.25,MONDAY,NH,W,HWW
Christ College ATM,1/8/2016,108,59,49,7138.59,3736.92,3401.67,MONDAY,NH,W,HWW
Big Street ATM,2/8/2016,147,29,118,8384.23,2519.59,5864.64,TUESDAY,NH,W,WWW
Mount Road ATM,2/8/2016,11,10,1,1318.65,1206.9,111.75,TUESDAY,NH,W,WWW
Christ College ATM,2/8/2016,101,39,62,6243.1,2600.05,3643.05,TUESDAY,NH,W,WWW
Big Street ATM,3/8/2016,106,34,72,6612.62,2316.95,4295.67,WEDNESDAY,NH,W,WWW
Mount Road ATM,3/8/2016,38,13,25,2056.2,1035.55,1020.65,WEDNESDAY,NH,W,WWW
KK Nagar ATM,3/8/2016,32,25,7,3233.3,2793.75,439.55,WEDNESDAY,NH,W,WWW
Christ College ATM,3/8/2016,201,103,98,17359.99,10684.79,6675.2,WEDNESDAY,NH,W,WWW
Big Street ATM,4/8/2016,63,17,46,3415.08,728.61,2686.47,THURSDAY,NH,W,WWW
Mount Road ATM,4/8/2016,87,21,66,5572.6,1467.65,4104.95,THURSDAY,NH,W,WWW
KK Nagar ATM,4/8/2016,38,30,8,3108.14,2747.56,360.58,THURSDAY,NH,W,WWW
Christ College ATM,4/8/2016,148,98,50,12982.37,9948.73,3033.64,THURSDAY,NH,W,WWW
Big Street ATM,5/8/2016,109,25,84,6992.57,2531.51,4461.06,FRIDAY,NH,W,WWH
Mount Road ATM,5/8/2016,62,25,37,4735.22,2798.22,1937.0,FRIDAY,NH,W,WWH
Airport ATM,5/8/2016,17,12,5,287.57,189.23,98.34,FRIDAY,NH,W,WWH
KK Nagar ATM,5/8/2016,39,26,13,2962.12,2328.87,633.25,FRIDAY,NH,W,WWH
Christ College ATM,5/8/2016,172,79,93,14815.07,8242.68,6572.39,FRIDAY,NH,W,WWH
Big Street ATM,6/8/2016,169,36,133,9048.77,2343.77,6705.0,SATURDAY,NH,H,WHH
Mount Road ATM,6/8/2016,134,37,97,7643.7,3002.35,4641.35,SATURDAY,NH,H,WHH
Airport ATM,6/8/2016,84,68,16,8606.24,7955.11,651.13,SATURDAY,NH,H,WHH
KK Nagar ATM,6/8/2016,53,34,19,4499.8,3248.2,1251.6,SATURDAY,NH,H,WHH
Christ College ATM,6/8/2016,262,96,166,19709.72,7655.62,12054.1,SATURDAY,NH,H,WHH
Big Street ATM,7/8/2016,145,28,117,6710.96,1323.12,5387.84,SUNDAY,NH,H,HHW
Mount Road ATM,7/8/2016,155,30,125,6734.8,2495.75,4239.05,SUNDAY,NH,H,HHW
Airport ATM,7/8/2016,19,14,5,2246.92,2008.52,238.4,SUNDAY,NH,H,HHW
KK Nagar ATM,7/8/2016,71,55,16,4553.44,3589.41,964.03,SUNDAY,NH,H,HHW
Big Street ATM,8/8/2016,125,31,94,7341.2300000000005,2480.85,4860.38,MONDAY,NH,W,HWW
Mount Road ATM,8/8/2016,47,15,32,3754.8,1728.4,2026.4,MONDAY,NH,W,HWW
Airport ATM,8/8/2016,29,21,8,2571.74,2033.85,537.89,MONDAY,NH,W,HWW
KK Nagar ATM,8/8/2016,44,38,6,2626.87,2233.51,393.36,MONDAY,NH,W,HWW
Christ College ATM,8/8/2016,55,33,22,4484.9,3424.02,1060.88,MONDAY,NH,W,HWW
Big Street ATM,9/8/2016,99,39,60,7722.67,3952.97,3769.7,TUESDAY,NH,W,WWW
Mount Road ATM,9/8/2016,96,58,38,8142.85,5982.35,2160.5,TUESDAY,NH,W,WWW
Airport ATM,9/8/2016,15,13,2,2102.39,1931.04,171.35,TUESDAY,NH,W,WWW
KK Nagar ATM,9/8/2016,57,47,10,3327.17,3044.07,283.1,TUESDAY,NH,W,WWW
Christ College ATM,9/8/2016,147,71,76,10129.02,5773.75,4355.27,TUESDAY,NH,W,WWW
Big Street ATM,10/8/2016,71,24,47,4464.04,2170.93,2293.11,WEDNESDAY,NH,W,WWW
Mount Road ATM,10/8/2016,75,37,38,6496.4,4045.35,2451.05,WEDNESDAY,NH,W,WWW
Airport ATM,10/8/2016,28,24,4,4191.37,3908.27,283.1,WEDNESDAY,NH,W,WWW
KK Nagar ATM,10/8/2016,105,68,37,10686.28,8273.97,2412.31,WEDNESDAY,NH,W,WWW
Christ College ATM,10/8/2016,151,79,72,10124.55,6742.25,3382.3,WEDNESDAY,NH,W,WWW
Big Street ATM,11/8/2016,69,24,45,4179.45,2132.19,2047.26,THURSDAY,NH,W,WWW
Mount Road ATM,11/8/2016,89,53,36,5378.9,3561.1,1817.8,THURSDAY,NH,W,WWW
KK Nagar ATM,11/8/2016,35,29,6,2816.1,2202.22,613.88,THURSDAY,NH,W,WWW
Christ College ATM,11/8/2016,165,87,78,13550.06,8475.12,5074.94,THURSDAY,NH,W,WWW
Big Street ATM,12/8/2016,98,34,64,6545.57,3291.41,3254.16,FRIDAY,NH,W,WWH
Mount Road ATM,12/8/2016,88,30,58,5453.4,2339.3,3114.1,FRIDAY,NH,W,WWH
KK Nagar ATM,12/8/2016,51,35,16,5451.91,4441.69,1010.22,FRIDAY,NH,W,WWH
Christ College ATM,12/8/2016,119,56,63,11280.79,7128.16,4152.63,FRIDAY,NH,W,WWH
Big Street ATM,13-08-2016,138,36,102,6459.15,1650.92,4808.23,SATURDAY,NH,H,WHH
Mount Road ATM,13-08-2016,99,37,62,6675.2,3859.1,2816.1,SATURDAY,NH,H,WHH
Airport ATM,13-08-2016,23,17,6,2419.76,2005.54,414.22,SATURDAY,NH,H,WHH
Christ College ATM,13-08-2016,175,74,101,13849.55,7995.34,5854.21,SATURDAY,NH,H,WHH
Big Street ATM,14-08-2016,133,37,96,6190.95,2467.44,3723.51,SUNDAY,NH,H,HHH
Mount Road ATM,14-08-2016,91,19,72,4864.85,1095.15,3769.7,SUNDAY,NH,H,HHH
Airport ATM,14-08-2016,51,36,15,3081.32,2439.13,642.19,SUNDAY,NH,H,HHH
KK Nagar ATM,14-08-2016,45,35,10,3833.77,2898.05,935.72,SUNDAY,NH,H,HHH
Christ College ATM,14-08-2016,110,49,61,5736.5,2471.91,3264.59,SUNDAY,NH,H,HHH
Big Street ATM,15-08-2016,150,25,125,5717.13,815.03,4902.1,MONDAY,N,H,HHW
Mount Road ATM,15-08-2016,2,2,0,52.15,52.15,0.0,MONDAY,N,H,HHW
Airport ATM,15-08-2016,38,26,12,2987.45,2340.79,646.66,MONDAY,N,H,HHW
KK Nagar ATM,15-08-2016,1,1,0,4.47,4.47,0.0,MONDAY,N,H,HHW
Christ College ATM,15-08-2016,115,42,73,6803.34,3136.45,3666.89,MONDAY,N,H,HHW
Big Street ATM,16-08-2016,126,33,93,7107.3,2421.25,4686.05,TUESDAY,NH,W,HWW
Mount Road ATM,16-08-2016,23,13,10,1631.55,1095.15,536.4,TUESDAY,NH,W,HWW
Airport ATM,16-08-2016,53,40,13,5785.67,4872.3,913.37,TUESDAY,NH,W,HWW
KK Nagar ATM,16-08-2016,50,39,11,4578.77,4020.02,558.75,TUESDAY,NH,W,HWW
Christ College ATM,16-08-2016,105,55,50,8093.68,5775.24,2318.44,TUESDAY,NH,W,HWW
Big Street ATM,17-08-2016,83,22,61,3452.33,1051.94,2400.39,WEDNESDAY,NH,W,WWW
Mount Road ATM,17-08-2016,14,11,3,1408.05,1355.9,52.15,WEDNESDAY,NH,W,WWW
Airport ATM,17-08-2016,92,70,22,7479.8,5945.1,1534.7,WEDNESDAY,NH,W,WWW
KK Nagar ATM,17-08-2016,14,10,4,1341.0,1217.33,123.67,WEDNESDAY,NH,W,WWW
Christ College ATM,17-08-2016,87,51,36,7882.1,5714.15,2167.95,WEDNESDAY,NH,W,WWW
Big Street ATM,18-08-2016,151,36,115,9495.77,3088.77,6407.0,THURSDAY,NH,W,WWW
Mount Road ATM,18-08-2016,24,15,9,1765.65,1288.85,476.8,THURSDAY,NH,W,WWW
Airport ATM,18-08-2016,55,43,12,6347.4,5684.35,663.05,THURSDAY,NH,W,WWW
Christ College ATM,18-08-2016,62,29,33,3868.04,2342.28,1525.76,THURSDAY,NH,W,WWW
Big Street ATM,19-08-2016,131,37,94,6733.31,2170.93,4562.38,FRIDAY,NH,W,WWH
Mount Road ATM,19-08-2016,19,8,11,640.7,275.65,365.05,FRIDAY,NH,W,WWH
Airport ATM,19-08-2016,40,35,5,3952.97,3848.67,104.3,FRIDAY,NH,W,WWH
Christ College ATM,19-08-2016,129,65,64,11905.1,7405.3,4499.8,FRIDAY,NH,W,WWH
Big Street ATM,20-08-2016,129,35,94,6663.28,3142.41,3520.87,SATURDAY,NH,H,WHH
Mount Road ATM,20-08-2016,11,11,0,826.95,826.95,0.0,SATURDAY,NH,H,WHH
Airport ATM,20-08-2016,53,43,10,5916.79,5122.62,794.17,SATURDAY,NH,H,WHH
Christ College ATM,20-08-2016,164,76,88,12562.19,8226.29,4335.9,SATURDAY,NH,H,WHH
Big Street ATM,21-08-2016,99,27,72,5852.72,2480.85,3371.87,SUNDAY,NH,H,HHW
Mount Road ATM,21-08-2016,34,18,16,1896.77,1568.97,327.8,SUNDAY,NH,H,HHW
Christ College ATM,21-08-2016,115,53,62,7064.09,3859.1,3204.9900000000002,SUNDAY,NH,H,HHW
Big Street ATM,22-08-2016,59,11,48,2650.71,907.41,1743.3,MONDAY,NH,W,HWW
Mount Road ATM,22-08-2016,21,11,10,1832.7,1437.85,394.85,MONDAY,NH,W,HWW
Airport ATM,22-08-2016,1,1,0,7.45,7.45,0.0,MONDAY,NH,W,HWW
Christ College ATM,22-08-2016,126,41,85,8162.22,3260.12,4902.1,MONDAY,NH,W,HWW
Big Street ATM,23-08-2016,107,29,78,6228.2,1604.73,4623.47,TUESDAY,NH,W,WWW
Mount Road ATM,23-08-2016,55,19,36,4067.7,2547.9,1519.8,TUESDAY,NH,W,WWW
Airport ATM,23-08-2016,74,55,19,5128.58,4209.25,919.33,TUESDAY,NH,W,WWW
Christ College ATM,23-08-2016,139,56,83,8247.15,4547.48,3699.67,TUESDAY,NH,W,WWW
Big Street ATM,24-08-2016,122,37,85,6263.96,2251.39,4012.57,WEDNESDAY,NH,W,WWH
Mount Road ATM,24-08-2016,71,42,29,5185.2,3397.2,1788.0,WEDNESDAY,NH,W,WWH
Airport ATM,24-08-2016,71,59,12,6706.49,6125.39,581.1,WEDNESDAY,NH,W,WWH
Christ College ATM,24-08-2016,114,57,57,9001.09,5889.97,3111.12,WEDNESDAY,NH,W,WWH
Big Street ATM,25-08-2016,135,37,98,5609.85,1896.77,3713.08,THURSDAY,H,H,WHW
Mount Road ATM,25-08-2016,151,73,78,10646.05,7159.45,3486.6,THURSDAY,H,H,WHW
Airport ATM,25-08-2016,25,22,3,3075.36,2968.08,107.28,THURSDAY,H,H,WHW
Christ College ATM,25-08-2016,130,63,67,9760.99,5930.2,3830.79,THURSDAY,H,H,WHW
Big Street ATM,26-08-2016,116,40,76,6077.71,2980.0,3097.71,FRIDAY,NH,W,HWH
Mount Road ATM,26-08-2016,15,11,4,1527.25,1192.0,335.25,FRIDAY,NH,W,HWH
Airport ATM,26-08-2016,61,49,12,5889.97,5225.43,664.54,FRIDAY,NH,W,HWH
KK Nagar ATM,26-08-2016,1,1,0,1.49,1.49,0.0,FRIDAY,NH,W,HWH
Christ College ATM,26-08-2016,123,46,77,8455.75,4693.5,3762.25,FRIDAY,NH,W,HWH
Big Street ATM,27-08-2016,125,31,94,5884.01,2310.99,3573.02,SATURDAY,NH,H,WHH
Airport ATM,27-08-2016,97,73,24,8208.41,6806.32,1402.09,SATURDAY,NH,H,WHH
KK Nagar ATM,27-08-2016,23,10,13,1071.31,455.94,615.37,SATURDAY,NH,H,WHH
Christ College ATM,27-08-2016,112,55,57,8266.52,5624.75,2641.77,SATURDAY,NH,H,WHH
Big Street ATM,28-08-2016,135,31,104,5253.74,1579.4,3674.34,SUNDAY,NH,H,HHW
Mount Road ATM,28-08-2016,118,14,104,4365.7,1117.5,3248.2,SUNDAY,NH,H,HHW
Airport ATM,28-08-2016,81,57,24,4879.75,3531.3,1348.45,SUNDAY,NH,H,HHW
KK Nagar ATM,28-08-2016,1,1,0,163.9,163.9,0.0,SUNDAY,NH,H,HHW
Christ College ATM,28-08-2016,93,31,62,4285.24,2267.78,2017.46,SUNDAY,NH,H,HHW
Big Street ATM,29-08-2016,141,36,105,6336.97,1899.75,4437.22,MONDAY,NH,W,HWW
Mount Road ATM,29-08-2016,14,6,8,894.0,149.0,745.0,MONDAY,NH,W,HWW
Airport ATM,29-08-2016,6,4,2,426.14,417.2,8.94,MONDAY,NH,W,HWW
KK Nagar ATM,29-08-2016,52,40,12,4452.12,3607.29,844.83,MONDAY,NH,W,HWW
Christ College ATM,29-08-2016,147,66,81,8169.67,3979.79,4189.88,MONDAY,NH,W,HWW
Big Street ATM,30-08-2016,136,37,99,7095.38,2969.57,4125.81,TUESDAY,NH,W,WWW
Mount Road ATM,30-08-2016,20,13,7,1366.33,1209.88,156.45,TUESDAY,NH,W,WWW
KK Nagar ATM,30-08-2016,35,31,4,1956.3700000000001,1762.67,193.7,TUESDAY,NH,W,WWW
Christ College ATM,30-08-2016,111,67,44,8367.84,6277.37,2090.47,TUESDAY,NH,W,WWW
Big Street ATM,31-08-2016,143,41,102,8265.03,3351.01,4914.02,WEDNESDAY,NH,W,WWW
Mount Road ATM,31-08-2016,75,38,37,6697.55,3896.35,2801.2,WEDNESDAY,NH,W,WWW
KK Nagar ATM,31-08-2016,53,39,14,5274.6,3948.5,1326.1,WEDNESDAY,NH,W,WWW
Christ College ATM,31-08-2016,148,73,75,13012.17,8694.15,4318.02,WEDNESDAY,NH,W,WWW
Big Street ATM,1/9/2016,165,41,124,10808.46,4329.94,6478.52,THURSDAY,NH,W,WWW
Mount Road ATM,1/9/2016,81,35,46,5438.5,3337.6,2100.9,THURSDAY,NH,W,WWW
Airport ATM,1/9/2016,50,28,22,4030.45,2731.17,1299.28,THURSDAY,NH,W,WWW
KK Nagar ATM,1/9/2016,2,2,0,10.43,10.43,0.0,THURSDAY,NH,W,WWW
Christ College ATM,1/9/2016,211,91,120,19855.74,9592.62,10263.12,THURSDAY,NH,W,WWW
Big Street ATM,2/9/2016,150,56,94,9591.13,4750.12,4841.01,FRIDAY,NH,W,WWH
Mount Road ATM,2/9/2016,24,14,10,1914.65,1430.4,484.25,FRIDAY,NH,W,WWH
Airport ATM,2/9/2016,31,22,9,3599.84,2659.65,940.19,FRIDAY,NH,W,WWH
KK Nagar ATM,2/9/2016,20,14,6,2333.34,1819.29,514.05,FRIDAY,NH,W,WWH
Christ College ATM,2/9/2016,230,82,148,15992.17,5989.8,10002.37,FRIDAY,NH,W,WWH
Big Street ATM,3/9/2016,120,30,90,7481.29,3039.6,4441.69,SATURDAY,NH,H,WHH
Mount Road ATM,3/9/2016,7,4,3,253.3,104.3,149.0,SATURDAY,NH,H,WHH
KK Nagar ATM,3/9/2016,70,57,13,5019.81,4148.16,871.65,SATURDAY,NH,H,WHH
Christ College ATM,3/9/2016,225,71,154,16325.93,5508.53,10817.4,SATURDAY,NH,H,WHH
Big Street ATM,4/9/2016,175,34,141,9246.94,1916.14,7330.8,SUNDAY,NH,H,HHH
Mount Road ATM,4/9/2016,89,39,50,5587.5,2920.4,2667.1,SUNDAY,NH,H,HHH
KK Nagar ATM,4/9/2016,33,27,6,3304.82,3000.86,303.96,SUNDAY,NH,H,HHH
Christ College ATM,4/9/2016,163,77,86,11605.61,7238.42,4367.19,SUNDAY,NH,H,HHH
Big Street ATM,5/9/2016,160,33,127,7631.78,2088.98,5542.8,MONDAY,H,H,HHW
Mount Road ATM,5/9/2016,54,30,24,3292.9,1698.6,1594.3,MONDAY,H,H,HHW
KK Nagar ATM,5/9/2016,15,8,7,689.87,488.72,201.15,MONDAY,H,H,HHW
Christ College ATM,5/9/2016,188,78,110,16771.44,9035.36,7736.08,MONDAY,H,H,HHW
Big Street ATM,6/9/2016,147,42,105,9531.53,4107.93,5423.6,TUESDAY,NH,W,HWW
Mount Road ATM,6/9/2016,39,17,22,2294.6,1765.65,528.95,TUESDAY,NH,W,HWW
KK Nagar ATM,6/9/2016,31,22,9,3273.53,2507.67,765.86,TUESDAY,NH,W,HWW
Christ College ATM,6/9/2016,182,68,114,15200.98,6295.25,8905.73,TUESDAY,NH,W,HWW
Big Street ATM,7/9/2016,98,27,71,4566.85,1357.39,3209.46,WEDNESDAY,NH,W,WWW
Mount Road ATM,7/9/2016,88,70,18,9015.99,7838.89,1177.1,WEDNESDAY,NH,W,WWW
Airport ATM,7/9/2016,5,4,1,32.78,25.330000000000002,7.45,WEDNESDAY,NH,W,WWW
Christ College ATM,7/9/2016,133,71,62,12182.24,6989.59,5192.65,WEDNESDAY,NH,W,WWW
Big Street ATM,8/9/2016,153,48,105,9822.08,5374.43,4447.65,THURSDAY,NH,W,WWW
Mount Road ATM,8/9/2016,80,45,35,5475.75,3307.8,2167.95,THURSDAY,NH,W,WWW
Airport ATM,8/9/2016,28,21,7,1980.21,1601.75,378.46,THURSDAY,NH,W,WWW
Christ College ATM,8/9/2016,162,77,85,13110.51,7785.25,5325.26,THURSDAY,NH,W,WWW
Big Street ATM,9/9/2016,83,21,62,4875.28,1555.56,3319.72,FRIDAY,NH,W,WWH
Mount Road ATM,9/9/2016,79,41,38,5334.2,3799.5,1534.7,FRIDAY,NH,W,WWH
Airport ATM,9/9/2016,1,1,0,44.7,44.7,0.0,FRIDAY,NH,W,WWH
KK Nagar ATM,9/9/2016,1,1,0,11.92,11.92,0.0,FRIDAY,NH,W,WWH
Christ College ATM,9/9/2016,154,91,63,12945.12,9702.88,3242.2400000000002,FRIDAY,NH,W,WWH
Big Street ATM,10/9/2016,35,14,21,2163.48,1266.5,896.98,SATURDAY,NH,H,WHH
Mount Road ATM,10/9/2016,24,15,9,1759.69,1439.34,320.35,SATURDAY,NH,H,WHH
Christ College ATM,10/9/2016,195,80,115,15065.39,7795.68,7269.71,SATURDAY,NH,H,WHH
Big Street ATM,11/9/2016,152,32,120,7299.51,1555.56,5743.95,SUNDAY,NH,H,HHW
Mount Road ATM,11/9/2016,25,25,0,1422.95,1422.95,0.0,SUNDAY,NH,H,HHW
Christ College ATM,11/9/2016,117,58,59,7508.11,4027.47,3480.64,SUNDAY,NH,H,HHW
Big Street ATM,12/9/2016,137,36,101,8518.33,3042.58,5475.75,MONDAY,NH,W,HWH
Mount Road ATM,12/9/2016,55,50,5,6322.07,6001.72,320.35,MONDAY,NH,W,HWH
KK Nagar ATM,12/9/2016,10,5,5,397.83,114.73,283.1,MONDAY,NH,W,HWH
Christ College ATM,12/9/2016,172,79,93,14731.63,8843.15,5888.4800000000005,MONDAY,NH,W,HWH
Big Street ATM,13-09-2016,112,30,82,5700.74,2755.01,2945.73,TUESDAY,M,H,WHW
Mount Road ATM,13-09-2016,45,27,18,3114.1,2242.45,871.65,TUESDAY,M,H,WHW
KK Nagar ATM,13-09-2016,94,68,26,6058.34,4583.24,1475.1,TUESDAY,M,H,WHW
Christ College ATM,13-09-2016,144,74,70,12112.210000000001,7138.59,4973.62,TUESDAY,M,H,WHW
Big Street ATM,14-09-2016,106,31,75,7257.79,3170.72,4087.07,WEDNESDAY,NH,W,HWW
Mount Road ATM,14-09-2016,31,26,5,3076.85,2682.0,394.85,WEDNESDAY,NH,W,HWW
Airport ATM,14-09-2016,1,1,0,59.6,59.6,0.0,WEDNESDAY,NH,W,HWW
KK Nagar ATM,14-09-2016,110,86,24,10267.59,8236.72,2030.8700000000001,WEDNESDAY,NH,W,HWW
Christ College ATM,14-09-2016,169,86,83,11359.76,6487.46,4872.3,WEDNESDAY,NH,W,HWW
Big Street ATM,15-09-2016,105,38,67,6056.85,3272.04,2784.81,THURSDAY,NH,W,WWW
Mount Road ATM,15-09-2016,75,48,27,6347.4,5006.4,1341.0,THURSDAY,NH,W,WWW
KK Nagar ATM,15-09-2016,22,15,7,1704.56,1126.44,578.12,THURSDAY,NH,W,WWW
Christ College ATM,15-09-2016,134,66,68,10878.49,6193.93,4684.56,THURSDAY,NH,W,WWW
Big Street ATM,16-09-2016,53,17,36,2990.43,896.98,2093.45,FRIDAY,NH,W,WWH
Mount Road ATM,16-09-2016,4,2,2,253.3,216.05,37.25,FRIDAY,NH,W,WWH
Airport ATM,16-09-2016,10,8,2,379.95,327.8,52.15,FRIDAY,NH,W,WWH
KK Nagar ATM,16-09-2016,37,29,8,2033.85,1817.8,216.05,FRIDAY,NH,W,WWH
Christ College ATM,16-09-2016,94,52,42,6146.25,3851.65,2294.6,FRIDAY,NH,W,WWH
Big Street ATM,17-09-2016,87,17,70,4051.31,1305.24,2746.07,SATURDAY,NH,H,WHH
Mount Road ATM,17-09-2016,11,4,7,439.55,379.95,59.6,SATURDAY,NH,H,WHH
Airport ATM,17-09-2016,62,48,14,4112.4,3480.64,631.76,SATURDAY,NH,H,WHH
KK Nagar ATM,17-09-2016,80,50,30,7023.86,4700.95,2322.91,SATURDAY,NH,H,WHH
Christ College ATM,17-09-2016,152,82,70,14919.37,10252.69,4666.68,SATURDAY,NH,H,WHH
Big Street ATM,18-09-2016,133,29,104,5651.57,1202.43,4449.14,SUNDAY,NH,H,HHW
Mount Road ATM,18-09-2016,100,39,61,7084.95,4186.9,2898.05,SUNDAY,NH,H,HHW
Airport ATM,18-09-2016,21,18,3,2056.2,1892.3,163.9,SUNDAY,NH,H,HHW
KK Nagar ATM,18-09-2016,77,59,18,5763.32,4921.47,841.85,SUNDAY,NH,H,HHW
Christ College ATM,18-09-2016,128,55,73,8291.85,3936.58,4355.27,SUNDAY,NH,H,HHW
Big Street ATM,19-09-2016,87,25,62,3872.51,1156.24,2716.27,MONDAY,NH,W,HWW
Mount Road ATM,19-09-2016,69,43,26,4279.28,2573.23,1706.05,MONDAY,NH,W,HWW
Airport ATM,19-09-2016,37,28,9,3058.97,2465.95,593.02,MONDAY,NH,W,HWW
KK Nagar ATM,19-09-2016,76,63,13,7676.4800000000005,7226.5,449.98,MONDAY,NH,W,HWW
Christ College ATM,19-09-2016,129,64,65,10538.77,6602.19,3936.58,MONDAY,NH,W,HWW
Big Street ATM,20-09-2016,108,35,73,5685.84,2285.66,3400.18,TUESDAY,NH,W,WWW
Mount Road ATM,20-09-2016,44,30,14,3330.15,3069.4,260.75,TUESDAY,NH,W,WWW
Airport ATM,20-09-2016,121,95,26,12533.88,11364.23,1169.65,TUESDAY,NH,W,WWW
KK Nagar ATM,20-09-2016,41,32,9,2549.39,2297.58,251.81,TUESDAY,NH,W,WWW
Christ College ATM,20-09-2016,138,77,61,12107.74,8686.7,3421.04,TUESDAY,NH,W,WWW
Big Street ATM,21-09-2016,124,32,92,6785.46,1889.32,4896.14,WEDNESDAY,NH,W,WWW
Mount Road ATM,21-09-2016,22,16,6,1899.75,1273.95,625.8,WEDNESDAY,NH,W,WWW
Airport ATM,21-09-2016,83,70,13,7323.35,6608.15,715.2,WEDNESDAY,NH,W,WWW
KK Nagar ATM,21-09-2016,75,61,14,4985.54,3987.2400000000002,998.3,WEDNESDAY,NH,W,WWW
Christ College ATM,21-09-2016,147,74,73,10982.79,6977.67,4005.12,WEDNESDAY,NH,W,WWW
Big Street ATM,22-09-2016,115,32,83,6597.72,3161.78,3435.94,THURSDAY,NH,W,WWW
Mount Road ATM,22-09-2016,34,23,11,2041.3,1668.8,372.5,THURSDAY,NH,W,WWW
Airport ATM,22-09-2016,83,70,13,6368.26,5982.35,385.91,THURSDAY,NH,W,WWW
KK Nagar ATM,22-09-2016,69,49,20,5474.26,3975.32,1498.94,THURSDAY,NH,W,WWW
Christ College ATM,22-09-2016,109,54,55,6903.17,4636.88,2266.29,THURSDAY,NH,W,WWW
Big Street ATM,23-09-2016,109,32,77,5060.04,3123.04,1937.0,FRIDAY,NH,W,WWH
Mount Road ATM,23-09-2016,3,3,0,89.4,89.4,0.0,FRIDAY,NH,W,WWH
Airport ATM,23-09-2016,81,62,19,7642.21,6243.1,1399.11,FRIDAY,NH,W,WWH
KK Nagar ATM,23-09-2016,58,40,18,4945.31,3166.25,1779.06,FRIDAY,NH,W,WWH
Christ College ATM,23-09-2016,130,84,46,10424.04,8330.59,2093.45,FRIDAY,NH,W,WWH
Big Street ATM,24-09-2016,129,35,94,6003.21,2406.35,3596.86,SATURDAY,NH,H,WHH
Airport ATM,24-09-2016,70,48,22,6541.1,5654.55,886.55,SATURDAY,NH,H,WHH
KK Nagar ATM,24-09-2016,64,40,24,5596.44,4538.54,1057.9,SATURDAY,NH,H,WHH
Christ College ATM,24-09-2016,129,76,53,11365.72,8485.55,2880.17,SATURDAY,NH,H,WHH
Big Street ATM,25-09-2016,130,27,103,4063.23,1399.11,2664.12,SUNDAY,NH,H,HHW
Airport ATM,25-09-2016,32,20,12,1935.51,1415.5,520.01,SUNDAY,NH,H,HHW
KK Nagar ATM,25-09-2016,58,40,18,6101.55,5192.65,908.9,SUNDAY,NH,H,HHW
Christ College ATM,25-09-2016,123,55,68,6983.63,5067.49,1916.14,SUNDAY,NH,H,HHW
Big Street ATM,26-09-2016,136,44,92,7706.28,4513.21,3193.07,MONDAY,NH,W,HWW
Mount Road ATM,26-09-2016,58,27,31,4551.95,2741.6,1810.35,MONDAY,NH,W,HWW
Airport ATM,26-09-2016,90,60,30,8032.59,5821.43,2211.16,MONDAY,NH,W,HWW
KK Nagar ATM,26-09-2016,85,62,23,8434.89,7405.3,1029.59,MONDAY,NH,W,HWW
Christ College ATM,26-09-2016,172,75,97,11902.12,5772.26,6129.86,MONDAY,NH,W,HWW
Big Street ATM,27-09-2016,115,33,82,6056.85,3134.96,2921.89,TUESDAY,NH,W,WWW
Mount Road ATM,27-09-2016,35,21,14,1534.7,871.65,663.05,TUESDAY,NH,W,WWW
Airport ATM,27-09-2016,100,75,25,8156.26,6633.4800000000005,1522.78,TUESDAY,NH,W,WWW
KK Nagar ATM,27-09-2016,82,62,20,5816.96,5052.59,764.37,TUESDAY,NH,W,WWW
Christ College ATM,27-09-2016,171,74,97,13062.83,7752.47,5310.36,TUESDAY,NH,W,WWW
Big Street ATM,28-09-2016,139,51,88,8449.79,5225.43,3224.36,WEDNESDAY,NH,W,WWW
Mount Road ATM,28-09-2016,72,42,30,4708.4,3456.8,1251.6,WEDNESDAY,NH,W,WWW
Airport ATM,28-09-2016,109,84,25,9616.46,8685.21,931.25,WEDNESDAY,NH,W,WWW
KK Nagar ATM,28-09-2016,153,124,29,13472.58,10602.84,2869.7400000000002,WEDNESDAY,NH,W,WWW
Christ College ATM,28-09-2016,139,76,63,9559.84,6722.88,2836.96,WEDNESDAY,NH,W,WWW
Big Street ATM,29-09-2016,110,23,87,4839.52,1460.2,3379.32,THURSDAY,NH,W,WWW
Mount Road ATM,29-09-2016,65,36,29,4306.1,3218.4,1087.7,THURSDAY,NH,W,WWW
Airport ATM,29-09-2016,14,13,1,1431.89,1282.89,149.0,THURSDAY,NH,W,WWW
KK Nagar ATM,29-09-2016,84,65,19,7673.5,6885.29,788.21,THURSDAY,NH,W,WWW
Christ College ATM,29-09-2016,149,78,71,9668.61,5642.63,4025.98,THURSDAY,NH,W,WWW
Big Street ATM,30-09-2016,88,21,67,5513.0,2291.62,3221.38,FRIDAY,NH,W,WWH
Mount Road ATM,30-09-2016,56,24,32,3635.6,2086.0,1549.6,FRIDAY,NH,W,WWH
Airport ATM,30-09-2016,56,40,16,4215.21,3520.87,694.34,FRIDAY,NH,W,WWH
KK Nagar ATM,30-09-2016,85,68,17,6477.03,5554.72,922.3100000000001,FRIDAY,NH,W,WWH
Christ College ATM,30-09-2016,177,85,92,14478.33,8704.58,5773.75,FRIDAY,NH,W,WWH
Big Street ATM,1/10/2016,105,23,82,5676.9,1914.65,3762.25,SATURDAY,NH,H,WHH
Mount Road ATM,1/10/2016,112,50,62,9670.1,6049.4,3620.7,SATURDAY,NH,H,WHH
Airport ATM,1/10/2016,95,71,24,5578.56,4718.83,859.73,SATURDAY,NH,H,WHH
KK Nagar ATM,1/10/2016,126,79,47,10170.74,6512.79,3657.95,SATURDAY,NH,H,WHH
Christ College ATM,1/10/2016,202,70,132,17988.77,8358.9,9629.87,SATURDAY,NH,H,WHH
Mount Road ATM,2/10/2016,113,28,85,6317.6,3359.95,2957.65,SUNDAY,N,H,HHW
Airport ATM,2/10/2016,47,31,16,3911.25,3002.35,908.9,SUNDAY,N,H,HHW
KK Nagar ATM,2/10/2016,96,81,15,7920.84,6684.14,1236.7,SUNDAY,N,H,HHW
Christ College ATM,2/10/2016,220,56,164,13059.85,4048.33,9011.52,SUNDAY,N,H,HHW
Big Street ATM,3/10/2016,96,25,71,6544.08,2717.76,3826.32,MONDAY,NH,W,HWW
Mount Road ATM,3/10/2016,87,40,47,7800.15,4753.1,3047.05,MONDAY,NH,W,HWW
Airport ATM,3/10/2016,61,43,18,4699.46,3130.4900000000002,1568.97,MONDAY,NH,W,HWW
KK Nagar ATM,3/10/2016,80,57,23,9337.83,7698.83,1639.0,MONDAY,NH,W,HWW
Christ College ATM,3/10/2016,82,46,36,6624.54,4782.9,1841.64,MONDAY,NH,W,HWW
Big Street ATM,4/10/2016,102,16,86,4709.89,992.34,3717.55,TUESDAY,NH,W,WWW
Mount Road ATM,4/10/2016,39,18,21,3129.0,1892.3,1236.7,TUESDAY,NH,W,WWW
Airport ATM,4/10/2016,77,58,19,7083.46,5943.61,1139.85,TUESDAY,NH,W,WWW
KK Nagar ATM,4/10/2016,84,66,18,8202.45,6684.14,1518.31,TUESDAY,NH,W,WWW
Christ College ATM,4/10/2016,140,72,68,9525.57,5201.59,4323.98,TUESDAY,NH,W,WWW
Big Street ATM,5/10/2016,132,39,93,7861.24,3309.29,4551.95,WEDNESDAY,NH,W,WWW
Mount Road ATM,5/10/2016,77,47,30,7934.25,6138.8,1795.45,WEDNESDAY,NH,W,WWW
KK Nagar ATM,5/10/2016,73,61,12,7506.62,6354.85,1151.77,WEDNESDAY,NH,W,WWW
Christ College ATM,5/10/2016,17,10,7,1352.92,914.86,438.06,WEDNESDAY,NH,W,WWW
Big Street ATM,6/10/2016,137,39,98,9433.19,4446.16,4987.03,THURSDAY,NH,W,WWW
Mount Road ATM,6/10/2016,45,40,5,5004.91,4714.36,290.55,THURSDAY,NH,W,WWW
Airport ATM,6/10/2016,67,42,25,6921.05,5133.05,1788.0,THURSDAY,NH,W,WWW
KK Nagar ATM,6/10/2016,111,92,19,13627.54,12207.57,1419.97,THURSDAY,NH,W,WWW
Christ College ATM,6/10/2016,178,87,91,14861.26,9707.35,5153.91,THURSDAY,NH,W,WWW
Big Street ATM,7/10/2016,95,27,68,2829.51,995.32,1834.19,FRIDAY,NH,W,WWH
Mount Road ATM,7/10/2016,114,62,52,11708.42,7253.32,4455.1,FRIDAY,NH,W,WWH
Airport ATM,7/10/2016,85,57,28,8278.44,5393.8,2884.64,FRIDAY,NH,W,WWH
KK Nagar ATM,7/10/2016,112,90,22,11452.14,9701.39,1750.75,FRIDAY,NH,W,WWH
Christ College ATM,7/10/2016,208,97,111,16880.21,9878.7,7001.51,FRIDAY,NH,W,WWH
Big Street ATM,8/10/2016,60,14,46,2406.35,689.87,1716.48,SATURDAY,NH,H,WHH
Mount Road ATM,8/10/2016,68,25,43,4492.35,2838.45,1653.9,SATURDAY,NH,H,WHH
Airport ATM,8/10/2016,98,80,18,7895.51,7119.22,776.29,SATURDAY,NH,H,WHH
KK Nagar ATM,8/10/2016,110,66,44,11076.66,6894.2300000000005,4182.43,SATURDAY,NH,H,WHH
Christ College ATM,8/10/2016,149,90,59,11645.84,7889.55,3756.29,SATURDAY,NH,H,WHH
Big Street ATM,9/10/2016,107,16,91,5022.79,1171.14,3851.65,SUNDAY,NH,H,HHH
Mount Road ATM,9/10/2016,105,27,78,4961.7,1683.7,3278.0,SUNDAY,NH,H,HHH
Airport ATM,9/10/2016,69,50,19,4537.05,3723.51,813.54,SUNDAY,NH,H,HHH
KK Nagar ATM,9/10/2016,15,11,4,1560.03,1308.22,251.81,SUNDAY,NH,H,HHH
Christ College ATM,9/10/2016,67,29,38,4543.01,2233.51,2309.5,SUNDAY,NH,H,HHH
Big Street ATM,10/10/2016,86,26,60,2957.65,1338.02,1619.63,MONDAY,H,H,HHH
Mount Road ATM,10/10/2016,134,65,69,7792.7,4820.15,2972.55,MONDAY,H,H,HHH
Airport ATM,10/10/2016,43,34,9,4605.59,4011.08,594.51,MONDAY,H,H,HHH
KK Nagar ATM,10/10/2016,169,106,63,12413.19,7935.74,4477.45,MONDAY,H,H,HHH
Christ College ATM,10/10/2016,82,34,48,5043.65,1884.85,3158.8,MONDAY,H,H,HHH
Big Street ATM,11/10/2016,36,9,27,724.14,263.73,460.41,TUESDAY,H,H,HHH
Mount Road ATM,11/10/2016,81,44,37,6548.55,4410.4,2138.15,TUESDAY,H,H,HHH
KK Nagar ATM,11/10/2016,259,171,88,21515.6,14797.19,6718.41,TUESDAY,H,H,HHH
Mount Road ATM,12/10/2016,20,20,0,789.7,789.7,0.0,WEDNESDAY,M,H,HHW
Airport ATM,12/10/2016,4,4,0,149.0,149.0,0.0,WEDNESDAY,M,H,HHW
KK Nagar ATM,12/10/2016,149,84,65,10407.65,6152.21,4255.44,WEDNESDAY,M,H,HHW
Big Street ATM,13-10-2016,137,38,99,8644.98,4003.63,4641.35,THURSDAY,NH,W,HWW
Mount Road ATM,13-10-2016,32,32,0,2613.46,2613.46,0.0,THURSDAY,NH,W,HWW
Airport ATM,13-10-2016,43,37,6,4610.06,4207.76,402.3,THURSDAY,NH,W,HWW
KK Nagar ATM,13-10-2016,107,61,46,6572.39,3757.78,2814.61,THURSDAY,NH,W,HWW
Christ College ATM,13-10-2016,170,72,98,13432.35,7335.27,6097.08,THURSDAY,NH,W,HWW
Big Street ATM,14-10-2016,86,32,54,4861.87,2826.53,2035.34,FRIDAY,NH,W,WWH
Mount Road ATM,14-10-2016,76,39,37,5982.35,4052.8,1929.55,FRIDAY,NH,W,WWH
Airport ATM,14-10-2016,48,40,8,4431.26,4103.46,327.8,FRIDAY,NH,W,WWH
KK Nagar ATM,14-10-2016,79,48,31,6103.04,4328.45,1774.59,FRIDAY,NH,W,WWH
Christ College ATM,14-10-2016,170,76,94,12232.9,6986.61,5246.29,FRIDAY,NH,W,WWH
Big Street ATM,15-10-2016,132,34,98,6070.26,2080.04,3990.22,SATURDAY,NH,H,WHH
Mount Road ATM,15-10-2016,6,2,4,350.15,59.6,290.55,SATURDAY,NH,H,WHH
Airport ATM,15-10-2016,63,47,16,4440.2,3814.4,625.8,SATURDAY,NH,H,WHH
KK Nagar ATM,15-10-2016,98,62,36,7278.65,4870.81,2407.84,SATURDAY,NH,H,WHH
Christ College ATM,15-10-2016,158,77,81,14135.63,9258.86,4876.77,SATURDAY,NH,H,WHH
Big Street ATM,16-10-2016,86,13,73,2345.26,356.11,1989.15,SUNDAY,NH,H,HHW
Mount Road ATM,16-10-2016,34,16,18,2130.7,1832.7,298.0,SUNDAY,NH,H,HHW
Airport ATM,16-10-2016,79,63,16,5764.81,5162.85,601.96,SUNDAY,NH,H,HHW
KK Nagar ATM,16-10-2016,103,64,39,8668.82,5916.79,2752.03,SUNDAY,NH,H,HHW
Christ College ATM,16-10-2016,124,59,65,6518.75,4253.95,2264.8,SUNDAY,NH,H,HHW
Big Street ATM,17-10-2016,93,36,57,3876.98,2293.11,1583.8700000000001,MONDAY,NH,W,HWW
Mount Road ATM,17-10-2016,30,18,12,3106.65,2369.1,737.55,MONDAY,NH,W,HWW
Airport ATM,17-10-2016,54,42,12,4364.21,3476.17,888.04,MONDAY,NH,W,HWW
KK Nagar ATM,17-10-2016,112,78,34,11560.91,8504.92,3055.9900000000002,MONDAY,NH,W,HWW
Christ College ATM,17-10-2016,194,99,95,17169.27,11498.33,5670.94,MONDAY,NH,W,HWW
Big Street ATM,18-10-2016,54,20,34,1615.16,715.2,899.96,TUESDAY,NH,W,WWW
Airport ATM,18-10-2016,96,79,17,8418.5,7777.8,640.7,TUESDAY,NH,W,WWW
KK Nagar ATM,18-10-2016,113,87,26,10711.61,8588.36,2123.25,TUESDAY,NH,W,WWW
Christ College ATM,18-10-2016,150,69,81,11340.39,6423.39,4917.0,TUESDAY,NH,W,WWW
Big Street ATM,19-10-2016,102,24,78,6085.16,2957.65,3127.51,WEDNESDAY,NH,W,WWW
Mount Road ATM,19-10-2016,67,38,29,7010.45,5811.0,1199.45,WEDNESDAY,NH,W,WWW
Airport ATM,19-10-2016,64,52,12,6146.25,5599.42,546.83,WEDNESDAY,NH,W,WWW
KK Nagar ATM,19-10-2016,104,71,33,9400.41,7514.07,1886.34,WEDNESDAY,NH,W,WWW
Christ College ATM,19-10-2016,251,65,186,17620.74,5301.42,12319.32,WEDNESDAY,NH,W,WWW
Big Street ATM,20-10-2016,119,35,84,7701.81,3988.73,3713.08,THURSDAY,NH,W,WWW
Mount Road ATM,20-10-2016,57,33,24,3978.3,3099.2,879.1,THURSDAY,NH,W,WWW
Airport ATM,20-10-2016,103,75,28,9232.04,7962.56,1269.48,THURSDAY,NH,W,WWW
KK Nagar ATM,20-10-2016,95,66,29,8192.02,5900.4,2291.62,THURSDAY,NH,W,WWW
Christ College ATM,20-10-2016,136,66,70,11464.06,6903.17,4560.89,THURSDAY,NH,W,WWW
Big Street ATM,21-10-2016,77,24,53,5249.27,2020.44,3228.83,FRIDAY,NH,W,WWH
Mount Road ATM,21-10-2016,10,6,4,1668.8,1303.75,365.05,FRIDAY,NH,W,WWH
Airport ATM,21-10-2016,83,69,14,9923.4,9387.0,536.4,FRIDAY,NH,W,WWH
KK Nagar ATM,21-10-2016,54,40,14,3574.51,2774.38,800.13,FRIDAY,NH,W,WWH
Christ College ATM,21-10-2016,94,48,46,6889.76,4660.72,2229.04,FRIDAY,NH,W,WWH
Big Street ATM,22-10-2016,130,26,104,7084.95,1586.85,5498.1,SATURDAY,NH,H,WHH
Mount Road ATM,22-10-2016,12,7,5,566.2,469.35,96.85,SATURDAY,NH,H,WHH
Airport ATM,22-10-2016,15,12,3,1855.05,1548.11,306.94,SATURDAY,NH,H,WHH
KK Nagar ATM,22-10-2016,72,46,26,6851.02,4389.54,2461.48,SATURDAY,NH,H,WHH
Christ College ATM,22-10-2016,152,65,87,12244.82,6968.7300000000005,5276.09,SATURDAY,NH,H,WHH
Big Street ATM,23-10-2016,96,27,69,5107.72,2065.14,3042.58,SUNDAY,NH,H,HHW
Mount Road ATM,23-10-2016,63,31,32,3143.9,2227.55,916.35,SUNDAY,NH,H,HHW
Airport ATM,23-10-2016,63,42,21,5703.72,5223.94,479.78000000000003,SUNDAY,NH,H,HHW
KK Nagar ATM,23-10-2016,175,104,71,10093.26,6035.99,4057.27,SUNDAY,NH,H,HHW
Christ College ATM,23-10-2016,156,53,103,9689.47,4143.69,5545.78,SUNDAY,NH,H,HHW
Big Street ATM,24-10-2016,76,19,57,3781.62,1184.55,2597.07,MONDAY,NH,W,HWW
Mount Road ATM,24-10-2016,74,43,31,5304.4,3561.1,1743.3,MONDAY,NH,W,HWW
Airport ATM,24-10-2016,88,65,23,7432.12,6120.92,1311.2,MONDAY,NH,W,HWW
KK Nagar ATM,24-10-2016,150,101,49,10882.960000000001,7518.54,3364.42,MONDAY,NH,W,HWW
Christ College ATM,24-10-2016,176,97,79,16781.87,11261.42,5520.45,MONDAY,NH,W,HWW
Big Street ATM,25-10-2016,107,34,73,6109.0,3143.9,2965.1,TUESDAY,NH,W,WWW
Mount Road ATM,25-10-2016,47,28,19,2588.13,1917.63,670.5,TUESDAY,NH,W,WWW
Airport ATM,25-10-2016,96,77,19,7524.5,6596.2300000000005,928.27,TUESDAY,NH,W,WWW
KK Nagar ATM,25-10-2016,104,80,24,8455.75,7149.02,1306.73,TUESDAY,NH,W,WWW
Christ College ATM,25-10-2016,163,88,75,12647.12,7983.42,4663.7,TUESDAY,NH,W,WWW
Big Street ATM,26-10-2016,119,42,77,9053.24,4872.3,4180.94,WEDNESDAY,NH,W,WWW
Mount Road ATM,26-10-2016,54,37,17,5650.08,4636.88,1013.2,WEDNESDAY,NH,W,WWW
Airport ATM,26-10-2016,40,33,7,3204.9900000000002,3045.56,159.43,WEDNESDAY,NH,W,WWW
KK Nagar ATM,26-10-2016,110,73,37,9296.11,7603.47,1692.64,WEDNESDAY,NH,W,WWW
Christ College ATM,26-10-2016,198,96,102,14017.92,9202.24,4815.68,WEDNESDAY,NH,W,WWW
Big Street ATM,27-10-2016,129,40,89,6992.57,3507.46,3485.11,THURSDAY,NH,W,WWW
Mount Road ATM,27-10-2016,45,43,2,4282.26,4230.11,52.15,THURSDAY,NH,W,WWW
Airport ATM,27-10-2016,63,45,18,4602.61,3730.96,871.65,THURSDAY,NH,W,WWW
KK Nagar ATM,27-10-2016,193,131,62,18407.46,14679.48,3727.98,THURSDAY,NH,W,WWW
Christ College ATM,27-10-2016,234,111,123,19237.39,11559.42,7677.97,THURSDAY,NH,W,WWW
Big Street ATM,28-10-2016,24,7,17,2434.66,1281.4,1153.26,FRIDAY,NH,W,WWH
Mount Road ATM,28-10-2016,5,5,0,700.3,700.3,0.0,FRIDAY,NH,W,WWH
Airport ATM,28-10-2016,28,24,4,1500.43,1390.17,110.26,FRIDAY,NH,W,WWH
KK Nagar ATM,28-10-2016,198,132,66,12226.94,8220.33,4006.61,FRIDAY,NH,W,WWH
Christ College ATM,28-10-2016,163,69,94,10854.65,5863.15,4991.5,FRIDAY,NH,W,WWH
Big Street ATM,29-10-2016,72,12,60,3681.79,1135.38,2546.41,SATURDAY,H,H,WHH
KK Nagar ATM,29-10-2016,109,61,48,5584.52,2571.74,3012.78,SATURDAY,H,H,WHH
Christ College ATM,29-10-2016,78,35,43,4408.91,2632.83,1776.08,SATURDAY,H,H,WHH
Big Street ATM,30-10-2016,103,13,90,4715.85,885.0600000000001,3830.79,SUNDAY,NH,H,HHW
Mount Road ATM,30-10-2016,9,9,0,356.11,356.11,0.0,SUNDAY,NH,H,HHW
Airport ATM,30-10-2016,40,30,10,2723.72,2322.91,400.81,SUNDAY,NH,H,HHW
KK Nagar ATM,30-10-2016,53,33,20,4142.2,2775.87,1366.33,SUNDAY,NH,H,HHW
Christ College ATM,30-10-2016,69,34,35,3774.17,2117.29,1656.88,SUNDAY,NH,H,HHW
Big Street ATM,31-10-2016,1,1,0,14.9,14.9,0.0,MONDAY,NH,W,HWW
Mount Road ATM,31-10-2016,43,31,12,3443.39,2504.69,938.7,MONDAY,NH,W,HWW
KK Nagar ATM,31-10-2016,82,59,23,8189.04,6226.71,1962.33,MONDAY,NH,W,HWW
Christ College ATM,31-10-2016,196,79,117,15229.29,7630.29,7599.0,MONDAY,NH,W,HWW
Mount Road ATM,1/11/2016,37,35,2,3942.54,3786.09,156.45,TUESDAY,NH,W,WWW
KK Nagar ATM,1/11/2016,64,36,28,5849.74,3681.79,2167.95,TUESDAY,NH,W,WWW
Christ College ATM,1/11/2016,141,59,82,10385.3,5469.79,4915.51,TUESDAY,NH,W,WWW
Big Street ATM,2/11/2016,75,24,51,5332.71,2343.77,2988.94,WEDNESDAY,NH,W,WWW
Mount Road ATM,2/11/2016,34,28,6,2874.21,2434.66,439.55,WEDNESDAY,NH,W,WWW
KK Nagar ATM,2/11/2016,34,19,15,2541.94,1457.22,1084.72,WEDNESDAY,NH,W,WWW
Christ College ATM,2/11/2016,154,60,94,12045.16,4826.11,7219.05,WEDNESDAY,NH,W,WWW
Big Street ATM,3/11/2016,126,36,90,9635.83,3811.42,5824.41,THURSDAY,NH,W,WWW
Mount Road ATM,3/11/2016,15,13,2,861.22,794.17,67.05,THURSDAY,NH,W,WWW
KK Nagar ATM,3/11/2016,89,49,40,6509.81,3727.98,2781.83,THURSDAY,NH,W,WWW
Christ College ATM,3/11/2016,54,25,29,4614.53,2424.23,2190.3,THURSDAY,NH,W,WWW
Big Street ATM,4/11/2016,100,23,77,5915.3,2655.18,3260.12,FRIDAY,NH,W,WWH
Mount Road ATM,4/11/2016,36,32,4,2401.88,2342.28,59.6,FRIDAY,NH,W,WWH
KK Nagar ATM,4/11/2016,97,59,38,8758.22,6086.65,2671.57,FRIDAY,NH,W,WWH
Christ College ATM,4/11/2016,1,0,1,29.8,0.0,29.8,FRIDAY,NH,W,WWH
Big Street ATM,5/11/2016,141,37,104,9749.07,4647.31,5101.76,SATURDAY,NH,H,WHH
Mount Road ATM,5/11/2016,40,39,1,3599.84,3525.34,74.5,SATURDAY,NH,H,WHH
KK Nagar ATM,5/11/2016,107,65,42,7859.75,5116.66,2743.09,SATURDAY,NH,H,WHH
Christ College ATM,5/11/2016,154,61,93,11337.41,4821.64,6515.77,SATURDAY,NH,H,WHH
Big Street ATM,6/11/2016,156,34,122,8594.32,2904.01,5690.31,SUNDAY,NH,H,HHW
Mount Road ATM,6/11/2016,21,20,1,1001.28,971.48,29.8,SUNDAY,NH,H,HHW
KK Nagar ATM,6/11/2016,48,35,13,2723.72,1902.73,820.99,SUNDAY,NH,H,HHW
Christ College ATM,6/11/2016,138,57,81,7971.5,3866.55,4104.95,SUNDAY,NH,H,HHW
Big Street ATM,7/11/2016,113,25,88,5676.9,2069.61,3607.29,MONDAY,NH,W,HWW
Mount Road ATM,7/11/2016,40,30,10,3319.72,2448.07,871.65,MONDAY,NH,W,HWW
Airport ATM,7/11/2016,14,8,6,770.33,293.53,476.8,MONDAY,NH,W,HWW
KK Nagar ATM,7/11/2016,85,58,27,6046.42,4690.52,1355.9,MONDAY,NH,W,HWW
Christ College ATM,7/11/2016,107,46,61,8130.93,4675.62,3455.31,MONDAY,NH,W,HWW
Big Street ATM,8/11/2016,109,49,60,4982.56,1872.93,3109.63,TUESDAY,NH,W,WWW
Mount Road ATM,8/11/2016,51,51,0,2686.47,2686.47,0.0,TUESDAY,NH,W,WWW
Airport ATM,8/11/2016,10,8,2,1151.77,928.27,223.5,TUESDAY,NH,W,WWW
KK Nagar ATM,8/11/2016,40,20,20,3611.76,2127.72,1484.04,TUESDAY,NH,W,WWW
Christ College ATM,8/11/2016,233,121,112,14399.36,9534.51,4864.85,TUESDAY,NH,W,WWW
Big Street ATM,11/11/2016,4,4,0,119.2,119.2,0.0,FRIDAY,NH,W,WWH
KK Nagar ATM,11/11/2016,2,1,1,22.35,14.9,7.45,FRIDAY,NH,W,WWH
Big Street ATM,12/11/2016,18,3,15,433.59,61.09,372.5,SATURDAY,NH,H,WHH
KK Nagar ATM,12/11/2016,1,0,1,7.45,0.0,7.45,SATURDAY,NH,H,WHH
Big Street ATM,13-11-2016,145,16,129,4030.45,408.26,3622.19,SUNDAY,NH,H,HHW
Christ College ATM,13-11-2016,1,0,1,104.3,0.0,104.3,SUNDAY,NH,H,HHW
Big Street ATM,14-11-2016,1,1,0,2.98,2.98,0.0,MONDAY,NH,W,HWW
KK Nagar ATM,14-11-2016,1,1,0,1.49,1.49,0.0,MONDAY,NH,W,HWW
Big Street ATM,15-11-2016,76,25,51,2248.41,782.25,1466.16,TUESDAY,NH,W,WWW
Big Street ATM,16-11-2016,10,10,0,277.14,277.14,0.0,WEDNESDAY,NH,W,WWW
Big Street ATM,17-11-2016,4,2,2,134.1,74.5,59.6,THURSDAY,NH,W,WWW
Airport ATM,17-11-2016,3,3,0,19.37,19.37,0.0,THURSDAY,NH,W,WWW
KK Nagar ATM,17-11-2016,1,0,1,29.8,0.0,29.8,THURSDAY,NH,W,WWW
Big Street ATM,18-11-2016,5,4,1,149.0,111.75,37.25,FRIDAY,NH,W,WWH
Airport ATM,18-11-2016,6,2,4,67.05,22.35,44.7,FRIDAY,NH,W,WWH
KK Nagar ATM,18-11-2016,7,7,0,56.62,56.62,0.0,FRIDAY,NH,W,WWH
Big Street ATM,19-11-2016,17,13,4,618.35,469.35,149.0,SATURDAY,NH,H,WHH
Mount Road ATM,19-11-2016,3,3,0,74.5,74.5,0.0,SATURDAY,NH,H,WHH
Airport ATM,19-11-2016,1,1,0,1.49,1.49,0.0,SATURDAY,NH,H,WHH
KK Nagar ATM,19-11-2016,13,8,5,239.89000000000001,156.45,83.44,SATURDAY,NH,H,WHH
Big Street ATM,20-11-2016,15,10,5,335.25,235.42,99.83,SUNDAY,NH,H,HHW
Mount Road ATM,20-11-2016,5,5,0,71.52,71.52,0.0,SUNDAY,NH,H,HHW
KK Nagar ATM,20-11-2016,17,9,8,204.13,159.43,44.7,SUNDAY,NH,H,HHW
Airport ATM,21-11-2016,4,3,1,26.82,19.37,7.45,MONDAY,NH,W,HWW
KK Nagar ATM,21-11-2016,14,10,4,143.04,125.16,17.88,MONDAY,NH,W,HWW
Big Street ATM,22-11-2016,2,2,0,31.29,31.29,0.0,TUESDAY,NH,W,WWW
Mount Road ATM,22-11-2016,1,1,0,14.9,14.9,0.0,TUESDAY,NH,W,WWW
Airport ATM,22-11-2016,4,0,4,25.330000000000002,0.0,25.330000000000002,TUESDAY,NH,W,WWW
Christ College ATM,22-11-2016,19,5,14,447.0,107.28,339.72,TUESDAY,NH,W,WWW
Big Street ATM,23-11-2016,5,4,1,98.34,96.85,1.49,WEDNESDAY,NH,W,WWW
Mount Road ATM,23-11-2016,2,2,0,22.35,22.35,0.0,WEDNESDAY,NH,W,WWW
Airport ATM,23-11-2016,3,3,0,14.9,14.9,0.0,WEDNESDAY,NH,W,WWW
KK Nagar ATM,23-11-2016,16,10,6,172.84,105.79,67.05,WEDNESDAY,NH,W,WWW
Big Street ATM,24-11-2016,8,5,3,207.11,149.0,58.11,THURSDAY,NH,W,WWW
Mount Road ATM,24-11-2016,13,13,0,111.75,111.75,0.0,THURSDAY,NH,W,WWW
Airport ATM,24-11-2016,1,0,1,2.98,0.0,2.98,THURSDAY,NH,W,WWW
KK Nagar ATM,24-11-2016,24,10,14,216.05,117.71,98.34,THURSDAY,NH,W,WWW
Big Street ATM,25-11-2016,19,6,13,441.04,163.9,277.14,FRIDAY,NH,W,WWH
Mount Road ATM,25-11-2016,19,19,0,373.99,373.99,0.0,FRIDAY,NH,W,WWH
Airport ATM,25-11-2016,8,3,5,125.16,50.660000000000004,74.5,FRIDAY,NH,W,WWH
KK Nagar ATM,25-11-2016,30,15,15,342.7,183.27,159.43,FRIDAY,NH,W,WWH
Mount Road ATM,26-11-2016,5,5,0,59.6,59.6,0.0,SATURDAY,NH,H,WHH
Airport ATM,26-11-2016,4,1,3,31.29,5.96,25.330000000000002,SATURDAY,NH,H,WHH
KK Nagar ATM,26-11-2016,43,11,32,514.05,113.24,400.81,SATURDAY,NH,H,WHH
Airport ATM,27-11-2016,5,3,2,37.25,23.84,13.41,SUNDAY,NH,H,HHW
KK Nagar ATM,27-11-2016,49,18,31,452.96,149.0,303.96,SUNDAY,NH,H,HHW
Big Street ATM,28-11-2016,4,1,3,52.15,7.45,44.7,MONDAY,NH,W,HWW
Mount Road ATM,28-11-2016,9,9,0,184.76,184.76,0.0,MONDAY,NH,W,HWW
Airport ATM,28-11-2016,3,3,0,46.19,46.19,0.0,MONDAY,NH,W,HWW
KK Nagar ATM,28-11-2016,38,25,13,351.64,178.8,172.84,MONDAY,NH,W,HWW
Christ College ATM,28-11-2016,1,1,0,1.49,1.49,0.0,MONDAY,NH,W,HWW
Mount Road ATM,29-11-2016,3,3,0,35.76,35.76,0.0,TUESDAY,NH,W,WWW
Airport ATM,29-11-2016,1,1,0,2.98,2.98,0.0,TUESDAY,NH,W,WWW
KK Nagar ATM,29-11-2016,23,15,8,292.04,224.99,67.05,TUESDAY,NH,W,WWW
Christ College ATM,29-11-2016,20,14,6,457.43,342.7,114.73,TUESDAY,NH,W,WWW
Big Street ATM,30-11-2016,22,5,17,472.33,141.55,330.78,WEDNESDAY,NH,W,WWW
Mount Road ATM,30-11-2016,13,13,0,245.85,245.85,0.0,WEDNESDAY,NH,W,WWW
KK Nagar ATM,30-11-2016,35,19,16,467.86,266.71,201.15,WEDNESDAY,NH,W,WWW
Christ College ATM,30-11-2016,9,3,6,122.18,5.96,116.22,WEDNESDAY,NH,W,WWW
Big Street ATM,1/12/2016,23,6,17,546.83,59.6,487.23,THURSDAY,NH,W,WWW
Mount Road ATM,1/12/2016,1,1,0,1.49,1.49,0.0,THURSDAY,NH,W,WWW
Airport ATM,1/12/2016,6,4,2,96.85,59.6,37.25,THURSDAY,NH,W,WWW
KK Nagar ATM,1/12/2016,41,22,19,522.99,245.85,277.14,THURSDAY,NH,W,WWW
Christ College ATM,1/12/2016,1,1,0,22.35,22.35,0.0,THURSDAY,NH,W,WWW
Airport ATM,7/12/2016,8,5,3,140.06,95.36,44.7,WEDNESDAY,NH,W,WWW
KK Nagar ATM,7/12/2016,13,10,3,83.44,73.01,10.43,WEDNESDAY,NH,W,WWW
Christ College ATM,7/12/2016,3,1,2,38.74,29.8,8.94,WEDNESDAY,NH,W,WWW
Airport ATM,8/12/2016,12,3,9,357.6,74.5,283.1,THURSDAY,NH,W,WWW
KK Nagar ATM,8/12/2016,7,3,4,132.61,96.85,35.76,THURSDAY,NH,W,WWW
KK Nagar ATM,28-12-2016,20,10,10,308.43,156.45,151.98,WEDNESDAY,NH,W,WWW
KK Nagar ATM,29-12-2016,25,10,15,587.06,227.97,359.09,THURSDAY,NH,W,WWW
KK Nagar ATM,30-12-2016,17,11,6,318.86,204.13,114.73,FRIDAY,NH,W,WWH
KK Nagar ATM,31-12-2016,29,19,10,555.77,384.42,171.35,SATURDAY,NH,H,WHH
KK Nagar ATM,1/1/2017,1,0,1,7.7,0.0,7.7,SUNDAY,C,H,HHW
KK Nagar ATM,2/1/2017,26,10,16,652.96,294.14,358.82,MONDAY,NH,W,HWW
KK Nagar ATM,3/1/2017,20,12,8,542.08,197.12,344.96000000000004,TUESDAY,NH,W,WWW
KK Nagar ATM,4/1/2017,34,17,17,1199.66,714.5600000000001,485.1,WEDNESDAY,NH,W,WWW
KK Nagar ATM,5/1/2017,69,40,29,2337.7200000000003,1365.98,971.74,THURSDAY,NH,W,WWW
KK Nagar ATM,6/1/2017,19,12,7,338.8,260.26,78.54,FRIDAY,NH,W,WWH
KK Nagar ATM,7/1/2017,52,31,21,1709.4,1116.5,592.9,SATURDAY,NH,H,WHH
KK Nagar ATM,8/1/2017,45,32,13,1239.7,800.8000000000001,438.90000000000003,SUNDAY,NH,H,HHW
Airport ATM,9/1/2017,1,1,0,40.04,40.04,0.0,MONDAY,NH,W,HWW
KK Nagar ATM,9/1/2017,11,8,3,534.38,418.88,115.5,MONDAY,NH,W,HWW
KK Nagar ATM,10/1/2017,21,9,12,619.08,132.44,486.64000000000004,TUESDAY,NH,W,WWW
Airport ATM,11/1/2017,99,44,55,3717.56,1729.42,1988.14,WEDNESDAY,NH,W,WWW
KK Nagar ATM,11/1/2017,40,25,15,1148.8400000000001,757.6800000000001,391.16,WEDNESDAY,NH,W,WWW
Airport ATM,12/1/2017,43,21,22,2072.84,948.64,1124.2,THURSDAY,NH,W,WWW
KK Nagar ATM,12/1/2017,124,51,73,4869.4800000000005,2103.64,2765.84,THURSDAY,NH,W,WWW
Airport ATM,13-01-2017,48,14,34,1561.56,338.8,1222.76,FRIDAY,NH,W,WWW
KK Nagar ATM,13-01-2017,58,39,19,1892.66,1321.32,571.34,FRIDAY,NH,W,WWW
Airport ATM,14-01-2017,46,17,29,1609.3,523.6,1085.7,SATURDAY,H,H,WHH
KK Nagar ATM,14-01-2017,20,4,16,508.2,56.980000000000004,451.22,SATURDAY,H,H,WHH
Airport ATM,15-01-2017,10,2,8,462.0,61.6,400.40000000000003,SUNDAY,H,H,HHH
KK Nagar ATM,15-01-2017,4,4,0,73.92,73.92,0.0,SUNDAY,H,H,HHH
Airport ATM,16-01-2017,25,15,10,1141.14,800.8000000000001,340.34000000000003,MONDAY,H,H,HHW
KK Nagar ATM,16-01-2017,56,26,30,1812.5800000000002,1065.68,746.9,MONDAY,H,H,HHW
Big Street ATM,17-01-2017,1,1,0,7.7,7.7,0.0,TUESDAY,NH,W,HWW
Airport ATM,17-01-2017,86,27,59,5399.24,1855.7,3543.54,TUESDAY,NH,W,HWW
KK Nagar ATM,17-01-2017,16,8,8,945.5600000000001,620.62,324.94,TUESDAY,NH,W,HWW
Big Street ATM,18-01-2017,3,1,2,73.92,61.6,12.32,WEDNESDAY,NH,W,WWW
Airport ATM,18-01-2017,96,25,71,5440.820000000001,1074.92,4365.900000000001,WEDNESDAY,NH,W,WWW
KK Nagar ATM,18-01-2017,59,32,27,3549.7000000000003,1547.7,2002.0,WEDNESDAY,NH,W,WWW
Big Street ATM,19-01-2017,7,2,5,180.18,80.08,100.10000000000001,THURSDAY,NH,W,WWW
Airport ATM,19-01-2017,26,12,14,1159.6200000000001,632.94,526.6800000000001,THURSDAY,NH,W,WWW
KK Nagar ATM,19-01-2017,30,20,10,716.1,505.12,210.98000000000002,THURSDAY,NH,W,WWW
Big Street ATM,20-01-2017,47,8,39,1811.04,277.2,1533.8400000000001,FRIDAY,NH,W,WWH
Mount Road ATM,20-01-2017,6,2,4,93.94,46.2,47.74,FRIDAY,NH,W,WWH
Airport ATM,20-01-2017,56,30,26,4567.64,2970.6600000000003,1596.98,FRIDAY,NH,W,WWH
KK Nagar ATM,20-01-2017,70,50,20,2930.62,2351.58,579.04,FRIDAY,NH,W,WWH
Christ College ATM,20-01-2017,2,0,2,92.4,0.0,92.4,FRIDAY,NH,W,WWH
Big Street ATM,21-01-2017,48,10,38,1914.22,543.62,1370.6000000000001,SATURDAY,NH,H,WHH
Mount Road ATM,21-01-2017,103,26,77,5405.400000000001,1424.5,3980.9,SATURDAY,NH,H,WHH
Airport ATM,21-01-2017,15,11,4,1074.92,720.72,354.2,SATURDAY,NH,H,WHH
KK Nagar ATM,21-01-2017,5,5,0,492.8,492.8,0.0,SATURDAY,NH,H,WHH
Christ College ATM,21-01-2017,124,22,102,7258.02,1382.92,5875.1,SATURDAY,NH,H,WHH
Big Street ATM,22-01-2017,57,14,43,1849.54,372.68,1476.8600000000001,SUNDAY,NH,H,HHW
Airport ATM,22-01-2017,7,7,0,77.0,77.0,0.0,SUNDAY,NH,H,HHW
Christ College ATM,22-01-2017,132,12,120,11114.18,820.82,10293.36,SUNDAY,NH,H,HHW
Big Street ATM,23-01-2017,65,17,48,2266.88,985.6,1281.28,MONDAY,NH,W,HWW
Airport ATM,23-01-2017,14,6,8,334.18,154.0,180.18,MONDAY,NH,W,HWW
KK Nagar ATM,23-01-2017,42,25,17,2413.1800000000003,1410.64,1002.5400000000001,MONDAY,NH,W,HWW
Christ College ATM,23-01-2017,106,23,83,9042.880000000001,1547.7,7495.18,MONDAY,NH,W,HWW
Big Street ATM,24-01-2017,69,21,48,2567.1800000000003,1232.0,1335.18,TUESDAY,NH,W,WWW
Airport ATM,24-01-2017,19,8,11,312.62,186.34,126.28,TUESDAY,NH,W,WWW
KK Nagar ATM,24-01-2017,22,14,8,1028.72,765.38,263.34000000000003,TUESDAY,NH,W,WWW
Christ College ATM,24-01-2017,169,28,141,10704.54,2035.88,8668.66,TUESDAY,NH,W,WWW
Big Street ATM,25-01-2017,57,21,36,1791.02,716.1,1074.92,WEDNESDAY,NH,W,WWH
Mount Road ATM,25-01-2017,117,26,91,5357.66,1042.58,4315.08,WEDNESDAY,NH,W,WWH
Airport ATM,25-01-2017,57,28,29,2597.98,1441.44,1156.54,WEDNESDAY,NH,W,WWH
KK Nagar ATM,25-01-2017,33,24,9,1415.26,931.7,483.56,WEDNESDAY,NH,W,WWH
Christ College ATM,25-01-2017,146,33,113,9558.78,1918.8400000000001,7639.9400000000005,WEDNESDAY,NH,W,WWH
Big Street ATM,26-01-2017,62,17,45,2260.7200000000003,771.5400000000001,1489.18,THURSDAY,N,H,WHW
Mount Road ATM,26-01-2017,52,15,37,1709.4,554.4,1155.0,THURSDAY,N,H,WHW
Airport ATM,26-01-2017,19,14,5,1358.28,1081.08,277.2,THURSDAY,N,H,WHW
KK Nagar ATM,26-01-2017,2,1,1,92.4,30.8,61.6,THURSDAY,N,H,WHW
Christ College ATM,26-01-2017,194,24,170,13721.4,1852.6200000000001,11868.78,THURSDAY,N,H,WHW
Big Street ATM,27-01-2017,78,30,48,3315.62,1533.8400000000001,1781.78,FRIDAY,NH,W,HWH
Mount Road ATM,27-01-2017,69,18,51,3777.6200000000003,748.44,3029.1800000000003,FRIDAY,NH,W,HWH
Airport ATM,27-01-2017,57,33,24,4256.56,2464.0,1792.56,FRIDAY,NH,W,HWH
KK Nagar ATM,27-01-2017,25,17,8,1079.54,697.62,381.92,FRIDAY,NH,W,HWH
Christ College ATM,27-01-2017,253,39,214,19066.74,2333.1,16733.64,FRIDAY,NH,W,HWH
Big Street ATM,28-01-2017,73,23,50,2715.02,1041.04,1673.98,SATURDAY,NH,H,WHH
Mount Road ATM,28-01-2017,94,20,74,5473.16,1019.48,4453.68,SATURDAY,NH,H,WHH
Airport ATM,28-01-2017,84,46,38,5762.68,2935.2400000000002,2827.44,SATURDAY,NH,H,WHH
KK Nagar ATM,28-01-2017,36,22,14,1957.3400000000001,1370.6000000000001,586.74,SATURDAY,NH,H,WHH
Christ College ATM,28-01-2017,211,47,164,18310.600000000002,4907.9800000000005,13402.62,SATURDAY,NH,H,WHH
Big Street ATM,29-01-2017,88,27,61,3586.6600000000003,1134.98,2451.6800000000003,SUNDAY,NH,H,HHW
Mount Road ATM,29-01-2017,136,18,118,5209.820000000001,893.2,4316.62,SUNDAY,NH,H,HHW
Airport ATM,29-01-2017,30,17,13,1846.46,1208.9,637.5600000000001,SUNDAY,NH,H,HHW
Christ College ATM,29-01-2017,13,2,11,651.4200000000001,184.8,466.62,SUNDAY,NH,H,HHW
Big Street ATM,30-01-2017,75,30,45,3523.52,1575.42,1948.1000000000001,MONDAY,NH,W,HWW
Mount Road ATM,30-01-2017,43,9,34,3186.26,677.6,2508.66,MONDAY,NH,W,HWW
Airport ATM,30-01-2017,25,12,13,751.52,380.38,371.14,MONDAY,NH,W,HWW
KK Nagar ATM,30-01-2017,46,31,15,2661.12,2283.82,377.3,MONDAY,NH,W,HWW
Christ College ATM,30-01-2017,133,23,110,7507.5,1325.94,6181.56,MONDAY,NH,W,HWW
Big Street ATM,31-01-2017,97,24,73,4156.46,1253.56,2902.9,TUESDAY,NH,W,WWW
Mount Road ATM,31-01-2017,28,15,13,1769.46,1247.4,522.0600000000001,TUESDAY,NH,W,WWW
Airport ATM,31-01-2017,79,38,41,5106.64,2045.1200000000001,3061.52,TUESDAY,NH,W,WWW
KK Nagar ATM,31-01-2017,126,68,58,8222.06,3683.6800000000003,4538.38,TUESDAY,NH,W,WWW
Christ College ATM,31-01-2017,265,54,211,18504.64,4441.360000000001,14063.28,TUESDAY,NH,W,WWW
Big Street ATM,1/2/2017,128,37,91,6355.58,1960.42,4395.16,WEDNESDAY,NH,W,WWW
Mount Road ATM,1/2/2017,15,6,9,1533.8400000000001,1078.0,455.84000000000003,WEDNESDAY,NH,W,WWW
Airport ATM,1/2/2017,64,36,28,5220.6,3768.38,1452.22,WEDNESDAY,NH,W,WWW
KK Nagar ATM,1/2/2017,37,17,20,3389.54,1641.64,1747.9,WEDNESDAY,NH,W,WWW
Christ College ATM,1/2/2017,313,75,238,29406.3,6728.26,22678.04,WEDNESDAY,NH,W,WWW
Big Street ATM,2/2/2017,151,36,115,8539.300000000001,2089.78,6449.52,THURSDAY,NH,W,WWW
Airport ATM,2/2/2017,25,11,14,2079.0,1078.0,1001.0,THURSDAY,NH,W,WWW
KK Nagar ATM,2/2/2017,18,10,8,1002.5400000000001,819.28,183.26000000000002,THURSDAY,NH,W,WWW
Christ College ATM,2/2/2017,267,45,222,24904.88,3274.04,21630.84,THURSDAY,NH,W,WWW
Big Street ATM,3/2/2017,99,21,78,5741.12,1744.8200000000002,3996.3,FRIDAY,NH,W,WHH
Airport ATM,3/2/2017,19,12,7,2035.88,1019.48,1016.4,FRIDAY,NH,W,WHH
KK Nagar ATM,3/2/2017,12,9,3,802.34,625.24,177.1,FRIDAY,NH,W,WHH
Christ College ATM,3/2/2017,168,34,134,15497.02,2248.4,13248.62,FRIDAY,NH,W,WHH
Big Street ATM,4/2/2017,15,8,7,660.66,360.36,300.3,SATURDAY,NH,H,WHH
Airport ATM,4/2/2017,45,21,24,2182.1800000000003,1185.8,996.38,SATURDAY,NH,H,WHH
KK Nagar ATM,4/2/2017,69,41,28,4650.8,2165.2400000000002,2485.56,SATURDAY,NH,H,WHH
Christ College ATM,4/2/2017,132,36,96,12483.24,3488.1,8995.14,SATURDAY,NH,H,WHH
Big Street ATM,5/2/2017,4,4,0,770.0,770.0,0.0,SUNDAY,NH,H,HHW
Airport ATM,5/2/2017,28,10,18,1507.66,417.34000000000003,1090.32,SUNDAY,NH,H,HHW
Christ College ATM,5/2/2017,212,17,195,19142.2,1576.96,17565.24,SUNDAY,NH,H,HHW
Big Street ATM,6/2/2017,3,3,0,234.08,234.08,0.0,MONDAY,NH,W,HWW
Airport ATM,6/2/2017,11,4,7,478.94,137.06,341.88,MONDAY,NH,W,HWW
KK Nagar ATM,6/2/2017,8,3,5,631.4,354.2,277.2,MONDAY,NH,W,HWW
Christ College ATM,6/2/2017,135,38,97,10687.6,3421.88,7265.72,MONDAY,NH,W,HWW
Mount Road ATM,7/2/2017,183,57,126,9991.52,3900.82,6090.7,TUESDAY,NH,W,WWW
Airport ATM,7/2/2017,58,34,24,2761.2200000000003,1578.5,1182.72,TUESDAY,NH,W,WWW
KK Nagar ATM,7/2/2017,31,22,9,1218.14,928.62,289.52,TUESDAY,NH,W,WWW
Christ College ATM,7/2/2017,220,63,157,17643.78,4989.6,12654.18,TUESDAY,NH,W,WWW
Mount Road ATM,8/2/2017,97,32,65,6321.7,2939.86,3381.84,WEDNESDAY,NH,W,WWW
Airport ATM,8/2/2017,99,48,51,5890.5,3237.08,2653.42,WEDNESDAY,NH,W,WWW
KK Nagar ATM,8/2/2017,7,6,1,186.34,178.64000000000001,7.7,WEDNESDAY,NH,W,WWW
Christ College ATM,8/2/2017,221,58,163,17702.3,5288.360000000001,12413.94,WEDNESDAY,NH,W,WWW
Big Street ATM,9/2/2017,4,2,2,23.1,16.94,6.16,THURSDAY,NH,W,WWW
Mount Road ATM,9/2/2017,88,21,67,5862.78,2427.04,3435.7400000000002,THURSDAY,NH,W,WWW
Airport ATM,9/2/2017,33,21,12,2400.86,1584.66,816.2,THURSDAY,NH,W,WWW
KK Nagar ATM,9/2/2017,2,2,0,46.2,46.2,0.0,THURSDAY,NH,W,WWW
Christ College ATM,9/2/2017,104,27,77,6220.06,1486.1000000000001,4733.96,THURSDAY,NH,W,WWW
Big Street ATM,10/2/2017,1,1,0,30.8,30.8,0.0,FRIDAY,NH,W,WWH
Mount Road ATM,10/2/2017,147,39,108,7581.42,3058.44,4522.9800000000005,FRIDAY,NH,W,WWH
Airport ATM,10/2/2017,2,2,0,9.24,9.24,0.0,FRIDAY,NH,W,WWH
Christ College ATM,10/2/2017,99,18,81,6093.78,1222.76,4871.02,FRIDAY,NH,W,WWH
Mount Road ATM,11/2/2017,180,54,126,12310.76,3937.78,8372.98,SATURDAY,NH,H,WHH
KK Nagar ATM,11/2/2017,14,9,5,312.62,249.48000000000002,63.14,SATURDAY,NH,H,WHH
Christ College ATM,11/2/2017,19,4,15,1483.02,141.68,1341.3400000000001,SATURDAY,NH,H,WHH
Mount Road ATM,12/2/2017,53,16,37,2131.36,649.88,1481.48,SUNDAY,NH,H,HHW
Mount Road ATM,13-02-2017,121,25,96,5041.96,1245.8600000000001,3796.1,MONDAY,NH,W,HWW
KK Nagar ATM,13-02-2017,126,65,61,7824.740000000001,3802.26,4022.48,MONDAY,NH,W,HWW
Christ College ATM,13-02-2017,110,18,92,8015.7,882.4200000000001,7133.280000000001,MONDAY,NH,W,HWW
Mount Road ATM,14-02-2017,114,39,75,5169.78,2225.3,2944.48,TUESDAY,NH,W,WWW
Airport ATM,14-02-2017,36,19,17,2557.94,1775.6200000000001,782.32,TUESDAY,NH,W,WWW
KK Nagar ATM,14-02-2017,52,25,27,3853.08,2276.12,1576.96,TUESDAY,NH,W,WWW
Christ College ATM,14-02-2017,219,66,153,13020.7,5465.46,7555.240000000001,TUESDAY,NH,W,WWW
Mount Road ATM,15-02-2017,114,28,86,4570.72,1030.26,3540.46,WEDNESDAY,NH,W,WWW
Airport ATM,15-02-2017,65,41,24,3902.36,2043.5800000000002,1858.78,WEDNESDAY,NH,W,WWW
KK Nagar ATM,15-02-2017,35,27,8,2011.24,1275.1200000000001,736.12,WEDNESDAY,NH,W,WWW
Christ College ATM,15-02-2017,201,39,162,15242.92,3697.54,11545.380000000001,WEDNESDAY,NH,W,WWW
Mount Road ATM,16-02-2017,126,39,87,4803.26,1618.54,3184.7200000000003,THURSDAY,NH,W,WWW
Airport ATM,16-02-2017,18,14,4,1564.64,1190.42,374.22,THURSDAY,NH,W,WWW
KK Nagar ATM,16-02-2017,46,26,20,4062.52,2152.92,1909.6000000000001,THURSDAY,NH,W,WWW
Christ College ATM,16-02-2017,143,30,113,8547.0,1683.22,6863.780000000001,THURSDAY,NH,W,WWW
Mount Road ATM,17-02-2017,135,44,91,3940.86,1749.44,2191.42,FRIDAY,NH,W,WWH
KK Nagar ATM,17-02-2017,3,2,1,167.86,160.16,7.7,FRIDAY,NH,W,WWH
Christ College ATM,17-02-2017,157,45,112,11522.28,4553.78,6968.5,FRIDAY,NH,W,WWH
Big Street ATM,18-02-2017,50,13,37,1980.44,652.96,1327.48,SATURDAY,NH,H,WHH
Mount Road ATM,18-02-2017,152,59,93,8528.52,4609.22,3919.3,SATURDAY,NH,H,WHH
Airport ATM,18-02-2017,2,2,0,73.92,73.92,0.0,SATURDAY,NH,H,WHH
KK Nagar ATM,18-02-2017,18,12,6,1024.1000000000001,808.5,215.6,SATURDAY,NH,H,WHH
Christ College ATM,18-02-2017,190,39,151,15974.42,4267.34,11707.08,SATURDAY,NH,H,WHH
Big Street ATM,19-02-2017,73,15,58,3511.2000000000003,1168.8600000000001,2342.34,SUNDAY,NH,H,HHW
Mount Road ATM,19-02-2017,36,5,31,1470.7,269.5,1201.2,SUNDAY,NH,H,HHW
Airport ATM,19-02-2017,2,2,0,69.3,69.3,0.0,SUNDAY,NH,H,HHW
KK Nagar ATM,19-02-2017,11,6,5,625.24,294.14,331.1,SUNDAY,NH,H,HHW
Christ College ATM,19-02-2017,141,26,115,9457.14,1590.8200000000002,7866.320000000001,SUNDAY,NH,H,HHW
Big Street ATM,20-02-2017,86,30,56,4516.82,2616.46,1900.3600000000001,MONDAY,NH,W,HWW
Mount Road ATM,20-02-2017,127,53,74,5112.8,3545.08,1567.72,MONDAY,NH,W,HWW
Airport ATM,20-02-2017,64,40,24,3993.2200000000003,3143.1400000000003,850.08,MONDAY,NH,W,HWW
KK Nagar ATM,20-02-2017,39,23,16,2665.7400000000002,1133.44,1532.3,MONDAY,NH,W,HWW
Christ College ATM,20-02-2017,162,39,123,10336.48,3314.08,7022.400000000001,MONDAY,NH,W,HWW
Big Street ATM,21-02-2017,40,17,23,2915.2200000000003,1575.42,1339.8,TUESDAY,NH,W,WWW
Mount Road ATM,21-02-2017,107,51,56,2448.6,1827.98,620.62,TUESDAY,NH,W,WWW
Airport ATM,21-02-2017,111,61,50,8805.720000000001,5815.04,2990.6800000000003,TUESDAY,NH,W,WWW
KK Nagar ATM,21-02-2017,26,20,6,2582.58,2305.38,277.2,TUESDAY,NH,W,WWW
Christ College ATM,21-02-2017,169,41,128,10889.34,3477.32,7412.02,TUESDAY,NH,W,WWW
Mount Road ATM,22-02-2017,187,65,122,8017.240000000001,3945.48,4071.76,WEDNESDAY,NH,W,WWW
Airport ATM,22-02-2017,132,71,61,8275.960000000001,5363.820000000001,2912.14,WEDNESDAY,NH,W,WWW
KK Nagar ATM,22-02-2017,22,8,14,2119.04,930.1600000000001,1188.88,WEDNESDAY,NH,W,WWW
Christ College ATM,22-02-2017,166,49,117,10180.94,4077.92,6103.02,WEDNESDAY,NH,W,WWW
Big Street ATM,23-02-2017,11,3,8,385.0,170.94,214.06,THURSDAY,NH,W,WWW
Mount Road ATM,23-02-2017,167,67,100,10613.68,4972.66,5641.02,THURSDAY,NH,W,WWW
Airport ATM,23-02-2017,50,33,17,3754.52,3026.1,728.4200000000001,THURSDAY,NH,W,WWW
KK Nagar ATM,23-02-2017,65,41,24,5773.46,3828.44,1945.02,THURSDAY,NH,W,WWW
Christ College ATM,23-02-2017,148,32,116,10569.02,2895.2000000000003,7673.820000000001,THURSDAY,NH,W,WWW
Big Street ATM,24-02-2017,70,13,57,2494.8,623.7,1871.1000000000001,FRIDAY,NH,W,WWH
Mount Road ATM,24-02-2017,70,25,45,3036.88,1821.8200000000002,1215.06,FRIDAY,NH,W,WWH
Airport ATM,24-02-2017,27,24,3,2787.4,2594.9,192.5,FRIDAY,NH,W,WWH
KK Nagar ATM,24-02-2017,5,3,2,321.86,83.16,238.70000000000002,FRIDAY,NH,W,WWH
Christ College ATM,24-02-2017,134,54,80,9718.94,4889.5,4829.4400000000005,FRIDAY,NH,W,WWH
Big Street ATM,25-02-2017,80,22,58,3152.38,954.8000000000001,2197.58,SATURDAY,NH,H,WHH
Mount Road ATM,25-02-2017,80,26,54,3371.06,1446.06,1925.0,SATURDAY,NH,H,WHH
Airport ATM,25-02-2017,20,14,6,937.86,840.84,97.02,SATURDAY,NH,H,WHH
KK Nagar ATM,25-02-2017,9,4,5,779.24,386.54,392.7,SATURDAY,NH,H,WHH
Christ College ATM,25-02-2017,187,44,143,12206.04,3762.2200000000003,8443.82,SATURDAY,NH,H,WHH
Big Street ATM,26-02-2017,97,23,74,4532.22,1575.42,2956.8,SUNDAY,NH,H,HHW
Mount Road ATM,26-02-2017,125,29,96,3711.4,996.38,2715.02,SUNDAY,NH,H,HHW
Christ College ATM,26-02-2017,119,24,95,9856.0,2156.0,7700.0,SUNDAY,NH,H,HHW
Big Street ATM,27-02-2017,78,21,57,3130.82,914.76,2216.06,MONDAY,NH,W,HWW
Mount Road ATM,27-02-2017,124,45,79,6076.84,3297.1400000000003,2779.7000000000003,MONDAY,NH,W,HWW
Airport ATM,27-02-2017,4,3,1,61.6,53.9,7.7,MONDAY,NH,W,HWW
KK Nagar ATM,27-02-2017,62,41,21,7150.22,5924.38,1225.8400000000001,MONDAY,NH,W,HWW
Christ College ATM,27-02-2017,70,22,48,5584.04,2350.04,3234.0,MONDAY,NH,W,HWW
Big Street ATM,28-02-2017,3,3,0,247.94,247.94,0.0,TUESDAY,NH,W,WWW
Mount Road ATM,28-02-2017,171,59,112,7062.4400000000005,2873.64,4188.8,TUESDAY,NH,W,WWW
Airport ATM,28-02-2017,13,12,1,369.6,284.90000000000003,84.7,TUESDAY,NH,W,WWW
KK Nagar ATM,28-02-2017,7,4,3,485.1,277.2,207.9,TUESDAY,NH,W,WWW
Christ College ATM,28-02-2017,223,57,166,15731.1,4858.7,10872.4,TUESDAY,NH,W,WWW
Big Street ATM,1/3/2017,46,15,31,2402.4,1412.18,990.22,WEDNESDAY,NH,W,WWW
Mount Road ATM,1/3/2017,4,3,1,477.40000000000003,431.2,46.2,WEDNESDAY,NH,W,WWW
Airport ATM,1/3/2017,6,4,2,358.82,326.48,32.34,WEDNESDAY,NH,W,WWW
KK Nagar ATM,1/3/2017,9,5,4,652.96,314.16,338.8,WEDNESDAY,NH,W,WWW
Christ College ATM,1/3/2017,275,56,219,23714.46,5557.860000000001,18156.600000000002,WEDNESDAY,NH,W,WWW
Big Street ATM,2/3/2017,110,29,81,7931.0,3466.54,4464.46,THURSDAY,NH,W,WWW
Airport ATM,2/3/2017,1,1,0,46.2,46.2,0.0,THURSDAY,NH,W,WWW
KK Nagar ATM,2/3/2017,32,14,18,3472.7000000000003,1669.3600000000001,1803.3400000000001,THURSDAY,NH,W,WWW
Christ College ATM,2/3/2017,301,64,237,24860.22,5892.04,18968.18,THURSDAY,NH,W,WWW
Big Street ATM,3/3/2017,79,32,47,4407.4800000000005,2314.62,2092.86,FRIDAY,NH,W,WWH
Airport ATM,3/3/2017,9,8,1,281.82,274.12,7.7,FRIDAY,NH,W,WWH
KK Nagar ATM,3/3/2017,2,2,0,107.8,107.8,0.0,FRIDAY,NH,W,WWH
Christ College ATM,3/3/2017,140,37,103,10367.28,2427.04,7940.240000000001,FRIDAY,NH,W,WWH
Big Street ATM,4/3/2017,74,15,59,3903.9,1182.72,2721.1800000000003,SATURDAY,NH,H,WHH
Mount Road ATM,4/3/2017,1,1,0,30.8,30.8,0.0,SATURDAY,NH,H,WHH
Airport ATM,4/3/2017,54,30,24,2337.7200000000003,1131.9,1205.82,SATURDAY,NH,H,WHH
KK Nagar ATM,4/3/2017,21,18,3,3662.12,3346.42,315.7,SATURDAY,NH,H,WHH
Christ College ATM,4/3/2017,264,97,167,22522.5,9012.08,13510.42,SATURDAY,NH,H,WHH
Big Street ATM,5/3/2017,69,15,54,4761.68,1350.5800000000002,3411.1,SUNDAY,NH,H,HHW
Airport ATM,5/3/2017,101,71,30,8828.82,7539.84,1288.98,SUNDAY,NH,H,HHW
KK Nagar ATM,5/3/2017,1,1,0,1.54,1.54,0.0,SUNDAY,NH,H,HHW
Christ College ATM,5/3/2017,139,35,104,7877.1,2519.44,5357.66,SUNDAY,NH,H,HHW
Big Street ATM,6/3/2017,79,28,51,3836.1400000000003,1479.94,2356.2000000000003,MONDAY,NH,W,HWW
Mount Road ATM,6/3/2017,150,54,96,9575.720000000001,4646.18,4929.54,MONDAY,NH,W,HWW
Airport ATM,6/3/2017,56,44,12,3836.1400000000003,3455.76,380.38,MONDAY,NH,W,HWW
Christ College ATM,6/3/2017,225,51,174,14415.94,4073.3,10342.640000000001,MONDAY,NH,W,HWW
Big Street ATM,7/3/2017,55,23,32,3769.92,2348.5,1421.42,TUESDAY,NH,W,WWW
Mount Road ATM,7/3/2017,21,14,7,2456.3,2209.9,246.4,TUESDAY,NH,W,WWW
Airport ATM,7/3/2017,3,3,0,163.24,163.24,0.0,TUESDAY,NH,W,WWW
Christ College ATM,7/3/2017,173,55,118,16793.7,7381.22,9412.48,TUESDAY,NH,W,WWW
Big Street ATM,8/3/2017,69,35,34,3888.5,2905.98,982.52,WEDNESDAY,NH,W,WWW
Christ College ATM,8/3/2017,202,65,137,12982.2,5353.04,7629.16,WEDNESDAY,NH,W,WWW
Big Street ATM,9/3/2017,81,23,58,5043.5,2500.96,2542.54,THURSDAY,NH,W,WWW
Christ College ATM,9/3/2017,267,70,197,18105.78,5822.74,12283.04,THURSDAY,NH,W,WWW
Big Street ATM,10/3/2017,67,20,47,3193.96,1236.6200000000001,1957.3400000000001,FRIDAY,NH,W,WWH
Mount Road ATM,10/3/2017,46,19,27,2029.72,1001.0,1028.72,FRIDAY,NH,W,WWH
Christ College ATM,10/3/2017,135,34,101,11311.300000000001,3728.34,7582.96,FRIDAY,NH,W,WWH
Mount Road ATM,11/3/2017,107,29,78,5577.88,1883.42,3694.46,SATURDAY,NH,H,WHH
Big Street ATM,12/3/2017,85,18,67,3725.26,1427.5800000000002,2297.6800000000003,SUNDAY,NH,H,HHW
Mount Road ATM,12/3/2017,77,27,50,2263.8,974.82,1288.98,SUNDAY,NH,H,HHW
Big Street ATM,13-03-2017,29,10,19,1680.14,828.52,851.62,MONDAY,NH,W,HWW
Mount Road ATM,13-03-2017,85,32,53,5996.76,3414.1800000000003,2582.58,MONDAY,NH,W,HWW
Christ College ATM,13-03-2017,287,79,208,19339.32,7570.64,11768.68,MONDAY,NH,W,HWW
Big Street ATM,14-03-2017,99,35,64,4442.900000000001,1958.88,2484.02,TUESDAY,NH,W,WWW
Mount Road ATM,14-03-2017,52,24,28,4275.04,2812.04,1463.0,TUESDAY,NH,W,WWW
Airport ATM,14-03-2017,32,23,9,1330.56,1151.92,178.64000000000001,TUESDAY,NH,W,WWW
KK Nagar ATM,14-03-2017,1,1,0,6.16,6.16,0.0,TUESDAY,NH,W,WWW
Christ College ATM,14-03-2017,226,60,166,18315.22,5956.72,12358.5,TUESDAY,NH,W,WWW
Big Street ATM,15-03-2017,80,28,52,5151.3,3380.3,1771.0,WEDNESDAY,NH,W,WWW
Mount Road ATM,15-03-2017,45,16,29,3212.44,1208.9,2003.54,WEDNESDAY,NH,W,WWW
Airport ATM,15-03-2017,99,69,30,9204.58,7552.16,1652.42,WEDNESDAY,NH,W,WWW
Christ College ATM,15-03-2017,249,74,175,18958.940000000002,7800.1,11158.84,WEDNESDAY,NH,W,WWW
Big Street ATM,16-03-2017,35,18,17,3232.46,2464.0,768.46,THURSDAY,NH,W,WWW
Mount Road ATM,16-03-2017,78,37,41,5459.3,3426.5,2032.8,THURSDAY,NH,W,WWW
Airport ATM,16-03-2017,63,43,20,3626.7000000000003,2808.96,817.74,THURSDAY,NH,W,WWW
Christ College ATM,16-03-2017,213,49,164,14745.5,5028.1,9717.4,THURSDAY,NH,W,WWW
Big Street ATM,17-03-2017,7,6,1,609.84,579.04,30.8,FRIDAY,NH,W,WWH
Mount Road ATM,17-03-2017,154,56,98,6289.360000000001,3169.32,3120.04,FRIDAY,NH,W,WWH
Airport ATM,17-03-2017,109,76,33,10539.76,8453.06,2086.7000000000003,FRIDAY,NH,W,WWH
KK Nagar ATM,17-03-2017,28,20,8,3586.6600000000003,3120.04,466.62,FRIDAY,NH,W,WWH
Christ College ATM,17-03-2017,194,46,148,12446.28,5162.08,7284.2,FRIDAY,NH,W,WWH
Big Street ATM,18-03-2017,6,3,3,197.12,140.14000000000001,56.980000000000004,SATURDAY,NH,H,WHH
Mount Road ATM,18-03-2017,61,16,45,3485.02,1860.3200000000002,1624.7,SATURDAY,NH,H,WHH
Airport ATM,18-03-2017,106,66,40,8175.860000000001,6235.46,1940.4,SATURDAY,NH,H,WHH
KK Nagar ATM,18-03-2017,53,29,24,4710.860000000001,2981.44,1729.42,SATURDAY,NH,H,WHH
Christ College ATM,18-03-2017,217,72,145,14485.24,8012.62,6472.62,SATURDAY,NH,H,WHH
Big Street ATM,19-03-2017,80,20,60,3311.0,1535.38,1775.6200000000001,SUNDAY,NH,H,HHW
Mount Road ATM,19-03-2017,48,12,36,802.34,103.18,699.16,SUNDAY,NH,H,HHW
KK Nagar ATM,19-03-2017,9,7,2,506.66,398.86,107.8,SUNDAY,NH,H,HHW
Christ College ATM,19-03-2017,281,39,242,14868.7,2636.48,12232.220000000001,SUNDAY,NH,H,HHW
Big Street ATM,20-03-2017,36,11,25,2180.64,696.08,1484.56,MONDAY,NH,W,HWW
Mount Road ATM,20-03-2017,67,27,40,2434.7400000000002,1649.3400000000001,785.4,MONDAY,NH,W,HWW
Airport ATM,20-03-2017,45,24,21,2183.7200000000003,1392.16,791.5600000000001,MONDAY,NH,W,HWW
KK Nagar ATM,20-03-2017,84,51,33,7890.96,5856.62,2034.3400000000001,MONDAY,NH,W,HWW
Christ College ATM,20-03-2017,191,44,147,13159.300000000001,3409.56,9749.74,MONDAY,NH,W,HWW
Big Street ATM,21-03-2017,16,5,11,925.5400000000001,771.5400000000001,154.0,TUESDAY,NH,W,WWW
Mount Road ATM,21-03-2017,54,22,32,2279.2000000000003,1672.44,606.76,TUESDAY,NH,W,WWW
Airport ATM,21-03-2017,28,25,3,2176.02,2149.84,26.18,TUESDAY,NH,W,WWW
KK Nagar ATM,21-03-2017,43,27,16,4783.24,4091.78,691.46,TUESDAY,NH,W,WWW
Christ College ATM,21-03-2017,137,45,92,9138.36,4917.22,4221.14,TUESDAY,NH,W,WWW
Big Street ATM,22-03-2017,79,33,46,4424.42,2556.4,1868.02,WEDNESDAY,NH,W,WWW
Mount Road ATM,22-03-2017,54,25,29,3971.6600000000003,2476.32,1495.3400000000001,WEDNESDAY,NH,W,WWW
Airport ATM,22-03-2017,60,38,22,2916.76,2112.88,803.88,WEDNESDAY,NH,W,WWW
KK Nagar ATM,22-03-2017,45,39,6,2873.64,2765.84,107.8,WEDNESDAY,NH,W,WWW
Christ College ATM,22-03-2017,109,26,83,6277.04,1570.8,4706.24,WEDNESDAY,NH,W,WWW
Big Street ATM,23-03-2017,82,29,53,4235.0,1450.68,2784.32,THURSDAY,NH,W,WWW
Mount Road ATM,23-03-2017,68,20,48,3249.4,1904.98,1344.42,THURSDAY,NH,W,WWW
Airport ATM,23-03-2017,69,49,20,5080.46,3760.6800000000003,1319.78,THURSDAY,NH,W,WWW
KK Nagar ATM,23-03-2017,105,71,34,9758.98,7706.16,2052.82,THURSDAY,NH,W,WWW
Christ College ATM,23-03-2017,159,41,118,9868.32,3885.42,5982.900000000001,THURSDAY,NH,W,WWW
Big Street ATM,24-03-2017,53,14,39,2060.52,1164.24,896.28,FRIDAY,NH,W,WWH
Mount Road ATM,24-03-2017,63,24,39,3115.42,1844.92,1270.5,FRIDAY,NH,W,WWH
Airport ATM,24-03-2017,65,51,14,6170.78,5499.34,671.44,FRIDAY,NH,W,WWH
KK Nagar ATM,24-03-2017,69,41,28,6192.34,3902.36,2289.98,FRIDAY,NH,W,WWH
Christ College ATM,24-03-2017,161,49,112,9731.26,3997.84,5733.42,FRIDAY,NH,W,WWH
Big Street ATM,25-03-2017,79,17,62,3933.1600000000003,1811.04,2122.12,SATURDAY,NH,H,WHH
Mount Road ATM,25-03-2017,76,25,51,3780.7000000000003,2011.24,1769.46,SATURDAY,NH,H,WHH
Airport ATM,25-03-2017,57,37,20,5263.72,4506.04,757.6800000000001,SATURDAY,NH,H,WHH
KK Nagar ATM,25-03-2017,7,6,1,448.14,425.04,23.1,SATURDAY,NH,H,WHH
Christ College ATM,25-03-2017,159,67,92,12640.32,7589.12,5051.2,SATURDAY,NH,H,WHH
Big Street ATM,26-03-2017,47,12,35,2146.76,857.78,1288.98,SUNDAY,NH,H,HHW
Mount Road ATM,26-03-2017,40,8,32,940.94,129.36,811.58,SUNDAY,NH,H,HHW
Airport ATM,26-03-2017,19,12,7,1181.18,776.16,405.02000000000004,SUNDAY,NH,H,HHW
KK Nagar ATM,26-03-2017,37,17,20,1498.42,449.68,1048.74,SUNDAY,NH,H,HHW
Christ College ATM,26-03-2017,3,2,1,338.8,308.0,30.8,SUNDAY,NH,H,HHW
Big Street ATM,27-03-2017,63,14,49,2385.46,324.94,2060.52,MONDAY,NH,W,HWW
Mount Road ATM,27-03-2017,112,52,60,5508.58,3508.12,2000.46,MONDAY,NH,W,HWW
Airport ATM,27-03-2017,23,15,8,794.64,656.0400000000001,138.6,MONDAY,NH,W,HWW
KK Nagar ATM,27-03-2017,82,52,30,5973.66,4245.78,1727.88,MONDAY,NH,W,HWW
Christ College ATM,27-03-2017,216,48,168,16074.52,5644.1,10430.42,MONDAY,NH,W,HWW
Big Street ATM,28-03-2017,139,28,111,6791.400000000001,1872.64,4918.76,TUESDAY,NH,W,WWH
Mount Road ATM,28-03-2017,19,10,9,1078.0,612.9200000000001,465.08000000000004,TUESDAY,NH,W,WWH
KK Nagar ATM,28-03-2017,71,52,19,6123.04,5408.4800000000005,714.5600000000001,TUESDAY,NH,W,WWH
Christ College ATM,28-03-2017,188,56,132,14514.5,5959.8,8554.7,TUESDAY,NH,W,WWH
Big Street ATM,29-03-2017,107,40,67,7937.16,5086.62,2850.54,WEDNESDAY,N,H,WHW
Mount Road ATM,29-03-2017,140,57,83,7104.02,4031.7200000000003,3072.3,WEDNESDAY,N,H,WHW
KK Nagar ATM,29-03-2017,190,116,74,19414.78,13693.68,5721.1,WEDNESDAY,N,H,WHW
Christ College ATM,29-03-2017,227,60,167,15754.2,7179.4800000000005,8574.720000000001,WEDNESDAY,N,H,WHW
Big Street ATM,30-03-2017,110,25,85,7045.5,2511.7400000000002,4533.76,THURSDAY,NH,W,HWW
Mount Road ATM,30-03-2017,77,29,48,3083.08,2075.92,1007.1600000000001,THURSDAY,NH,W,HWW
KK Nagar ATM,30-03-2017,85,51,34,6754.4400000000005,4370.52,2383.92,THURSDAY,NH,W,HWW
Christ College ATM,30-03-2017,164,47,117,12966.800000000001,4895.66,8071.14,THURSDAY,NH,W,HWW
Big Street ATM,31-03-2017,115,31,84,8956.64,4455.22,4501.42,FRIDAY,NH,W,WWH
Mount Road ATM,31-03-2017,82,38,44,5092.78,3383.38,1709.4,FRIDAY,NH,W,WWH
KK Nagar ATM,31-03-2017,135,89,46,14120.26,10407.32,3712.94,FRIDAY,NH,W,WWH
Christ College ATM,31-03-2017,276,102,174,20024.62,9252.32,10772.300000000001,FRIDAY,NH,W,WWH
Big Street ATM,1/4/2017,37,13,24,2020.48,1349.04,671.44,SATURDAY,NH,H,WHH
KK Nagar ATM,1/4/2017,281,181,100,27445.88,19772.06,7673.820000000001,SATURDAY,NH,H,WHH
Christ College ATM,1/4/2017,144,45,99,7068.6,2077.46,4991.14,SATURDAY,NH,H,WHH
Big Street ATM,2/4/2017,103,16,87,5564.02,1356.74,4207.28,SUNDAY,NH,H,HHW
Mount Road ATM,2/4/2017,72,16,56,3469.62,1795.64,1673.98,SUNDAY,NH,H,HHW
KK Nagar ATM,2/4/2017,160,115,45,16051.42,12734.26,3317.1600000000003,SUNDAY,NH,H,HHW
Christ College ATM,2/4/2017,16,1,15,1036.42,1.54,1034.88,SUNDAY,NH,H,HHW
Big Street ATM,3/4/2017,203,34,169,13541.220000000001,2422.42,11118.800000000001,MONDAY,NH,W,HWW
Mount Road ATM,3/4/2017,180,51,129,12421.640000000001,4174.9400000000005,8246.7,MONDAY,NH,W,HWW
Airport ATM,3/4/2017,59,41,18,5440.820000000001,4641.56,799.26,MONDAY,NH,W,HWW
KK Nagar ATM,3/4/2017,282,194,88,31411.38,23933.14,7478.240000000001,MONDAY,NH,W,HWW
Christ College ATM,3/4/2017,13,8,5,722.26,408.1,314.16,MONDAY,NH,W,HWW
Big Street ATM,4/4/2017,86,14,72,4629.24,797.72,3831.52,TUESDAY,NH,W,WWW
Mount Road ATM,4/4/2017,213,79,134,14673.12,6318.62,8354.5,TUESDAY,NH,W,WWW
Airport ATM,4/4/2017,71,49,22,5405.400000000001,4051.7400000000002,1353.66,TUESDAY,NH,W,WWW
KK Nagar ATM,4/4/2017,105,76,29,10339.56,8346.800000000001,1992.76,TUESDAY,NH,W,WWW
Christ College ATM,4/4/2017,121,35,86,8255.94,1955.8,6300.14,TUESDAY,NH,W,WWW
Big Street ATM,5/4/2017,149,35,114,9797.48,4090.2400000000002,5707.24,WEDNESDAY,NH,W,WWW
Mount Road ATM,5/4/2017,186,93,93,11831.82,5989.06,5842.76,WEDNESDAY,NH,W,WWW
Airport ATM,5/4/2017,76,59,17,8745.66,7475.16,1270.5,WEDNESDAY,NH,W,WWW
KK Nagar ATM,5/4/2017,131,85,46,12224.52,8043.42,4181.1,WEDNESDAY,NH,W,WWW
Christ College ATM,5/4/2017,202,59,143,16153.060000000001,6093.78,10059.28,WEDNESDAY,NH,W,WWW
Big Street ATM,6/4/2017,35,4,31,1880.3400000000001,492.8,1387.54,THURSDAY,NH,W,WWW
Mount Road ATM,6/4/2017,173,64,109,10706.08,4635.400000000001,6070.68,THURSDAY,NH,W,WWW
Airport ATM,6/4/2017,23,21,2,2625.7000000000003,2410.1,215.6,THURSDAY,NH,W,WWW
KK Nagar ATM,6/4/2017,90,51,39,8223.6,5085.08,3138.52,THURSDAY,NH,W,WWW
Christ College ATM,6/4/2017,190,34,156,15047.34,3261.7200000000003,11785.62,THURSDAY,NH,W,WWW
Mount Road ATM,7/4/2017,215,100,115,18689.440000000002,11183.48,7505.96,FRIDAY,NH,W,WWH
Airport ATM,7/4/2017,50,32,18,4752.4400000000005,3311.0,1441.44,FRIDAY,NH,W,WWH
KK Nagar ATM,7/4/2017,111,74,37,9762.06,7056.280000000001,2705.78,FRIDAY,NH,W,WWH
Christ College ATM,7/4/2017,239,90,149,15791.16,7758.52,8032.64,FRIDAY,NH,W,WWH
Mount Road ATM,8/4/2017,132,47,85,8822.66,4984.9800000000005,3837.6800000000003,SATURDAY,NH,H,WHH
Airport ATM,8/4/2017,60,32,28,5373.06,3155.46,2217.6,SATURDAY,NH,H,WHH
KK Nagar ATM,8/4/2017,181,95,86,15800.4,9675.82,6124.58,SATURDAY,NH,H,WHH
Christ College ATM,8/4/2017,44,9,35,2611.84,708.4,1903.44,SATURDAY,NH,H,WHH
Mount Road ATM,9/4/2017,164,34,130,7818.58,2058.98,5759.6,SUNDAY,H,H,HHW
Airport ATM,9/4/2017,74,30,44,4986.52,2520.98,2465.54,SUNDAY,H,H,HHW
KK Nagar ATM,9/4/2017,34,19,15,1823.3600000000001,1181.18,642.1800000000001,SUNDAY,H,H,HHW
Christ College ATM,9/4/2017,153,18,135,8366.82,856.24,7510.58,SUNDAY,H,H,HHW
Mount Road ATM,10/4/2017,171,67,104,9991.52,5397.7,4593.82,MONDAY,NH,W,HWW
Airport ATM,10/4/2017,122,60,62,10276.42,5761.14,4515.28,MONDAY,NH,W,HWW
KK Nagar ATM,10/4/2017,242,132,110,25297.58,14639.24,10658.34,MONDAY,NH,W,HWW
Christ College ATM,10/4/2017,205,43,162,14519.12,3494.26,11024.86,MONDAY,NH,W,HWW
Big Street ATM,11/4/2017,143,27,116,6394.08,1529.22,4864.860000000001,TUESDAY,NH,W,WWW
Mount Road ATM,11/4/2017,174,51,123,9989.98,2955.26,7034.72,TUESDAY,NH,W,WWW
Airport ATM,11/4/2017,90,38,52,8163.54,3709.86,4453.68,TUESDAY,NH,W,WWW
KK Nagar ATM,11/4/2017,39,27,12,3116.96,2357.7400000000002,759.22,TUESDAY,NH,W,WWW
Christ College ATM,11/4/2017,114,23,91,7116.34,2313.08,4803.26,TUESDAY,NH,W,WWW
Big Street ATM,12/4/2017,128,32,96,6997.76,2858.2400000000002,4139.52,WEDNESDAY,NH,W,WWW
Mount Road ATM,12/4/2017,105,43,62,5383.84,2219.14,3164.7000000000003,WEDNESDAY,NH,W,WWW
Airport ATM,12/4/2017,67,41,26,3266.34,2051.28,1215.06,WEDNESDAY,NH,W,WWW
KK Nagar ATM,12/4/2017,95,61,34,10039.26,7057.820000000001,2981.44,WEDNESDAY,NH,W,WWW
Christ College ATM,12/4/2017,239,56,183,17928.68,5828.900000000001,12099.78,WEDNESDAY,NH,W,WWW
Big Street ATM,13-04-2017,79,19,60,4991.14,1881.88,3109.26,THURSDAY,NH,W,WWH
Mount Road ATM,13-04-2017,122,50,72,7351.96,4298.14,3053.82,THURSDAY,NH,W,WWH
Airport ATM,13-04-2017,71,42,29,6812.96,5088.16,1724.8,THURSDAY,NH,W,WWH
KK Nagar ATM,13-04-2017,83,46,37,7472.08,4091.78,3380.3,THURSDAY,NH,W,WWH
Christ College ATM,13-04-2017,216,37,179,15230.6,3076.92,12153.68,THURSDAY,NH,W,WWH
Big Street ATM,14-04-2017,125,26,99,6894.58,1935.78,4958.8,FRIDAY,N,H,WHH
Mount Road ATM,14-04-2017,123,37,86,7610.68,3327.94,4282.74,FRIDAY,N,H,WHH
Airport ATM,14-04-2017,17,11,6,734.58,612.9200000000001,121.66000000000001,FRIDAY,N,H,WHH
KK Nagar ATM,14-04-2017,97,52,45,9320.08,4955.72,4364.360000000001,FRIDAY,N,H,WHH
Big Street ATM,15-04-2017,123,12,111,6634.320000000001,713.02,5921.3,SATURDAY,NH,H,HHH
Mount Road ATM,15-04-2017,66,27,39,4604.6,3857.7000000000003,746.9,SATURDAY,NH,H,HHH
Airport ATM,15-04-2017,67,35,32,5175.9400000000005,3004.54,2171.4,SATURDAY,NH,H,HHH
KK Nagar ATM,15-04-2017,186,106,80,18655.56,11959.640000000001,6695.92,SATURDAY,NH,H,HHH
Christ College ATM,15-04-2017,258,52,206,19505.64,4832.52,14673.12,SATURDAY,NH,H,HHH
Big Street ATM,16-04-2017,115,28,87,5508.58,1302.8400000000001,4205.74,SUNDAY,NH,H,HHW
Mount Road ATM,16-04-2017,60,8,52,3086.1600000000003,825.44,2260.7200000000003,SUNDAY,NH,H,HHW
Airport ATM,16-04-2017,70,47,23,6324.780000000001,4951.1,1373.68,SUNDAY,NH,H,HHW
KK Nagar ATM,16-04-2017,174,96,78,11978.12,6494.18,5483.9400000000005,SUNDAY,NH,H,HHW
Christ College ATM,16-04-2017,246,47,199,15834.28,2638.02,13196.26,SUNDAY,NH,H,HHW
Big Street ATM,17-04-2017,117,23,94,5390.0,1233.54,4156.46,MONDAY,NH,W,HWW
Mount Road ATM,17-04-2017,68,25,43,3123.12,936.32,2186.8,MONDAY,NH,W,HWW
Airport ATM,17-04-2017,10,6,4,271.04,180.18,90.86,MONDAY,NH,W,HWW
KK Nagar ATM,17-04-2017,108,64,44,10829.28,7225.68,3603.6,MONDAY,NH,W,HWW
Christ College ATM,17-04-2017,226,39,187,16205.42,3378.76,12826.66,MONDAY,NH,W,HWW
Big Street ATM,18-04-2017,100,14,86,5379.22,850.08,4529.14,TUESDAY,NH,W,WWW
Mount Road ATM,18-04-2017,94,19,75,4741.66,1014.86,3726.8,TUESDAY,NH,W,WWW
KK Nagar ATM,18-04-2017,81,48,33,6480.320000000001,3769.92,2710.4,TUESDAY,NH,W,WWW
Christ College ATM,18-04-2017,111,39,72,8704.08,4629.24,4074.84,TUESDAY,NH,W,WWW
Big Street ATM,19-04-2017,114,45,69,6856.08,4025.56,2830.52,WEDNESDAY,NH,W,WWW
Mount Road ATM,19-04-2017,74,24,50,3529.6800000000003,1429.1200000000001,2100.56,WEDNESDAY,NH,W,WWW
KK Nagar ATM,19-04-2017,97,58,39,8525.44,6235.46,2289.98,WEDNESDAY,NH,W,WWW
Christ College ATM,19-04-2017,2,2,0,78.54,78.54,0.0,WEDNESDAY,NH,W,WWW
Big Street ATM,20-04-2017,100,29,71,5614.84,2474.78,3140.06,THURSDAY,NH,W,WWW
Mount Road ATM,20-04-2017,52,28,24,3106.1800000000003,2499.42,606.76,THURSDAY,NH,W,WWW
KK Nagar ATM,20-04-2017,70,43,27,5808.88,3709.86,2099.02,THURSDAY,NH,W,WWW
Christ College ATM,20-04-2017,150,65,85,12609.52,7556.780000000001,5052.74,THURSDAY,NH,W,WWW
Big Street ATM,21-04-2017,117,30,87,7002.38,2356.2000000000003,4646.18,FRIDAY,NH,W,WWH
Mount Road ATM,21-04-2017,55,16,39,2805.88,1022.5600000000001,1783.3200000000002,FRIDAY,NH,W,WWH
KK Nagar ATM,21-04-2017,77,49,28,5343.8,3093.86,2249.94,FRIDAY,NH,W,WWH
Christ College ATM,21-04-2017,195,61,134,12427.800000000001,4057.9,8369.9,FRIDAY,NH,W,WWH
Big Street ATM,22-04-2017,75,16,59,4365.900000000001,1455.3,2910.6,SATURDAY,NH,H,WHH
Mount Road ATM,22-04-2017,87,31,56,6920.76,4405.9400000000005,2514.82,SATURDAY,NH,H,WHH
KK Nagar ATM,22-04-2017,93,50,43,8388.380000000001,5556.320000000001,2832.06,SATURDAY,NH,H,WHH
Christ College ATM,22-04-2017,206,56,150,12530.98,3813.04,8717.94,SATURDAY,NH,H,WHH
Big Street ATM,23-04-2017,94,24,70,4587.66,1081.08,3506.58,SUNDAY,NH,H,HHW
Mount Road ATM,23-04-2017,44,12,32,1469.16,494.34000000000003,974.82,SUNDAY,NH,H,HHW
KK Nagar ATM,23-04-2017,70,30,40,4643.1,1940.4,2702.7000000000003,SUNDAY,NH,H,HHW
Christ College ATM,23-04-2017,41,9,32,2450.14,785.4,1664.74,SUNDAY,NH,H,HHW
Big Street ATM,24-04-2017,77,27,50,3545.08,1094.94,2450.14,MONDAY,NH,W,HWW
Mount Road ATM,24-04-2017,65,25,40,2762.76,982.52,1780.24,MONDAY,NH,W,HWW
KK Nagar ATM,24-04-2017,247,141,106,23885.4,15724.94,8160.46,MONDAY,NH,W,HWW
Christ College ATM,24-04-2017,155,36,119,13921.6,4971.12,8950.48,MONDAY,NH,W,HWW
Big Street ATM,25-04-2017,101,38,63,5038.88,2223.76,2815.12,TUESDAY,NH,W,WWW
Mount Road ATM,25-04-2017,55,24,31,2824.36,1643.18,1181.18,TUESDAY,NH,W,WWW
KK Nagar ATM,25-04-2017,62,49,13,4184.18,3451.1400000000003,733.0400000000001,TUESDAY,NH,W,WWW
Christ College ATM,25-04-2017,161,44,117,11653.18,5867.400000000001,5785.78,TUESDAY,NH,W,WWW
Big Street ATM,26-04-2017,94,33,61,4929.54,2514.82,2414.7200000000003,WEDNESDAY,NH,W,WWW
Mount Road ATM,26-04-2017,101,47,54,5433.12,4076.38,1356.74,WEDNESDAY,NH,W,WWW
Airport ATM,26-04-2017,5,5,0,595.98,595.98,0.0,WEDNESDAY,NH,W,WWW
KK Nagar ATM,26-04-2017,138,86,52,16100.7,13485.78,2614.92,WEDNESDAY,NH,W,WWW
Christ College ATM,26-04-2017,211,69,142,12047.42,5494.72,6552.7,WEDNESDAY,NH,W,WWW
Big Street ATM,27-04-2017,93,34,59,5641.02,2676.52,2964.5,THURSDAY,NH,W,WWW
Mount Road ATM,27-04-2017,88,35,53,4729.34,2385.46,2343.88,THURSDAY,NH,W,WWW
Airport ATM,27-04-2017,36,29,7,3206.28,2824.36,381.92,THURSDAY,NH,W,WWW
KK Nagar ATM,27-04-2017,84,51,33,9511.04,7134.820000000001,2376.2200000000003,THURSDAY,NH,W,WWW
Christ College ATM,27-04-2017,194,46,148,10599.82,2879.8,7720.02,THURSDAY,NH,W,WWW
Big Street ATM,28-04-2017,132,35,97,8704.08,2753.52,5950.56,FRIDAY,NH,W,WWH
Mount Road ATM,28-04-2017,28,15,13,883.96,763.84,120.12,FRIDAY,NH,W,WWH
KK Nagar ATM,28-04-2017,93,52,41,8910.44,5525.52,3384.92,FRIDAY,NH,W,WWH
Christ College ATM,28-04-2017,30,7,23,2343.88,1141.14,1202.74,FRIDAY,NH,W,WWH
Big Street ATM,29-04-2017,125,35,90,8134.280000000001,3891.58,4242.7,SATURDAY,NH,H,WHH
Mount Road ATM,29-04-2017,43,22,21,1983.52,1694.0,289.52,SATURDAY,NH,H,WHH
KK Nagar ATM,29-04-2017,165,79,86,16208.5,7339.64,8868.86,SATURDAY,NH,H,WHH
Christ College ATM,29-04-2017,113,28,85,9018.24,3552.78,5465.46,SATURDAY,NH,H,WHH
Big Street ATM,30-04-2017,129,38,91,7863.240000000001,3213.98,4649.26,SUNDAY,NH,H,HHH
Mount Road ATM,30-04-2017,32,12,20,1299.76,931.7,368.06,SUNDAY,NH,H,HHH
KK Nagar ATM,30-04-2017,103,52,51,6484.9400000000005,3563.56,2921.38,SUNDAY,NH,H,HHH
Christ College ATM,30-04-2017,162,23,139,10642.94,1815.66,8827.28,SUNDAY,NH,H,HHH
Big Street ATM,1/5/2017,129,29,100,6953.1,1823.3600000000001,5129.74,MONDAY,N,H,HHW
Mount Road ATM,1/5/2017,34,6,28,1008.7,569.8000000000001,438.90000000000003,MONDAY,N,H,HHW
KK Nagar ATM,1/5/2017,82,47,35,7735.42,5385.38,2350.04,MONDAY,N,H,HHW
Christ College ATM,1/5/2017,267,38,229,19277.72,3466.54,15811.18,MONDAY,N,H,HHW
Big Street ATM,2/5/2017,145,34,111,8218.98,2939.86,5279.12,TUESDAY,NH,W,HWW
Mount Road ATM,2/5/2017,59,28,31,2821.28,2465.54,355.74,TUESDAY,NH,W,HWW
Airport ATM,2/5/2017,26,12,14,1296.68,728.4200000000001,568.26,TUESDAY,NH,W,HWW
KK Nagar ATM,2/5/2017,126,59,67,12899.04,7524.4400000000005,5374.6,TUESDAY,NH,W,HWW
Christ College ATM,2/5/2017,222,52,170,16673.58,5256.02,11417.56,TUESDAY,NH,W,HWW
Big Street ATM,3/5/2017,167,34,133,10495.1,2727.34,7767.76,WEDNESDAY,NH,W,WWW
Mount Road ATM,3/5/2017,59,30,29,3010.7000000000003,2588.7400000000002,421.96000000000004,WEDNESDAY,NH,W,WWW
Airport ATM,3/5/2017,70,50,20,4995.76,4273.5,722.26,WEDNESDAY,NH,W,WWW
KK Nagar ATM,3/5/2017,161,65,96,16790.62,8562.4,8228.220000000001,WEDNESDAY,NH,W,WWW
Christ College ATM,3/5/2017,286,79,207,19762.82,7445.900000000001,12316.92,WEDNESDAY,NH,W,WWW
Big Street ATM,4/5/2017,59,14,45,2285.36,717.64,1567.72,THURSDAY,NH,W,WWW
Mount Road ATM,4/5/2017,59,38,21,4114.88,3794.56,320.32,THURSDAY,NH,W,WWW
Airport ATM,4/5/2017,51,31,20,4376.68,3073.84,1302.8400000000001,THURSDAY,NH,W,WWW
KK Nagar ATM,4/5/2017,229,156,73,20865.46,14936.460000000001,5929.0,THURSDAY,NH,W,WWW
Christ College ATM,4/5/2017,183,40,143,12381.6,3138.52,9243.08,THURSDAY,NH,W,WWW
Big Street ATM,5/5/2017,122,35,87,6524.9800000000005,2545.62,3979.36,FRIDAY,NH,W,WWH
Mount Road ATM,5/5/2017,72,43,29,3945.48,3542.0,403.48,FRIDAY,NH,W,WWH
Airport ATM,5/5/2017,63,36,27,5939.78,3876.1800000000003,2063.6,FRIDAY,NH,W,WWH
KK Nagar ATM,5/5/2017,72,51,21,7214.900000000001,5685.68,1529.22,FRIDAY,NH,W,WWH
Christ College ATM,5/5/2017,259,43,216,20640.62,4592.28,16048.34,FRIDAY,NH,W,WWH
Big Street ATM,6/5/2017,118,30,88,7245.7,2286.9,4958.8,SATURDAY,NH,H,WHH
Mount Road ATM,6/5/2017,47,24,23,2525.6,2202.2000000000003,323.40000000000003,SATURDAY,NH,H,WHH
Airport ATM,6/5/2017,30,26,4,1740.2,1442.98,297.22,SATURDAY,NH,H,WHH
KK Nagar ATM,6/5/2017,146,93,53,15247.54,10810.800000000001,4436.74,SATURDAY,NH,H,WHH
Christ College ATM,6/5/2017,190,34,156,15473.92,3204.7400000000002,12269.18,SATURDAY,NH,H,WHH
Big Street ATM,7/5/2017,117,34,83,5132.820000000001,1281.28,3851.54,SUNDAY,NH,H,HHW
Mount Road ATM,7/5/2017,32,17,15,1566.18,1361.3600000000001,204.82,SUNDAY,NH,H,HHW
Airport ATM,7/5/2017,56,34,22,3092.32,2216.06,876.26,SUNDAY,NH,H,HHW
KK Nagar ATM,7/5/2017,19,9,10,577.5,269.5,308.0,SUNDAY,NH,H,HHW
Christ College ATM,7/5/2017,135,33,102,9065.98,2079.0,6986.9800000000005,SUNDAY,NH,H,HHW
Big Street ATM,8/5/2017,101,35,66,7162.54,3799.1800000000003,3363.36,MONDAY,NH,W,HWW
Mount Road ATM,8/5/2017,73,25,48,3115.42,1601.6000000000001,1513.82,MONDAY,NH,W,HWW
Airport ATM,8/5/2017,108,65,43,8064.9800000000005,5725.72,2339.26,MONDAY,NH,W,HWW
KK Nagar ATM,8/5/2017,93,42,51,6705.16,2009.7,4695.46,MONDAY,NH,W,HWW
Christ College ATM,8/5/2017,254,58,196,21539.98,6771.38,14768.6,MONDAY,NH,W,HWW
Big Street ATM,9/5/2017,127,42,85,9179.94,4928.0,4251.9400000000005,TUESDAY,NH,W,WWW
Mount Road ATM,9/5/2017,38,18,20,1643.18,967.12,676.0600000000001,TUESDAY,NH,W,WWW
Airport ATM,9/5/2017,133,75,58,11825.66,7961.8,3863.86,TUESDAY,NH,W,WWW
KK Nagar ATM,9/5/2017,53,24,29,2975.28,1473.78,1501.5,TUESDAY,NH,W,WWW
Christ College ATM,9/5/2017,202,52,150,17180.24,6076.84,11103.4,TUESDAY,NH,W,WWW
Big Street ATM,10/5/2017,123,36,87,7120.96,2379.3,4741.66,WEDNESDAY,NH,W,WWW
Mount Road ATM,10/5/2017,50,18,32,2077.46,606.76,1470.7,WEDNESDAY,NH,W,WWW
Airport ATM,10/5/2017,135,84,51,11737.880000000001,9027.48,2710.4,WEDNESDAY,NH,W,WWW
KK Nagar ATM,10/5/2017,39,26,13,2149.84,1567.72,582.12,WEDNESDAY,NH,W,WWW
Christ College ATM,10/5/2017,240,50,190,19136.04,5440.820000000001,13695.220000000001,WEDNESDAY,NH,W,WWW
Big Street ATM,11/5/2017,113,40,73,7347.34,4897.2,2450.14,THURSDAY,NH,W,WWW
Mount Road ATM,11/5/2017,201,58,143,11864.16,3990.1400000000003,7874.02,THURSDAY,NH,W,WWW
Airport ATM,11/5/2017,119,98,21,10037.720000000001,8918.14,1119.58,THURSDAY,NH,W,WWW
KK Nagar ATM,11/5/2017,90,59,31,8582.42,5865.860000000001,2716.56,THURSDAY,NH,W,WWW
Christ College ATM,11/5/2017,157,38,119,8762.6,2371.6,6391.0,THURSDAY,NH,W,WWW
Big Street ATM,12/5/2017,96,25,71,6805.26,2744.28,4060.98,FRIDAY,NH,W,WWH
Mount Road ATM,12/5/2017,83,24,59,5537.84,2317.7000000000003,3220.1400000000003,FRIDAY,NH,W,WWH
Airport ATM,12/5/2017,85,55,30,7576.8,5716.4800000000005,1860.3200000000002,FRIDAY,NH,W,WWH
KK Nagar ATM,12/5/2017,46,28,18,3415.7200000000003,2151.38,1264.3400000000001,FRIDAY,NH,W,WWH
Christ College ATM,12/5/2017,223,55,168,16533.440000000002,4855.62,11677.82,FRIDAY,NH,W,WWH
Big Street ATM,13-05-2017,78,18,60,4496.8,1647.8,2849.0,SATURDAY,NH,H,WHH
Mount Road ATM,13-05-2017,72,22,50,4516.82,2306.92,2209.9,SATURDAY,NH,H,WHH
Airport ATM,13-05-2017,54,42,12,6411.02,5460.84,950.1800000000001,SATURDAY,NH,H,WHH
KK Nagar ATM,13-05-2017,52,26,26,4051.7400000000002,2419.34,1632.4,SATURDAY,NH,H,WHH
Christ College ATM,13-05-2017,245,70,175,16305.52,6169.24,10136.28,SATURDAY,NH,H,WHH
Big Street ATM,14-05-2017,135,24,111,7162.54,1864.94,5297.6,SUNDAY,NH,H,HHW
Mount Road ATM,14-05-2017,41,9,32,980.98,167.86,813.12,SUNDAY,NH,H,HHW
KK Nagar ATM,14-05-2017,8,5,3,297.22,200.20000000000002,97.02,SUNDAY,NH,H,HHW
Christ College ATM,14-05-2017,3,3,0,184.8,184.8,0.0,SUNDAY,NH,H,HHW
Big Street ATM,15-05-2017,139,30,109,7353.5,1424.5,5929.0,MONDAY,NH,W,HWW
Mount Road ATM,15-05-2017,52,19,33,3100.02,1646.26,1453.76,MONDAY,NH,W,HWW
Airport ATM,15-05-2017,42,36,6,2910.6,2738.12,172.48000000000002,MONDAY,NH,W,HWW
KK Nagar ATM,15-05-2017,56,32,24,5534.76,3121.58,2413.1800000000003,MONDAY,NH,W,HWW
Big Street ATM,16-05-2017,54,21,33,3341.8,1540.0,1801.8,TUESDAY,NH,W,WWW
Mount Road ATM,16-05-2017,85,35,50,4165.7,1684.76,2480.94,TUESDAY,NH,W,WWW
KK Nagar ATM,16-05-2017,62,46,16,5460.84,4068.6800000000003,1392.16,TUESDAY,NH,W,WWW
Big Street ATM,17-05-2017,98,29,69,5166.7,1524.6000000000001,3642.1,WEDNESDAY,NH,W,WWW
Mount Road ATM,17-05-2017,49,17,32,2485.56,1299.76,1185.8,WEDNESDAY,NH,W,WWW
KK Nagar ATM,17-05-2017,95,69,26,11208.12,8932.0,2276.12,WEDNESDAY,NH,W,WWW
Christ College ATM,17-05-2017,134,43,91,8212.82,4119.5,4093.32,WEDNESDAY,NH,W,WWW
Big Street ATM,18-05-2017,96,34,62,7122.5,3703.7000000000003,3418.8,THURSDAY,NH,W,WWW
Mount Road ATM,18-05-2017,56,18,38,3455.76,2126.7400000000002,1329.02,THURSDAY,NH,W,WWW
Airport ATM,18-05-2017,15,14,1,1840.3,1794.1000000000001,46.2,THURSDAY,NH,W,WWW
KK Nagar ATM,18-05-2017,55,36,19,4094.86,3317.1600000000003,777.7,THURSDAY,NH,W,WWW
Christ College ATM,18-05-2017,171,37,134,13236.300000000001,3692.92,9543.380000000001,THURSDAY,NH,W,WWW
Big Street ATM,19-05-2017,90,28,62,5089.7,1932.7,3157.0,FRIDAY,NH,W,WWH
Mount Road ATM,19-05-2017,57,31,26,4158.0,3110.8,1047.2,FRIDAY,NH,W,WWH
KK Nagar ATM,19-05-2017,108,77,31,8842.68,7039.34,1803.3400000000001,FRIDAY,NH,W,WWH
Christ College ATM,19-05-2017,243,79,164,19243.84,7470.54,11773.300000000001,FRIDAY,NH,W,WWH
Big Street ATM,20-05-2017,120,28,92,7826.280000000001,3172.4,4653.88,SATURDAY,NH,H,WHH
Mount Road ATM,20-05-2017,68,19,49,1601.6000000000001,823.9,777.7,SATURDAY,NH,H,WHH
Airport ATM,20-05-2017,21,15,6,748.44,617.54,130.9,SATURDAY,NH,H,WHH
KK Nagar ATM,20-05-2017,54,40,14,6689.76,5647.18,1042.58,SATURDAY,NH,H,WHH
Christ College ATM,20-05-2017,277,61,216,20140.12,5828.900000000001,14311.220000000001,SATURDAY,NH,H,WHH
Big Street ATM,21-05-2017,92,24,68,4755.52,1225.8400000000001,3529.6800000000003,SUNDAY,NH,H,HHW
Mount Road ATM,21-05-2017,27,4,23,437.36,80.08,357.28000000000003,SUNDAY,NH,H,HHW
Airport ATM,21-05-2017,63,47,16,3007.62,2471.7000000000003,535.9200000000001,SUNDAY,NH,H,HHW
KK Nagar ATM,21-05-2017,106,72,34,8103.4800000000005,6437.2,1666.28,SUNDAY,NH,H,HHW
Christ College ATM,21-05-2017,253,49,204,15001.140000000001,3554.32,11446.82,SUNDAY,NH,H,HHW
Big Street ATM,22-05-2017,90,22,68,5143.6,1347.5,3796.1,MONDAY,NH,W,HWW
Mount Road ATM,22-05-2017,56,14,42,3013.78,1176.56,1837.22,MONDAY,NH,W,HWW
Airport ATM,22-05-2017,33,30,3,2212.98,2049.7400000000002,163.24,MONDAY,NH,W,HWW
KK Nagar ATM,22-05-2017,119,88,31,13458.060000000001,11707.08,1750.98,MONDAY,NH,W,HWW
Christ College ATM,22-05-2017,159,46,113,13106.94,4208.82,8898.12,MONDAY,NH,W,HWW
Big Street ATM,23-05-2017,77,25,52,3842.3,1424.5,2417.8,TUESDAY,NH,W,WWW
Mount Road ATM,23-05-2017,83,23,60,5634.860000000001,3126.2000000000003,2508.66,TUESDAY,NH,W,WWW
Airport ATM,23-05-2017,51,37,14,6620.46,5402.320000000001,1218.14,TUESDAY,NH,W,WWW
KK Nagar ATM,23-05-2017,89,65,24,11891.880000000001,10592.12,1299.76,TUESDAY,NH,W,WWW
Christ College ATM,23-05-2017,167,40,127,9743.58,4191.88,5551.7,TUESDAY,NH,W,WWW
Big Street ATM,24-05-2017,95,28,67,6344.8,2541.0,3803.8,WEDNESDAY,NH,W,WWW
Mount Road ATM,24-05-2017,127,53,74,9175.32,6027.56,3147.76,WEDNESDAY,NH,W,WWW
Airport ATM,24-05-2017,62,44,18,7140.9800000000005,5713.400000000001,1427.5800000000002,WEDNESDAY,NH,W,WWW
KK Nagar ATM,24-05-2017,98,66,32,11496.1,9081.380000000001,2414.7200000000003,WEDNESDAY,NH,W,WWW
Christ College ATM,24-05-2017,288,58,230,16585.8,3965.5,12620.300000000001,WEDNESDAY,NH,W,WWW
Big Street ATM,25-05-2017,89,27,62,5810.42,2636.48,3173.94,THURSDAY,NH,W,WWW
Mount Road ATM,25-05-2017,68,23,45,4318.16,2601.06,1717.1000000000001,THURSDAY,NH,W,WWW
Airport ATM,25-05-2017,46,34,12,4689.3,4081.0,608.3000000000001,THURSDAY,NH,W,WWW
KK Nagar ATM,25-05-2017,116,58,58,14229.6,9540.300000000001,4689.3,THURSDAY,NH,W,WWW
Christ College ATM,25-05-2017,223,42,181,15592.5,3696.0,11896.5,THURSDAY,NH,W,WWW
Big Street ATM,26-05-2017,93,27,66,3920.84,1681.68,2239.16,FRIDAY,NH,W,WWH
Mount Road ATM,26-05-2017,49,15,34,3418.8,1778.7,1640.1000000000001,FRIDAY,NH,W,WWH
Airport ATM,26-05-2017,63,40,23,4241.16,3223.2200000000003,1017.94,FRIDAY,NH,W,WWH
KK Nagar ATM,26-05-2017,79,55,24,7117.88,4824.82,2293.06,FRIDAY,NH,W,WWH
Christ College ATM,26-05-2017,213,59,154,12992.98,4792.4800000000005,8200.5,FRIDAY,NH,W,WWH
Big Street ATM,27-05-2017,95,24,71,6566.56,3130.82,3435.7400000000002,SATURDAY,NH,H,WHH
Mount Road ATM,27-05-2017,48,17,31,3412.6400000000003,2285.36,1127.28,SATURDAY,NH,H,WHH
Airport ATM,27-05-2017,82,56,26,4174.9400000000005,3160.08,1014.86,SATURDAY,NH,H,WHH
KK Nagar ATM,27-05-2017,109,52,57,11325.16,6207.74,5117.42,SATURDAY,NH,H,WHH
Christ College ATM,27-05-2017,294,81,213,20465.06,8474.62,11990.44,SATURDAY,NH,H,WHH
Big Street ATM,28-05-2017,98,31,67,4176.4800000000005,1583.1200000000001,2593.36,SUNDAY,NH,H,HHW
Mount Road ATM,28-05-2017,69,14,55,3521.98,877.8000000000001,2644.1800000000003,SUNDAY,NH,H,HHW
Airport ATM,28-05-2017,50,30,20,4703.16,3919.3,783.86,SUNDAY,NH,H,HHW
KK Nagar ATM,28-05-2017,218,106,112,16822.96,9481.78,7341.18,SUNDAY,NH,H,HHW
Christ College ATM,28-05-2017,42,13,29,1789.48,620.62,1168.8600000000001,SUNDAY,NH,H,HHW
Big Street ATM,29-05-2017,91,30,61,3515.82,1096.48,2419.34,MONDAY,NH,W,HWW
Mount Road ATM,29-05-2017,54,17,37,3241.7000000000003,1766.38,1475.32,MONDAY,NH,W,HWW
Airport ATM,29-05-2017,94,61,33,8234.380000000001,7207.2,1027.18,MONDAY,NH,W,HWW
KK Nagar ATM,29-05-2017,145,85,60,13357.960000000001,9146.06,4211.900000000001,MONDAY,NH,W,HWW
Christ College ATM,29-05-2017,129,41,88,7217.9800000000005,3675.98,3542.0,MONDAY,NH,W,HWW
Big Street ATM,30-05-2017,128,49,79,8180.4800000000005,4544.54,3635.94,TUESDAY,NH,W,WWW
Mount Road ATM,30-05-2017,59,24,35,3803.8,2119.04,1684.76,TUESDAY,NH,W,WWW
Airport ATM,30-05-2017,50,32,18,3751.44,2682.6800000000003,1068.76,TUESDAY,NH,W,WWW
KK Nagar ATM,30-05-2017,80,59,21,7573.72,6261.64,1312.0800000000002,TUESDAY,NH,W,WWW
Christ College ATM,30-05-2017,193,50,143,13622.84,4618.46,9004.380000000001,TUESDAY,NH,W,WWW
Big Street ATM,31-05-2017,121,39,82,7027.02,2710.4,4316.62,WEDNESDAY,NH,W,WWW
Mount Road ATM,31-05-2017,96,33,63,7188.72,2984.52,4204.2,WEDNESDAY,NH,W,WWW
Airport ATM,31-05-2017,69,43,26,3842.3,2528.6800000000003,1313.6200000000001,WEDNESDAY,NH,W,WWW
KK Nagar ATM,31-05-2017,78,56,22,9457.14,8547.0,910.14,WEDNESDAY,NH,W,WWW
Christ College ATM,31-05-2017,240,61,179,18078.06,4543.0,13535.060000000001,WEDNESDAY,NH,W,WWW
Big Street ATM,1/6/2017,131,34,97,9823.66,3457.3,6366.360000000001,THURSDAY,NH,W,WWW
Mount Road ATM,1/6/2017,76,32,44,7284.2,5089.7,2194.5,THURSDAY,NH,W,WWW
Airport ATM,1/6/2017,77,60,17,7601.4400000000005,6817.58,783.86,THURSDAY,NH,W,WWW
KK Nagar ATM,1/6/2017,96,57,39,12116.720000000001,8275.960000000001,3840.76,THURSDAY,NH,W,WWW
Christ College ATM,1/6/2017,326,73,253,27532.120000000003,6369.4400000000005,21162.68,THURSDAY,NH,W,WWW
Big Street ATM,2/6/2017,149,43,106,8791.86,2875.1800000000003,5916.68,FRIDAY,NH,W,WWH
Mount Road ATM,2/6/2017,70,25,45,4390.54,2414.7200000000003,1975.8200000000002,FRIDAY,NH,W,WWH
KK Nagar ATM,2/6/2017,98,61,37,10254.86,7827.820000000001,2427.04,FRIDAY,NH,W,WWH
Christ College ATM,2/6/2017,250,52,198,17117.100000000002,4290.4400000000005,12826.66,FRIDAY,NH,W,WWH
Big Street ATM,3/6/2017,92,26,66,6689.76,2673.44,4016.32,SATURDAY,NH,H,WHH
Mount Road ATM,3/6/2017,118,31,87,6916.14,2072.84,4843.3,SATURDAY,NH,H,WHH
KK Nagar ATM,3/6/2017,204,98,106,21811.02,9922.220000000001,11888.800000000001,SATURDAY,NH,H,WHH
Christ College ATM,3/6/2017,268,65,203,20497.4,5219.06,15278.34,SATURDAY,NH,H,WHH
Big Street ATM,4/6/2017,111,29,82,8380.68,3384.92,4995.76,SUNDAY,NH,H,HHW
Mount Road ATM,4/6/2017,95,28,67,2796.64,1325.94,1470.7,SUNDAY,NH,H,HHW
KK Nagar ATM,4/6/2017,128,87,41,11049.5,8833.44,2216.06,SUNDAY,NH,H,HHW
Christ College ATM,4/6/2017,47,19,28,2664.2000000000003,1578.5,1085.7,SUNDAY,NH,H,HHW
Big Street ATM,5/6/2017,140,28,112,9883.720000000001,3765.3,6118.42,MONDAY,NH,W,HWW
Mount Road ATM,5/6/2017,95,36,59,6138.4400000000005,3771.46,2366.98,MONDAY,NH,W,HWW
KK Nagar ATM,5/6/2017,153,57,96,15464.68,6175.400000000001,9289.28,MONDAY,NH,W,HWW
Christ College ATM,5/6/2017,308,68,240,21917.280000000002,5662.58,16254.7,MONDAY,NH,W,HWW
Big Street ATM,6/6/2017,106,36,70,6415.64,2715.02,3700.6200000000003,TUESDAY,NH,W,WWW
Mount Road ATM,6/6/2017,168,60,108,8862.7,4121.04,4741.66,TUESDAY,NH,W,WWW
KK Nagar ATM,6/6/2017,160,93,67,14214.2,8773.380000000001,5440.820000000001,TUESDAY,NH,W,WWW
Christ College ATM,6/6/2017,132,31,101,10216.36,3554.32,6662.04,TUESDAY,NH,W,WWW
Big Street ATM,7/6/2017,135,26,109,6577.34,2014.3200000000002,4563.02,WEDNESDAY,NH,W,WWW
Mount Road ATM,7/6/2017,191,71,120,13188.560000000001,6223.14,6965.42,WEDNESDAY,NH,W,WWW
KK Nagar ATM,7/6/2017,162,92,70,12614.140000000001,7934.08,4680.06,WEDNESDAY,NH,W,WWW
Christ College ATM,7/6/2017,240,67,173,20083.14,7661.5,12421.640000000001,WEDNESDAY,NH,W,WWW
Big Street ATM,8/6/2017,106,33,73,6143.06,2519.44,3623.62,THURSDAY,NH,W,WWW
Mount Road ATM,8/6/2017,129,47,82,9977.66,5467.0,4510.66,THURSDAY,NH,W,WWW
KK Nagar ATM,8/6/2017,167,79,88,16591.96,9435.58,7156.38,THURSDAY,NH,W,WWW
Christ College ATM,8/6/2017,239,52,187,20027.7,5487.02,14540.68,THURSDAY,NH,W,WWW
Big Street ATM,9/6/2017,71,24,47,4345.88,1874.18,2471.7000000000003,FRIDAY,NH,W,WWH
Mount Road ATM,9/6/2017,76,36,40,3987.06,2959.88,1027.18,FRIDAY,NH,W,WWH
KK Nagar ATM,9/6/2017,107,71,36,13414.94,10099.32,3315.62,FRIDAY,NH,W,WWH
Christ College ATM,9/6/2017,226,63,163,18304.440000000002,7305.76,10998.68,FRIDAY,NH,W,WWH
Big Street ATM,10/6/2017,83,15,68,4536.84,458.92,4077.92,SATURDAY,NH,H,WHH
Mount Road ATM,10/6/2017,61,15,46,1923.46,1164.24,759.22,SATURDAY,NH,H,WHH
KK Nagar ATM,10/6/2017,79,44,35,9206.12,7053.2,2152.92,SATURDAY,NH,H,WHH
Christ College ATM,10/6/2017,216,77,139,18230.52,9124.5,9106.02,SATURDAY,NH,H,WHH
Big Street ATM,11/6/2017,137,29,108,8941.24,2539.46,6401.780000000001,SUNDAY,NH,H,HHW
Mount Road ATM,11/6/2017,65,18,47,2844.38,2296.14,548.24,SUNDAY,NH,H,HHW
KK Nagar ATM,11/6/2017,125,80,45,9648.1,6623.54,3024.56,SUNDAY,NH,H,HHW
Christ College ATM,11/6/2017,161,28,133,9814.42,3153.92,6660.5,SUNDAY,NH,H,HHW
Big Street ATM,12/6/2017,95,30,65,5907.4400000000005,2366.98,3540.46,MONDAY,NH,W,HWW
Mount Road ATM,12/6/2017,61,27,34,2189.88,1863.4,326.48,MONDAY,NH,W,HWW
KK Nagar ATM,12/6/2017,109,78,31,9709.7,7860.16,1849.54,MONDAY,NH,W,HWW
Christ College ATM,12/6/2017,50,16,34,3038.42,1626.24,1412.18,MONDAY,NH,W,HWW
Big Street ATM,13-06-2017,120,24,96,7755.4400000000005,2559.48,5195.96,TUESDAY,NH,W,WWW
Mount Road ATM,13-06-2017,84,33,51,2414.7200000000003,1869.5600000000002,545.16,TUESDAY,NH,W,WWW
KK Nagar ATM,13-06-2017,96,55,41,8282.12,4506.04,3776.08,TUESDAY,NH,W,WWW
Christ College ATM,13-06-2017,204,62,142,16439.5,6771.38,9668.12,TUESDAY,NH,W,WWW
Mount Road ATM,14-06-2017,60,39,21,2849.0,2587.2000000000003,261.8,WEDNESDAY,NH,W,WWW
KK Nagar ATM,14-06-2017,18,12,6,2035.88,1724.8,311.08,WEDNESDAY,NH,W,WWW
Christ College ATM,14-06-2017,138,57,81,9223.06,4912.6,4310.46,WEDNESDAY,NH,W,WWW
Mount Road ATM,15-06-2017,48,22,26,1915.76,1601.6000000000001,314.16,THURSDAY,NH,W,WWW
KK Nagar ATM,15-06-2017,69,43,26,4971.12,3766.84,1204.28,THURSDAY,NH,W,WWW
Christ College ATM,15-06-2017,148,37,111,10635.24,4093.32,6541.92,THURSDAY,NH,W,WWW
Big Street ATM,16-06-2017,58,12,46,2382.38,825.44,1556.94,FRIDAY,NH,W,WWH
Mount Road ATM,16-06-2017,44,18,26,1256.64,937.86,318.78000000000003,FRIDAY,NH,W,WWH
KK Nagar ATM,16-06-2017,83,55,28,7465.92,5738.04,1727.88,FRIDAY,NH,W,WWH
Christ College ATM,16-06-2017,129,34,95,8910.44,3272.5,5637.9400000000005,FRIDAY,NH,W,WWH
Big Street ATM,17-06-2017,113,35,78,5758.06,2320.78,3437.28,SATURDAY,NH,H,WHH
Mount Road ATM,17-06-2017,59,14,45,1771.0,1116.5,654.5,SATURDAY,NH,H,WHH
KK Nagar ATM,17-06-2017,121,84,37,10039.26,8068.06,1971.2,SATURDAY,NH,H,WHH
Christ College ATM,17-06-2017,121,55,66,10077.76,6811.42,3266.34,SATURDAY,NH,H,WHH
Big Street ATM,18-06-2017,89,27,62,3691.38,1304.38,2387.0,SUNDAY,NH,H,HHW
Mount Road ATM,18-06-2017,37,8,29,545.16,241.78,303.38,SUNDAY,NH,H,HHW
KK Nagar ATM,18-06-2017,78,61,17,6364.820000000001,5688.76,676.0600000000001,SUNDAY,NH,H,HHW
Christ College ATM,18-06-2017,132,45,87,6865.320000000001,3303.3,3562.02,SUNDAY,NH,H,HHW
Big Street ATM,19-06-2017,106,31,75,7031.64,3454.2200000000003,3577.42,MONDAY,NH,W,HWW
Mount Road ATM,19-06-2017,42,12,30,1242.78,816.2,426.58000000000004,MONDAY,NH,W,HWW
KK Nagar ATM,19-06-2017,49,26,23,4014.78,2282.28,1732.5,MONDAY,NH,W,HWW
Christ College ATM,19-06-2017,142,62,80,9592.66,6178.4800000000005,3414.1800000000003,MONDAY,NH,W,HWW
Big Street ATM,20-06-2017,103,32,71,6846.84,3175.48,3671.36,TUESDAY,NH,W,WWW
Mount Road ATM,20-06-2017,56,22,34,2125.2000000000003,1734.04,391.16,TUESDAY,NH,W,WWW
KK Nagar ATM,20-06-2017,66,44,22,6147.68,4855.62,1292.06,TUESDAY,NH,W,WWW
Christ College ATM,20-06-2017,121,57,64,8462.300000000001,6132.28,2330.02,TUESDAY,NH,W,WWW
Big Street ATM,21-06-2017,114,31,83,6860.7,2651.88,4208.82,WEDNESDAY,NH,W,WWW
Mount Road ATM,21-06-2017,46,23,23,2621.08,2366.98,254.1,WEDNESDAY,NH,W,WWW
KK Nagar ATM,21-06-2017,128,91,37,13629.0,11799.48,1829.52,WEDNESDAY,NH,W,WWW
Christ College ATM,21-06-2017,61,19,42,4871.02,2002.0,2869.02,WEDNESDAY,NH,W,WWW
Big Street ATM,22-06-2017,127,38,89,7575.26,3375.6800000000003,4199.58,THURSDAY,NH,W,WWW
Mount Road ATM,22-06-2017,53,22,31,1901.9,1515.3600000000001,386.54,THURSDAY,NH,W,WWW
Airport ATM,22-06-2017,6,5,1,548.24,471.24,77.0,THURSDAY,NH,W,WWW
KK Nagar ATM,22-06-2017,92,60,32,8757.98,6766.76,1991.22,THURSDAY,NH,W,WWW
Big Street ATM,23-06-2017,106,34,72,5876.64,2764.3,3112.34,FRIDAY,NH,W,WWH
Mount Road ATM,23-06-2017,36,12,24,1116.5,808.5,308.0,FRIDAY,NH,W,WWH
Airport ATM,23-06-2017,35,28,7,4004.0,3773.0,231.0,FRIDAY,NH,W,WWH
KK Nagar ATM,23-06-2017,121,69,52,12184.48,8647.1,3537.38,FRIDAY,NH,W,WWH
Christ College ATM,23-06-2017,84,35,49,4770.92,3278.6600000000003,1492.26,FRIDAY,NH,W,WWH
Big Street ATM,24-06-2017,118,37,81,5482.400000000001,1929.6200000000001,3552.78,SATURDAY,NH,H,WHH
Mount Road ATM,24-06-2017,45,18,27,1801.8,1430.66,371.14,SATURDAY,NH,H,WHH
Airport ATM,24-06-2017,18,14,4,1626.24,1456.8400000000001,169.4,SATURDAY,NH,H,WHH
KK Nagar ATM,24-06-2017,69,50,19,6483.400000000001,5423.88,1059.52,SATURDAY,NH,H,WHH
Christ College ATM,24-06-2017,170,64,106,11991.98,5696.46,6295.52,SATURDAY,NH,H,WHH
Big Street ATM,25-06-2017,99,16,83,3283.28,588.28,2695.0,SUNDAY,NH,H,HHH
Mount Road ATM,25-06-2017,31,20,11,1284.3600000000001,1190.42,93.94,SUNDAY,NH,H,HHH
Airport ATM,25-06-2017,4,4,0,186.34,186.34,0.0,SUNDAY,NH,H,HHH
KK Nagar ATM,25-06-2017,20,16,4,1419.88,1264.3400000000001,155.54,SUNDAY,NH,H,HHH
Christ College ATM,25-06-2017,131,29,102,7010.08,3069.2200000000003,3940.86,SUNDAY,NH,H,HHH
Big Street ATM,26-06-2017,44,7,37,1673.98,512.82,1161.16,MONDAY,M,H,HHW
Mount Road ATM,26-06-2017,52,20,32,3260.1800000000003,2856.7000000000003,403.48,MONDAY,M,H,HHW
KK Nagar ATM,26-06-2017,23,20,3,2867.48,2759.6800000000003,107.8,MONDAY,M,H,HHW
Christ College ATM,26-06-2017,175,49,126,9113.720000000001,2651.88,6461.84,MONDAY,M,H,HHW
Big Street ATM,27-06-2017,88,21,67,4328.9400000000005,1855.7,2473.2400000000002,TUESDAY,NH,W,HWW
Mount Road ATM,27-06-2017,51,9,42,1079.54,417.34000000000003,662.2,TUESDAY,NH,W,HWW
Airport ATM,27-06-2017,56,39,17,6783.7,5902.820000000001,880.88,TUESDAY,NH,W,HWW
KK Nagar ATM,27-06-2017,94,65,29,8277.5,6055.28,2222.2200000000003,TUESDAY,NH,W,HWW
Christ College ATM,27-06-2017,127,41,86,8205.12,3186.26,5018.860000000001,TUESDAY,NH,W,HWW
Big Street ATM,28-06-2017,90,16,74,4952.64,1244.32,3708.32,WEDNESDAY,NH,W,WWW
Mount Road ATM,28-06-2017,43,20,23,1938.8600000000001,1683.22,255.64000000000001,WEDNESDAY,NH,W,WWW
Airport ATM,28-06-2017,9,7,2,793.1,708.4,84.7,WEDNESDAY,NH,W,WWW
KK Nagar ATM,28-06-2017,100,74,26,10605.98,9287.74,1318.24,WEDNESDAY,NH,W,WWW
Christ College ATM,28-06-2017,63,26,37,4522.9800000000005,2902.9,1620.0800000000002,WEDNESDAY,NH,W,WWW
Big Street ATM,29-06-2017,144,40,104,8990.52,3780.7000000000003,5209.820000000001,THURSDAY,NH,W,WWW
Mount Road ATM,29-06-2017,42,19,23,1960.42,1730.96,229.46,THURSDAY,NH,W,WWW
KK Nagar ATM,29-06-2017,163,104,59,17391.22,13475.0,3916.2200000000003,THURSDAY,NH,W,WWW
Christ College ATM,29-06-2017,127,35,92,9012.08,3974.7400000000002,5037.34,THURSDAY,NH,W,WWW
Big Street ATM,30-06-2017,115,37,78,7179.4800000000005,2610.3,4569.18,FRIDAY,NH,W,WWH
Mount Road ATM,30-06-2017,57,24,33,3306.38,2941.4,364.98,FRIDAY,NH,W,WWH
KK Nagar ATM,30-06-2017,128,85,43,20058.5,15433.880000000001,4624.62,FRIDAY,NH,W,WWH
Christ College ATM,30-06-2017,182,58,124,14847.140000000001,6119.96,8727.18,FRIDAY,NH,W,WWH
Big Street ATM,1/7/2017,131,34,97,7833.9800000000005,3235.54,4598.4400000000005,SATURDAY,NH,H,WHH
Mount Road ATM,1/7/2017,50,12,38,1607.76,1059.52,548.24,SATURDAY,NH,H,WHH
Airport ATM,1/7/2017,28,21,7,2731.96,2257.64,474.32,SATURDAY,NH,H,WHH
KK Nagar ATM,1/7/2017,150,86,64,14639.24,10642.94,3996.3,SATURDAY,NH,H,WHH
Christ College ATM,1/7/2017,260,66,194,23562.0,7955.64,15606.36,SATURDAY,NH,H,WHH
Big Street ATM,2/7/2017,150,34,116,8845.76,1518.44,7327.320000000001,SUNDAY,NH,H,HHW
Mount Road ATM,2/7/2017,51,9,42,1958.88,666.82,1292.06,SUNDAY,NH,H,HHW
KK Nagar ATM,2/7/2017,131,56,75,10849.300000000001,5349.96,5499.34,SUNDAY,NH,H,HHW
Christ College ATM,2/7/2017,129,27,102,7867.860000000001,1510.74,6357.12,SUNDAY,NH,H,HHW
Big Street ATM,3/7/2017,56,12,44,3714.48,1587.74,2126.7400000000002,MONDAY,NH,W,HWW
Mount Road ATM,3/7/2017,100,35,65,6386.38,3226.3,3160.08,MONDAY,NH,W,HWW
Airport ATM,3/7/2017,4,3,1,130.9,123.2,7.7,MONDAY,NH,W,HWW
KK Nagar ATM,3/7/2017,108,65,43,11272.800000000001,7276.5,3996.3,MONDAY,NH,W,HWW
Christ College ATM,3/7/2017,171,74,97,15672.58,9551.08,6121.5,MONDAY,NH,W,HWW
Big Street ATM,4/7/2017,72,14,58,4424.42,1476.8600000000001,2947.56,TUESDAY,NH,W,WWW
Mount Road ATM,4/7/2017,55,24,31,3880.8,2109.8,1771.0,TUESDAY,NH,W,WWW
Airport ATM,4/7/2017,6,5,1,666.82,662.2,4.62,TUESDAY,NH,W,WWW
KK Nagar ATM,4/7/2017,58,41,17,7427.42,6247.780000000001,1179.64,TUESDAY,NH,W,WWW
Christ College ATM,4/7/2017,156,57,99,11443.74,5442.360000000001,6001.38,TUESDAY,NH,W,WWW
Big Street ATM,5/7/2017,49,15,34,4304.3,1726.3400000000001,2577.96,WEDNESDAY,NH,W,WWW
Mount Road ATM,5/7/2017,201,51,150,15073.52,5839.68,9233.84,WEDNESDAY,NH,W,WWW
Airport ATM,5/7/2017,10,8,2,977.9,870.1,107.8,WEDNESDAY,NH,W,WWW
KK Nagar ATM,5/7/2017,68,51,17,7693.84,6717.4800000000005,976.36,WEDNESDAY,NH,W,WWW
Christ College ATM,5/7/2017,265,80,185,21683.2,8733.34,12949.86,WEDNESDAY,NH,W,WWW
Big Street ATM,6/7/2017,49,15,34,2828.98,1458.38,1370.6000000000001,THURSDAY,NH,W,WWW
Mount Road ATM,6/7/2017,84,29,55,5984.4400000000005,3157.0,2827.44,THURSDAY,NH,W,WWW
Airport ATM,6/7/2017,1,1,0,15.4,15.4,0.0,THURSDAY,NH,W,WWW
KK Nagar ATM,6/7/2017,66,43,23,5844.3,3866.94,1977.3600000000001,THURSDAY,NH,W,WWW
Christ College ATM,6/7/2017,198,58,140,15945.16,6126.12,9819.04,THURSDAY,NH,W,WWW
Big Street ATM,7/7/2017,116,45,71,7943.320000000001,4509.12,3434.2000000000003,FRIDAY,NH,W,WWH
Mount Road ATM,7/7/2017,92,39,53,8562.4,5674.900000000001,2887.5,FRIDAY,NH,W,WWH
KK Nagar ATM,7/7/2017,65,42,23,5537.84,3963.96,1573.88,FRIDAY,NH,W,WWH
Christ College ATM,7/7/2017,134,45,89,9894.5,4521.4400000000005,5373.06,FRIDAY,NH,W,WWH
Big Street ATM,8/7/2017,122,17,105,7245.7,2000.46,5245.24,SATURDAY,NH,H,WHH
Mount Road ATM,8/7/2017,73,21,52,3035.34,1101.1000000000001,1934.24,SATURDAY,NH,H,WHH
KK Nagar ATM,8/7/2017,48,33,15,4974.2,4042.5,931.7,SATURDAY,NH,H,WHH
Christ College ATM,8/7/2017,276,86,190,21241.22,8593.2,12648.02,SATURDAY,NH,H,WHH
Big Street ATM,9/7/2017,105,25,80,4997.3,2366.98,2630.32,SUNDAY,NH,H,HHW
Mount Road ATM,9/7/2017,81,11,70,2841.3,646.8000000000001,2194.5,SUNDAY,NH,H,HHW
Christ College ATM,9/7/2017,106,23,83,5990.6,1144.22,4846.38,SUNDAY,NH,H,HHW
Big Street ATM,10/7/2017,98,28,70,6363.280000000001,2852.08,3511.2000000000003,MONDAY,NH,W,HWW
Mount Road ATM,10/7/2017,59,32,27,3295.6,2947.56,348.04,MONDAY,NH,W,HWW
KK Nagar ATM,10/7/2017,93,67,26,10250.24,8326.78,1923.46,MONDAY,NH,W,HWW
Christ College ATM,10/7/2017,210,57,153,15192.1,5676.4400000000005,9515.66,MONDAY,NH,W,HWW
Big Street ATM,11/7/2017,122,32,90,7341.18,3521.98,3819.2000000000003,TUESDAY,NH,W,WWW
Mount Road ATM,11/7/2017,69,42,27,3349.5,3070.76,278.74,TUESDAY,NH,W,WWW
KK Nagar ATM,11/7/2017,67,53,14,5276.04,4288.900000000001,987.14,TUESDAY,NH,W,WWW
Christ College ATM,11/7/2017,111,53,58,11505.34,6990.06,4515.28,TUESDAY,NH,W,WWW
Big Street ATM,12/7/2017,95,32,63,6483.400000000001,3314.08,3169.32,WEDNESDAY,NH,W,WWW
Mount Road ATM,12/7/2017,45,23,22,1820.28,1569.26,251.02,WEDNESDAY,NH,W,WWW
Airport ATM,12/7/2017,20,12,8,1670.9,1506.1200000000001,164.78,WEDNESDAY,NH,W,WWW
KK Nagar ATM,12/7/2017,97,70,27,10151.68,8283.66,1868.02,WEDNESDAY,NH,W,WWW
Christ College ATM,12/7/2017,113,40,73,7455.14,3521.98,3933.1600000000003,WEDNESDAY,NH,W,WWW
Big Street ATM,13-07-2017,33,12,21,2550.2400000000002,1416.8,1133.44,THURSDAY,NH,W,WWW
Mount Road ATM,13-07-2017,40,16,24,1390.6200000000001,1030.26,360.36,THURSDAY,NH,W,WWW
Airport ATM,13-07-2017,19,17,2,794.64,717.64,77.0,THURSDAY,NH,W,WWW
KK Nagar ATM,13-07-2017,56,39,17,6366.360000000001,5245.24,1121.1200000000001,THURSDAY,NH,W,WWW
Christ College ATM,13-07-2017,148,53,95,12166.0,6258.56,5907.4400000000005,THURSDAY,NH,W,WWW
Big Street ATM,14-07-2017,82,25,57,5668.74,3067.6800000000003,2601.06,FRIDAY,NH,W,WWH
Mount Road ATM,14-07-2017,61,23,38,2691.92,2140.6,551.32,FRIDAY,NH,W,WWH
KK Nagar ATM,14-07-2017,53,34,19,5377.68,3850.0,1527.68,FRIDAY,NH,W,WWH
Christ College ATM,14-07-2017,128,48,80,7781.62,3785.32,3996.3,FRIDAY,NH,W,WWH
Big Street ATM,15-07-2017,106,30,76,6971.58,4321.24,2650.34,SATURDAY,NH,H,WHH
Mount Road ATM,15-07-2017,105,54,51,4091.78,3266.34,825.44,SATURDAY,NH,H,WHH
Airport ATM,15-07-2017,23,13,10,2079.0,1697.0800000000002,381.92,SATURDAY,NH,H,WHH
KK Nagar ATM,15-07-2017,104,76,28,8919.68,6457.22,2462.46,SATURDAY,NH,H,WHH
Christ College ATM,15-07-2017,173,64,109,13490.4,6233.92,7256.4800000000005,SATURDAY,NH,H,WHH
Big Street ATM,16-07-2017,109,30,79,4729.34,1820.28,2909.06,SUNDAY,NH,H,HHW
Mount Road ATM,16-07-2017,68,28,40,2135.98,1692.46,443.52000000000004,SUNDAY,NH,H,HHW
Airport ATM,16-07-2017,1,1,0,15.4,15.4,0.0,SUNDAY,NH,H,HHW
Christ College ATM,16-07-2017,125,45,80,6754.4400000000005,3372.6,3381.84,SUNDAY,NH,H,HHW
Big Street ATM,17-07-2017,71,22,49,4128.74,1943.48,2185.26,MONDAY,NH,W,HWW
Mount Road ATM,17-07-2017,50,23,27,2810.5,2442.44,368.06,MONDAY,NH,W,HWW
KK Nagar ATM,17-07-2017,58,43,15,4789.400000000001,3597.44,1191.96,MONDAY,NH,W,HWW
Christ College ATM,17-07-2017,144,64,80,12064.36,8577.800000000001,3486.56,MONDAY,NH,W,HWW
Big Street ATM,18-07-2017,104,24,80,7228.76,3267.88,3960.88,TUESDAY,NH,W,WWW
Mount Road ATM,18-07-2017,66,22,44,4886.42,2430.12,2456.3,TUESDAY,NH,W,WWW
KK Nagar ATM,18-07-2017,48,33,15,5730.34,4470.62,1259.72,TUESDAY,NH,W,WWW
Christ College ATM,18-07-2017,120,31,89,8456.14,3448.06,5008.08,TUESDAY,NH,W,WWW
Big Street ATM,19-07-2017,35,10,25,1632.4,623.7,1008.7,WEDNESDAY,NH,W,WWW
Mount Road ATM,19-07-2017,30,13,17,2079.0,1054.9,1024.1000000000001,WEDNESDAY,NH,W,WWW
Airport ATM,19-07-2017,17,12,5,1640.1000000000001,1538.46,101.64,WEDNESDAY,NH,W,WWW
KK Nagar ATM,19-07-2017,38,31,7,4056.36,3347.96,708.4,WEDNESDAY,NH,W,WWW
Christ College ATM,19-07-2017,68,24,44,3971.6600000000003,1820.28,2151.38,WEDNESDAY,NH,W,WWW
Big Street ATM,20-07-2017,64,14,50,4000.92,1726.3400000000001,2274.58,THURSDAY,NH,W,WWW
Mount Road ATM,20-07-2017,59,18,41,2277.66,1179.64,1098.02,THURSDAY,NH,W,WWW
KK Nagar ATM,20-07-2017,13,7,6,1592.3600000000001,853.1600000000001,739.2,THURSDAY,NH,W,WWW
Christ College ATM,20-07-2017,123,47,76,7448.9800000000005,3582.04,3866.94,THURSDAY,NH,W,WWW
Big Street ATM,21-07-2017,103,35,68,7127.12,3495.8,3631.32,FRIDAY,NH,W,WWH
Mount Road ATM,21-07-2017,76,31,45,2511.7400000000002,1307.46,1204.28,FRIDAY,NH,W,WWH
Airport ATM,21-07-2017,7,3,4,90.86,36.96,53.9,FRIDAY,NH,W,WWH
KK Nagar ATM,21-07-2017,45,26,19,5525.52,3882.34,1643.18,FRIDAY,NH,W,WWH
Christ College ATM,21-07-2017,107,43,64,8483.86,4398.24,4085.6200000000003,FRIDAY,NH,W,WWH
Big Street ATM,22-07-2017,111,31,80,5850.46,2679.6,3170.86,SATURDAY,NH,H,WHH
Mount Road ATM,22-07-2017,77,21,56,3261.7200000000003,1253.56,2008.16,SATURDAY,NH,H,WHH
Airport ATM,22-07-2017,60,25,35,3934.7000000000003,2864.4,1070.3,SATURDAY,NH,H,WHH
Christ College ATM,22-07-2017,162,77,85,15212.12,10354.960000000001,4857.16,SATURDAY,NH,H,WHH
Big Street ATM,23-07-2017,80,24,56,3648.26,1789.48,1858.78,SUNDAY,NH,H,HHW
Mount Road ATM,23-07-2017,44,13,31,2619.54,1475.32,1144.22,SUNDAY,NH,H,HHW
Airport ATM,23-07-2017,57,39,18,4632.32,3652.88,979.44,SUNDAY,NH,H,HHW
Christ College ATM,23-07-2017,80,33,47,2835.14,1781.78,1053.3600000000001,SUNDAY,NH,H,HHW
Big Street ATM,24-07-2017,60,23,37,4230.38,2885.96,1344.42,MONDAY,NH,W,HWW
Mount Road ATM,24-07-2017,48,12,36,1920.38,657.58,1262.8,MONDAY,NH,W,HWW
Airport ATM,24-07-2017,68,45,23,5243.7,4251.9400000000005,991.76,MONDAY,NH,W,HWW
KK Nagar ATM,24-07-2017,15,10,5,1484.56,1302.8400000000001,181.72,MONDAY,NH,W,HWW
Christ College ATM,24-07-2017,114,46,68,8206.66,4797.1,3409.56,MONDAY,NH,W,HWW
Big Street ATM,25-07-2017,71,19,52,2881.34,1130.3600000000001,1750.98,TUESDAY,NH,W,WWW
Mount Road ATM,25-07-2017,44,17,27,2933.7000000000003,1740.2,1193.5,TUESDAY,NH,W,WWW
Airport ATM,25-07-2017,10,8,2,646.8000000000001,520.52,126.28,TUESDAY,NH,W,WWW
KK Nagar ATM,25-07-2017,20,14,6,1889.5800000000002,1273.58,616.0,TUESDAY,NH,W,WWW
Christ College ATM,25-07-2017,144,57,87,10667.58,5690.3,4977.28,TUESDAY,NH,W,WWW
Big Street ATM,26-07-2017,101,24,77,5097.400000000001,1774.0800000000002,3323.32,WEDNESDAY,NH,W,WWW
Mount Road ATM,26-07-2017,60,23,37,3549.7000000000003,1792.56,1757.14,WEDNESDAY,NH,W,WWW
Airport ATM,26-07-2017,45,32,13,4378.22,3720.6400000000003,657.58,WEDNESDAY,NH,W,WWW
KK Nagar ATM,26-07-2017,25,17,8,1593.9,1151.92,441.98,WEDNESDAY,NH,W,WWW
Christ College ATM,26-07-2017,81,44,37,5028.1,3619.0,1409.1000000000001,WEDNESDAY,NH,W,WWW
Big Street ATM,27-07-2017,69,27,42,4455.22,2584.12,1871.1000000000001,THURSDAY,NH,W,WWW
Mount Road ATM,27-07-2017,95,45,50,4633.860000000001,2099.02,2534.84,THURSDAY,NH,W,WWW
Airport ATM,27-07-2017,138,94,44,13284.04,10436.58,2847.46,THURSDAY,NH,W,WWW
KK Nagar ATM,27-07-2017,50,36,14,4995.76,4056.36,939.4,THURSDAY,NH,W,WWW
Christ College ATM,27-07-2017,124,52,72,8064.9800000000005,5199.04,2865.94,THURSDAY,NH,W,WWW
Big Street ATM,28-07-2017,83,31,52,3970.1200000000003,1855.7,2114.42,FRIDAY,NH,W,WWH
Mount Road ATM,28-07-2017,65,26,39,3552.78,2402.4,1150.38,FRIDAY,NH,W,WWH
Airport ATM,28-07-2017,107,64,43,8968.960000000001,6466.46,2502.5,FRIDAY,NH,W,WWH
KK Nagar ATM,28-07-2017,88,54,34,7073.22,4861.78,2211.44,FRIDAY,NH,W,WWH
Christ College ATM,28-07-2017,141,57,84,9032.1,4727.8,4304.3,FRIDAY,NH,W,WWH
Big Street ATM,29-07-2017,91,22,69,4629.24,2172.94,2456.3,SATURDAY,NH,H,WHH
Mount Road ATM,29-07-2017,67,18,49,4499.88,2340.8,2159.08,SATURDAY,NH,H,WHH
Airport ATM,29-07-2017,117,86,31,8603.98,6742.12,1861.8600000000001,SATURDAY,NH,H,WHH
KK Nagar ATM,29-07-2017,4,4,0,708.4,708.4,0.0,SATURDAY,NH,H,WHH
Christ College ATM,29-07-2017,162,63,99,11791.78,6033.72,5758.06,SATURDAY,NH,H,WHH
Big Street ATM,30-07-2017,81,16,65,4114.88,1740.2,2374.6800000000003,SUNDAY,NH,H,HHW
Mount Road ATM,30-07-2017,50,18,32,3006.08,2060.52,945.5600000000001,SUNDAY,NH,H,HHW
Airport ATM,30-07-2017,102,70,32,6637.400000000001,5061.9800000000005,1575.42,SUNDAY,NH,H,HHW
Christ College ATM,30-07-2017,135,37,98,6026.02,1991.22,4034.8,SUNDAY,NH,H,HHW
Big Street ATM,31-07-2017,119,45,74,6524.9800000000005,3734.5,2790.48,MONDAY,NH,W,HWW
Mount Road ATM,31-07-2017,29,8,21,1552.32,663.74,888.58,MONDAY,NH,W,HWW
Airport ATM,31-07-2017,138,95,43,13256.32,9491.02,3765.3,MONDAY,NH,W,HWW
Christ College ATM,31-07-2017,164,61,103,13736.800000000001,5422.34,8314.460000000001,MONDAY,NH,W,HWW
Big Street ATM,1/8/2017,124,35,89,6549.62,2671.9,3877.7200000000003,TUESDAY,NH,W,WWW
Mount Road ATM,1/8/2017,49,13,36,3927.0,2086.7000000000003,1840.3,TUESDAY,NH,W,WWW
Airport ATM,1/8/2017,130,87,43,12594.12,9999.220000000001,2594.9,TUESDAY,NH,W,WWW
Christ College ATM,1/8/2017,140,50,90,10803.1,4182.64,6620.46,TUESDAY,NH,W,WWW
Big Street ATM,2/8/2017,82,18,64,5725.72,1459.92,4265.8,WEDNESDAY,NH,W,WWW
Mount Road ATM,2/8/2017,69,27,42,4854.08,2214.52,2639.56,WEDNESDAY,NH,W,WWW
Airport ATM,2/8/2017,174,111,63,15458.52,12601.82,2856.7000000000003,WEDNESDAY,NH,W,WWW
KK Nagar ATM,2/8/2017,13,7,6,1258.18,970.2,287.98,WEDNESDAY,NH,W,WWW
Christ College ATM,2/8/2017,55,13,42,5861.24,1604.68,4256.56,WEDNESDAY,NH,W,WWW
Big Street ATM,3/8/2017,105,24,81,5614.84,2597.98,3016.86,THURSDAY,NH,W,WWW
Mount Road ATM,3/8/2017,103,31,72,5884.34,2414.7200000000003,3469.62,THURSDAY,NH,W,WWW
Airport ATM,3/8/2017,143,90,53,11864.16,8881.18,2982.98,THURSDAY,NH,W,WWW
KK Nagar ATM,3/8/2017,57,42,15,5095.860000000001,4007.08,1088.78,THURSDAY,NH,W,WWW
Christ College ATM,3/8/2017,85,37,48,5499.34,2681.14,2818.2000000000003,THURSDAY,NH,W,WWW
Big Street ATM,4/8/2017,124,48,76,5932.08,3240.1600000000003,2691.92,FRIDAY,NH,W,WWH
Mount Road ATM,4/8/2017,55,23,32,3471.1600000000003,1871.1000000000001,1600.06,FRIDAY,NH,W,WWH
Airport ATM,4/8/2017,111,72,39,8657.880000000001,7221.06,1436.82,FRIDAY,NH,W,WWH
KK Nagar ATM,4/8/2017,46,26,20,4573.8,3116.96,1456.8400000000001,FRIDAY,NH,W,WWH
Christ College ATM,4/8/2017,168,72,96,11679.36,7070.14,4609.22,FRIDAY,NH,W,WWH
Big Street ATM,5/8/2017,66,20,46,3503.5,2169.86,1333.64,SATURDAY,NH,H,WHH
Mount Road ATM,5/8/2017,117,34,83,7777.0,3280.2000000000003,4496.8,SATURDAY,NH,H,WHH
Airport ATM,5/8/2017,146,104,42,17030.86,14472.92,2557.94,SATURDAY,NH,H,WHH
KK Nagar ATM,5/8/2017,35,18,17,2887.5,1726.3400000000001,1161.16,SATURDAY,NH,H,WHH
Christ College ATM,5/8/2017,137,43,94,11382.140000000001,4093.32,7288.820000000001,SATURDAY,NH,H,WHH
Big Street ATM,6/8/2017,129,22,107,6697.46,1715.56,4981.900000000001,SUNDAY,NH,H,HHW
Mount Road ATM,6/8/2017,86,26,60,3816.1200000000003,1795.64,2020.48,SUNDAY,NH,H,HHW
Airport ATM,6/8/2017,120,84,36,8426.880000000001,6783.7,1643.18,SUNDAY,NH,H,HHW
KK Nagar ATM,6/8/2017,91,59,32,9859.08,7453.6,2405.48,SUNDAY,NH,H,HHW
Christ College ATM,6/8/2017,116,44,72,10093.16,5200.58,4892.58,SUNDAY,NH,H,HHW
Big Street ATM,7/8/2017,111,22,89,5031.18,1726.3400000000001,3304.84,MONDAY,NH,W,HWW
Mount Road ATM,7/8/2017,133,45,88,8736.42,3455.76,5280.66,MONDAY,NH,W,HWW
Airport ATM,7/8/2017,151,108,43,15073.52,12084.380000000001,2989.14,MONDAY,NH,W,HWW
KK Nagar ATM,7/8/2017,29,24,5,3095.4,2869.02,226.38,MONDAY,NH,W,HWW
Christ College ATM,7/8/2017,56,20,36,4704.7,1872.64,2832.06,MONDAY,NH,W,HWW
Big Street ATM,8/8/2017,84,21,63,6226.22,2736.58,3489.6400000000003,TUESDAY,NH,W,WWW
Mount Road ATM,8/8/2017,85,41,44,5830.4400000000005,3454.2200000000003,2376.2200000000003,TUESDAY,NH,W,WWW
Airport ATM,8/8/2017,141,95,46,13419.560000000001,10655.26,2764.3,TUESDAY,NH,W,WWW
KK Nagar ATM,8/8/2017,96,65,31,9304.68,7609.14,1695.54,TUESDAY,NH,W,WWW
Christ College ATM,8/8/2017,47,22,25,2460.92,1124.2,1336.72,TUESDAY,NH,W,WWW
Big Street ATM,9/8/2017,95,25,70,5046.58,2380.84,2665.7400000000002,WEDNESDAY,NH,W,WWW
Mount Road ATM,9/8/2017,67,32,35,4851.0,3172.4,1678.6000000000001,WEDNESDAY,NH,W,WWW
Airport ATM,9/8/2017,143,110,33,14466.76,12435.5,2031.26,WEDNESDAY,NH,W,WWW
KK Nagar ATM,9/8/2017,91,36,55,9090.62,4763.22,4327.400000000001,WEDNESDAY,NH,W,WWW
Christ College ATM,9/8/2017,106,42,64,6785.24,2938.32,3846.92,WEDNESDAY,NH,W,WWW
Big Street ATM,10/8/2017,93,31,62,5580.96,2467.08,3113.88,THURSDAY,NH,W,WWW
Mount Road ATM,10/8/2017,67,26,41,4501.42,2206.82,2294.6,THURSDAY,NH,W,WWW
Airport ATM,10/8/2017,107,70,37,7878.64,5550.16,2328.48,THURSDAY,NH,W,WWW
KK Nagar ATM,10/8/2017,75,55,20,7599.900000000001,6451.06,1148.8400000000001,THURSDAY,NH,W,WWW
Christ College ATM,10/8/2017,141,61,80,11956.56,7133.280000000001,4823.28,THURSDAY,NH,W,WWW
Big Street ATM,11/8/2017,119,33,86,8742.58,3132.36,5610.22,FRIDAY,NH,W,WWH
Mount Road ATM,11/8/2017,17,8,9,1041.04,552.86,488.18,FRIDAY,NH,W,WWH
Airport ATM,11/8/2017,73,44,29,5582.5,3628.2400000000002,1954.26,FRIDAY,NH,W,WWH
KK Nagar ATM,11/8/2017,138,93,45,13796.86,11135.74,2661.12,FRIDAY,NH,W,WWH
Christ College ATM,11/8/2017,161,73,88,13022.24,7800.1,5222.14,FRIDAY,NH,W,WWH
Big Street ATM,12/8/2017,118,21,97,6780.62,1906.52,4874.1,SATURDAY,NH,H,WHH
Airport ATM,12/8/2017,87,59,28,7284.2,6012.16,1272.04,SATURDAY,NH,H,WHH
KK Nagar ATM,12/8/2017,90,50,40,10171.7,7063.9800000000005,3107.7200000000003,SATURDAY,NH,H,WHH
Christ College ATM,12/8/2017,27,14,13,1496.88,997.9200000000001,498.96000000000004,SATURDAY,NH,H,WHH
Big Street ATM,13-08-2017,115,24,91,5496.26,1447.6000000000001,4048.6600000000003,SUNDAY,NH,H,HHW
Airport ATM,13-08-2017,94,47,47,5300.68,3725.26,1575.42,SUNDAY,NH,H,HHW
KK Nagar ATM,13-08-2017,44,32,12,3930.08,3261.7200000000003,668.36,SUNDAY,NH,H,HHW
Big Street ATM,14-08-2017,81,24,57,4692.38,2114.42,2577.96,MONDAY,NH,W,HWH
Airport ATM,14-08-2017,40,29,11,3163.1600000000003,2562.56,600.6,MONDAY,NH,W,HWH
KK Nagar ATM,14-08-2017,83,46,37,6181.56,3326.4,2855.1600000000003,MONDAY,NH,W,HWH
KK Nagar ATM,15-08-2017,118,49,69,10351.880000000001,6674.360000000001,3677.52,TUESDAY,H,H,WHH
Big Street ATM,16-08-2017,97,33,64,6110.72,2958.34,3152.38,WEDNESDAY,N,H,HHW
Mount Road ATM,16-08-2017,29,11,18,1620.0800000000002,1205.82,414.26,WEDNESDAY,N,H,HHW
Airport ATM,16-08-2017,70,56,14,4852.54,4150.3,702.24,WEDNESDAY,N,H,HHW
KK Nagar ATM,16-08-2017,143,89,54,17445.12,13381.060000000001,4064.06,WEDNESDAY,N,H,HHW
Big Street ATM,17-08-2017,95,26,69,6180.02,3421.88,2758.14,THURSDAY,NH,W,HWW
Mount Road ATM,17-08-2017,76,21,55,5801.18,3565.1,2236.08,THURSDAY,NH,W,HWW
Airport ATM,17-08-2017,90,65,25,7007.0,5460.84,1546.16,THURSDAY,NH,W,HWW
KK Nagar ATM,17-08-2017,32,24,8,3170.86,2762.76,408.1,THURSDAY,NH,W,HWW
Big Street ATM,18-08-2017,112,33,79,7019.320000000001,3044.58,3974.7400000000002,FRIDAY,NH,W,WWH
Mount Road ATM,18-08-2017,71,33,38,7190.26,5915.14,1275.1200000000001,FRIDAY,NH,W,WWH
Airport ATM,18-08-2017,54,42,12,3825.36,3363.36,462.0,FRIDAY,NH,W,WWH
KK Nagar ATM,18-08-2017,46,24,22,4178.02,2504.04,1673.98,FRIDAY,NH,W,WWH
Christ College ATM,18-08-2017,83,32,51,5209.820000000001,2574.88,2634.94,FRIDAY,NH,W,WWH
Big Street ATM,19-08-2017,110,20,90,6047.58,1988.14,4059.44,SATURDAY,NH,H,WHH
Mount Road ATM,19-08-2017,101,22,79,4495.26,836.22,3659.04,SATURDAY,NH,H,WHH
Airport ATM,19-08-2017,114,84,30,10476.62,9383.220000000001,1093.4,SATURDAY,NH,H,WHH
KK Nagar ATM,19-08-2017,76,53,23,7210.280000000001,5349.96,1860.3200000000002,SATURDAY,NH,H,WHH
Christ College ATM,19-08-2017,164,58,106,11493.02,6275.5,5217.52,SATURDAY,NH,H,WHH
Big Street ATM,20-08-2017,81,16,65,3312.54,1424.5,1888.04,SUNDAY,NH,H,HHW
Mount Road ATM,20-08-2017,83,19,64,2830.52,666.82,2163.7000000000003,SUNDAY,NH,H,HHW
Airport ATM,20-08-2017,85,46,39,5223.68,3705.2400000000002,1518.44,SUNDAY,NH,H,HHW
KK Nagar ATM,20-08-2017,28,20,8,1544.6200000000001,940.94,603.6800000000001,SUNDAY,NH,H,HHW
Christ College ATM,20-08-2017,116,42,74,7079.38,3408.02,3671.36,SUNDAY,NH,H,HHW
Big Street ATM,21-08-2017,80,12,68,3497.34,703.78,2793.56,MONDAY,NH,W,HWW
Mount Road ATM,21-08-2017,28,12,16,834.6800000000001,469.7,364.98,MONDAY,NH,W,HWW
Airport ATM,21-08-2017,106,74,32,8545.460000000001,6908.4400000000005,1637.02,MONDAY,NH,W,HWW
KK Nagar ATM,21-08-2017,48,34,14,6891.5,6062.9800000000005,828.52,MONDAY,NH,W,HWW
Christ College ATM,21-08-2017,125,55,70,9025.94,4772.46,4253.4800000000005,MONDAY,NH,W,HWW
Big Street ATM,22-08-2017,130,39,91,8813.42,4178.02,4635.400000000001,TUESDAY,NH,W,WWW
Mount Road ATM,22-08-2017,38,14,24,1871.1000000000001,1201.2,669.9,TUESDAY,NH,W,WWW
Airport ATM,22-08-2017,86,61,25,9495.64,7800.1,1695.54,TUESDAY,NH,W,WWW
KK Nagar ATM,22-08-2017,86,45,41,8607.06,6303.22,2303.84,TUESDAY,NH,W,WWW
Christ College ATM,22-08-2017,174,59,115,10339.56,5217.52,5122.04,TUESDAY,NH,W,WWW
Big Street ATM,23-08-2017,95,31,64,5098.9400000000005,2856.7000000000003,2242.2400000000002,WEDNESDAY,NH,W,WWW
Mount Road ATM,23-08-2017,54,31,23,4673.900000000001,3903.9,770.0,WEDNESDAY,NH,W,WWW
Airport ATM,23-08-2017,98,71,27,8274.42,7221.06,1053.3600000000001,WEDNESDAY,NH,W,WWW
KK Nagar ATM,23-08-2017,54,36,18,5228.3,3674.44,1553.8600000000001,WEDNESDAY,NH,W,WWW
Christ College ATM,23-08-2017,106,51,55,8336.02,5633.320000000001,2702.7000000000003,WEDNESDAY,NH,W,WWW
Big Street ATM,24-08-2017,135,43,92,7858.62,3709.86,4148.76,THURSDAY,NH,W,WWH
Mount Road ATM,24-08-2017,57,14,43,3149.3,1301.3,1848.0,THURSDAY,NH,W,WWH
Airport ATM,24-08-2017,110,72,38,7438.2,5491.64,1946.5600000000002,THURSDAY,NH,W,WWH
KK Nagar ATM,24-08-2017,104,66,38,11619.300000000001,8362.2,3257.1,THURSDAY,NH,W,WWH
Christ College ATM,24-08-2017,108,47,61,9503.34,5796.56,3706.78,THURSDAY,NH,W,WWH
Big Street ATM,25-08-2017,22,5,17,1048.74,210.98000000000002,837.76,FRIDAY,H,H,WHH
Mount Road ATM,25-08-2017,28,8,20,1108.8,500.5,608.3000000000001,FRIDAY,H,H,WHH
Airport ATM,25-08-2017,26,18,8,2496.34,2139.06,357.28000000000003,FRIDAY,H,H,WHH
KK Nagar ATM,25-08-2017,68,46,22,6814.5,5514.74,1299.76,FRIDAY,H,H,WHH
Christ College ATM,25-08-2017,118,40,78,9159.92,3723.7200000000003,5436.2,FRIDAY,H,H,WHH
Big Street ATM,26-08-2017,113,23,90,6218.52,2482.48,3736.04,SATURDAY,NH,H,HHH
Mount Road ATM,26-08-2017,67,24,43,3332.56,2214.52,1118.04,SATURDAY,NH,H,HHH
Airport ATM,26-08-2017,27,23,4,2422.42,2339.26,83.16,SATURDAY,NH,H,HHH
KK Nagar ATM,26-08-2017,64,40,24,7291.900000000001,5268.34,2023.5600000000002,SATURDAY,NH,H,HHH
Christ College ATM,26-08-2017,37,20,17,2913.6800000000003,1940.4,973.2800000000001,SATURDAY,NH,H,HHH
Big Street ATM,27-08-2017,132,18,114,5379.22,1626.24,3752.98,SUNDAY,NH,H,HHW
Mount Road ATM,27-08-2017,40,10,30,2143.6800000000003,1190.42,953.26,SUNDAY,NH,H,HHW
Airport ATM,27-08-2017,34,23,11,2715.02,2391.62,323.40000000000003,SUNDAY,NH,H,HHW
Big Street ATM,28-08-2017,61,8,53,3591.28,900.9,2690.38,MONDAY,NH,W,HWW
Mount Road ATM,28-08-2017,76,26,50,3672.9,2146.76,1526.14,MONDAY,NH,W,HWW
Airport ATM,28-08-2017,90,62,28,6315.54,4581.5,1734.04,MONDAY,NH,W,HWW
KK Nagar ATM,28-08-2017,109,76,33,11382.140000000001,9144.52,2237.62,MONDAY,NH,W,HWW
Christ College ATM,28-08-2017,132,46,86,10636.78,6272.42,4364.360000000001,MONDAY,NH,W,HWW
Big Street ATM,29-08-2017,83,18,65,4008.6200000000003,888.58,3120.04,TUESDAY,NH,W,WWW
Mount Road ATM,29-08-2017,67,22,45,3090.78,740.74,2350.04,TUESDAY,NH,W,WWW
Airport ATM,29-08-2017,65,43,22,4907.9800000000005,3649.8,1258.18,TUESDAY,NH,W,WWW
KK Nagar ATM,29-08-2017,96,72,24,11754.82,9708.16,2046.66,TUESDAY,NH,W,WWW
Christ College ATM,29-08-2017,171,54,117,12159.84,5560.9400000000005,6598.900000000001,TUESDAY,NH,W,WWW
Big Street ATM,30-08-2017,139,30,109,6823.74,2302.3,4521.4400000000005,WEDNESDAY,NH,W,WWW
Mount Road ATM,30-08-2017,72,28,44,4429.04,3041.5,1387.54,WEDNESDAY,NH,W,WWW
Airport ATM,30-08-2017,56,34,22,4253.4800000000005,3598.98,654.5,WEDNESDAY,NH,W,WWW
KK Nagar ATM,30-08-2017,100,77,23,15732.640000000001,13779.92,1952.72,WEDNESDAY,NH,W,WWW
Christ College ATM,30-08-2017,201,69,132,14500.640000000001,7279.58,7221.06,WEDNESDAY,NH,W,WWW
Big Street ATM,31-08-2017,118,29,89,8011.08,2282.28,5728.8,THURSDAY,NH,W,WWW
Mount Road ATM,31-08-2017,73,24,49,4409.02,1761.76,2647.26,THURSDAY,NH,W,WWW
Airport ATM,31-08-2017,87,62,25,9290.82,7880.18,1410.64,THURSDAY,NH,W,WWW
KK Nagar ATM,31-08-2017,84,60,24,8120.42,6036.8,2083.62,THURSDAY,NH,W,WWW
Christ College ATM,31-08-2017,171,55,116,12952.94,4849.46,8103.4800000000005,THURSDAY,NH,W,WWW
Big Street ATM,1/9/2017,174,34,140,10692.220000000001,2644.1800000000003,8048.04,FRIDAY,NH,W,WWH
Mount Road ATM,1/9/2017,67,20,47,3785.32,2179.1,1606.22,FRIDAY,NH,W,WWH
Airport ATM,1/9/2017,63,45,18,6149.22,4729.34,1419.88,FRIDAY,NH,W,WWH
KK Nagar ATM,1/9/2017,84,68,16,7703.08,6729.8,973.2800000000001,FRIDAY,NH,W,WWH
Christ College ATM,1/9/2017,266,71,195,25613.280000000002,8554.7,17058.58,FRIDAY,NH,W,WWH
Big Street ATM,2/9/2017,135,29,106,7972.58,2872.1,5100.4800000000005,SATURDAY,M,H,WHH
Mount Road ATM,2/9/2017,104,36,68,7201.04,4144.14,3056.9,SATURDAY,M,H,WHH
Airport ATM,2/9/2017,54,45,9,4994.22,4395.16,599.0600000000001,SATURDAY,M,H,WHH
KK Nagar ATM,2/9/2017,209,121,88,18185.86,11677.82,6508.04,SATURDAY,M,H,WHH
Christ College ATM,2/9/2017,178,51,127,12392.380000000001,3863.86,8528.52,SATURDAY,M,H,WHH
Big Street ATM,3/9/2017,127,27,100,7735.42,1949.64,5785.78,SUNDAY,NH,H,HHW
Mount Road ATM,3/9/2017,9,7,2,763.84,740.74,23.1,SUNDAY,NH,H,HHW
Airport ATM,3/9/2017,57,33,24,3377.2200000000003,2326.94,1050.28,SUNDAY,NH,H,HHW
KK Nagar ATM,3/9/2017,206,127,79,14959.560000000001,9851.380000000001,5108.18,SUNDAY,NH,H,HHW
Christ College ATM,3/9/2017,79,19,60,6019.860000000001,1128.82,4891.04,SUNDAY,NH,H,HHW
Big Street ATM,4/9/2017,100,26,74,5513.2,1587.74,3925.46,MONDAY,NH,W,HWW
Mount Road ATM,4/9/2017,110,23,87,5924.38,1929.6200000000001,3994.76,MONDAY,NH,W,HWW
Airport ATM,4/9/2017,78,52,26,5574.8,4502.96,1071.8400000000001,MONDAY,NH,W,HWW
KK Nagar ATM,4/9/2017,169,120,49,18216.66,13943.16,4273.5,MONDAY,NH,W,HWW
Christ College ATM,4/9/2017,265,84,181,20774.600000000002,9397.08,11377.52,MONDAY,NH,W,HWW
Big Street ATM,5/9/2017,121,38,83,9353.960000000001,4630.78,4723.18,TUESDAY,NH,W,WWW
Mount Road ATM,5/9/2017,104,38,66,6264.72,2946.02,3318.7000000000003,TUESDAY,NH,W,WWW
Airport ATM,5/9/2017,91,70,21,8192.800000000001,7191.8,1001.0,TUESDAY,NH,W,WWW
KK Nagar ATM,5/9/2017,59,42,17,6250.860000000001,4904.900000000001,1345.96,TUESDAY,NH,W,WWW
Christ College ATM,5/9/2017,222,83,139,19300.82,10153.220000000001,9147.6,TUESDAY,NH,W,WWW
Big Street ATM,6/9/2017,136,40,96,7045.5,3317.1600000000003,3728.34,WEDNESDAY,NH,W,WWW
Mount Road ATM,6/9/2017,92,35,57,4231.92,2062.06,2169.86,WEDNESDAY,NH,W,WWW
Airport ATM,6/9/2017,80,57,23,7935.62,6697.46,1238.16,WEDNESDAY,NH,W,WWW
KK Nagar ATM,6/9/2017,130,94,36,15575.560000000001,12437.04,3138.52,WEDNESDAY,NH,W,WWW
Christ College ATM,6/9/2017,244,95,149,22915.2,11771.76,11143.44,WEDNESDAY,NH,W,WWW
Big Street ATM,7/9/2017,114,26,88,5477.78,1891.1200000000001,3586.6600000000003,THURSDAY,NH,W,WWW
Mount Road ATM,7/9/2017,52,23,29,2487.1,1503.04,984.0600000000001,THURSDAY,NH,W,WWW
Airport ATM,7/9/2017,118,88,30,10887.800000000001,8972.04,1915.76,THURSDAY,NH,W,WWW
KK Nagar ATM,7/9/2017,70,49,21,5274.5,3752.98,1521.52,THURSDAY,NH,W,WWW
Christ College ATM,7/9/2017,261,85,176,20552.84,8357.58,12195.26,THURSDAY,NH,W,WWW
Big Street ATM,8/9/2017,143,46,97,8742.58,5246.78,3495.8,FRIDAY,NH,W,WWH
Mount Road ATM,8/9/2017,57,15,42,2436.28,711.48,1724.8,FRIDAY,NH,W,WWH
Airport ATM,8/9/2017,97,64,33,7897.12,6038.34,1858.78,FRIDAY,NH,W,WWH
KK Nagar ATM,8/9/2017,39,24,15,4281.2,3317.1600000000003,964.0400000000001,FRIDAY,NH,W,WWH
Christ College ATM,8/9/2017,216,69,147,16117.640000000001,5433.12,10684.52,FRIDAY,NH,W,WWH
Big Street ATM,9/9/2017,135,30,105,8505.42,2704.2400000000002,5801.18,SATURDAY,NH,H,WHH
Mount Road ATM,9/9/2017,102,23,79,5254.4800000000005,2142.14,3112.34,SATURDAY,NH,H,WHH
Airport ATM,9/9/2017,114,73,41,10507.42,8349.880000000001,2157.54,SATURDAY,NH,H,WHH
KK Nagar ATM,9/9/2017,95,54,41,9752.82,6628.16,3124.6600000000003,SATURDAY,NH,H,WHH
Christ College ATM,9/9/2017,232,79,153,18216.66,8131.2,10085.460000000001,SATURDAY,NH,H,WHH
Big Street ATM,10/9/2017,136,21,115,7080.92,1791.02,5289.900000000001,SUNDAY,NH,H,HHW
Mount Road ATM,10/9/2017,15,10,5,1273.58,1127.28,146.3,SUNDAY,NH,H,HHW
Airport ATM,10/9/2017,109,60,49,6366.360000000001,4142.6,2223.76,SUNDAY,NH,H,HHW
KK Nagar ATM,10/9/2017,44,25,19,2034.3400000000001,1181.18,853.1600000000001,SUNDAY,NH,H,HHW
Christ College ATM,10/9/2017,78,17,61,3217.06,1084.16,2132.9,SUNDAY,NH,H,HHW
Big Street ATM,11/9/2017,75,26,49,4566.1,1740.2,2825.9,MONDAY,NH,W,HWW
Mount Road ATM,11/9/2017,22,8,14,1239.7,474.32,765.38,MONDAY,NH,W,HWW
Airport ATM,11/9/2017,90,63,27,7222.6,5850.46,1372.14,MONDAY,NH,W,HWW
KK Nagar ATM,11/9/2017,122,73,49,12879.02,9390.92,3488.1,MONDAY,NH,W,HWW
Christ College ATM,11/9/2017,251,82,169,21767.9,8453.06,13314.84,MONDAY,NH,W,HWW
Big Street ATM,12/9/2017,118,44,74,8389.92,4689.3,3700.6200000000003,TUESDAY,NH,W,WWW
Mount Road ATM,12/9/2017,68,28,40,2898.28,1969.66,928.62,TUESDAY,NH,W,WWW
Airport ATM,12/9/2017,99,72,27,7673.820000000001,6026.02,1647.8,TUESDAY,NH,W,WWW
KK Nagar ATM,12/9/2017,125,79,46,13898.5,9892.960000000001,4005.54,TUESDAY,NH,W,WWW
Christ College ATM,12/9/2017,151,55,96,9372.44,4592.28,4780.16,TUESDAY,NH,W,WWW
Big Street ATM,13-09-2017,110,24,86,6732.88,3244.78,3488.1,WEDNESDAY,NH,W,WWW
Mount Road ATM,13-09-2017,78,38,40,5661.04,3780.7000000000003,1880.3400000000001,WEDNESDAY,NH,W,WWW
Airport ATM,13-09-2017,133,93,40,13076.140000000001,10883.18,2192.96,WEDNESDAY,NH,W,WWW
KK Nagar ATM,13-09-2017,110,75,35,12486.32,10063.9,2422.42,WEDNESDAY,NH,W,WWW
Christ College ATM,13-09-2017,151,57,94,10729.18,5805.8,4923.38,WEDNESDAY,NH,W,WWW
Big Street ATM,14-09-2017,112,37,75,5795.02,3069.2200000000003,2725.8,THURSDAY,NH,W,WWW
Mount Road ATM,14-09-2017,92,51,41,5941.320000000001,3902.36,2038.96,THURSDAY,NH,W,WWW
Airport ATM,14-09-2017,122,80,42,12503.26,10370.36,2132.9,THURSDAY,NH,W,WWW
KK Nagar ATM,14-09-2017,99,67,32,12249.16,9803.64,2445.52,THURSDAY,NH,W,WWW
Christ College ATM,14-09-2017,153,63,90,11600.82,6277.04,5323.78,THURSDAY,NH,W,WWW
Big Street ATM,15-09-2017,108,25,83,5949.02,2485.56,3463.46,FRIDAY,NH,W,WWH
Mount Road ATM,15-09-2017,45,17,28,2924.46,1868.02,1056.44,FRIDAY,NH,W,WWH
Airport ATM,15-09-2017,94,64,30,7124.04,5627.16,1496.88,FRIDAY,NH,W,WWH
KK Nagar ATM,15-09-2017,111,74,37,9421.720000000001,6591.2,2830.52,FRIDAY,NH,W,WWH
Christ College ATM,15-09-2017,154,60,94,8574.720000000001,3734.5,4840.22,FRIDAY,NH,W,WWH
Big Street ATM,16-09-2017,141,31,110,7310.38,2285.36,5025.02,SATURDAY,NH,H,WHH
Mount Road ATM,16-09-2017,97,29,68,3036.88,960.96,2075.92,SATURDAY,NH,H,WHH
Airport ATM,16-09-2017,109,82,27,9726.64,8060.360000000001,1666.28,SATURDAY,NH,H,WHH
KK Nagar ATM,16-09-2017,74,38,36,6703.62,3866.94,2836.6800000000003,SATURDAY,NH,H,WHH
Christ College ATM,16-09-2017,185,74,111,12826.66,6712.860000000001,6113.8,SATURDAY,NH,H,WHH
Big Street ATM,17-09-2017,125,36,89,5098.9400000000005,2346.96,2751.98,SUNDAY,NH,H,HHW
Mount Road ATM,17-09-2017,135,45,90,5051.2,2713.48,2337.7200000000003,SUNDAY,NH,H,HHW
Airport ATM,17-09-2017,95,55,40,7495.18,6327.860000000001,1167.32,SUNDAY,NH,H,HHW
KK Nagar ATM,17-09-2017,71,42,29,4333.56,2921.38,1412.18,SUNDAY,NH,H,HHW
Christ College ATM,17-09-2017,140,35,105,7532.14,3124.6600000000003,4407.4800000000005,SUNDAY,NH,H,HHW
Big Street ATM,18-09-2017,109,48,61,7000.84,4892.58,2108.26,MONDAY,NH,W,HWW
Mount Road ATM,18-09-2017,70,34,36,2185.26,1141.14,1044.1200000000001,MONDAY,NH,W,HWW
Airport ATM,18-09-2017,101,77,24,8938.16,7729.26,1208.9,MONDAY,NH,W,HWW
KK Nagar ATM,18-09-2017,38,19,19,3351.04,2434.7400000000002,916.3000000000001,MONDAY,NH,W,HWW
Christ College ATM,18-09-2017,204,65,139,13955.48,7079.38,6876.1,MONDAY,NH,W,HWW
Big Street ATM,19-09-2017,85,23,62,5895.12,3150.84,2744.28,TUESDAY,NH,W,WWW
Mount Road ATM,19-09-2017,98,38,60,6138.4400000000005,2577.96,3560.48,TUESDAY,NH,W,WWW
Airport ATM,19-09-2017,85,66,19,8442.28,7238.0,1204.28,TUESDAY,NH,W,WWW
KK Nagar ATM,19-09-2017,53,39,14,4676.9800000000005,3763.76,913.22,TUESDAY,NH,W,WWW
Christ College ATM,19-09-2017,150,40,110,9093.7,3444.98,5648.72,TUESDAY,NH,W,WWW
Big Street ATM,20-09-2017,24,10,14,1854.16,1213.52,640.64,WEDNESDAY,NH,W,WWW
Mount Road ATM,20-09-2017,81,36,45,4749.360000000001,3166.2400000000002,1583.1200000000001,WEDNESDAY,NH,W,WWW
Airport ATM,20-09-2017,77,60,17,6965.42,6438.74,526.6800000000001,WEDNESDAY,NH,W,WWW
KK Nagar ATM,20-09-2017,89,61,28,11842.6,9315.460000000001,2527.14,WEDNESDAY,NH,W,WWW
Christ College ATM,20-09-2017,109,26,83,6129.2,1267.42,4861.78,WEDNESDAY,NH,W,WWW
Big Street ATM,21-09-2017,91,19,72,5260.64,2043.5800000000002,3217.06,THURSDAY,NH,W,WWW
Mount Road ATM,21-09-2017,90,27,63,4814.04,2440.9,2373.14,THURSDAY,NH,W,WWW
Airport ATM,21-09-2017,99,69,30,9392.460000000001,8020.320000000001,1372.14,THURSDAY,NH,W,WWW
KK Nagar ATM,21-09-2017,104,72,32,13764.52,11434.5,2330.02,THURSDAY,NH,W,WWW
Christ College ATM,21-09-2017,169,51,118,13045.34,5500.88,7544.46,THURSDAY,NH,W,WWW
Big Street ATM,22-09-2017,136,35,101,8607.06,4005.54,4601.52,FRIDAY,NH,W,WWH
Mount Road ATM,22-09-2017,78,36,42,5191.34,3152.38,2038.96,FRIDAY,NH,W,WWH
Airport ATM,22-09-2017,90,62,28,6617.38,5485.4800000000005,1131.9,FRIDAY,NH,W,WWH
KK Nagar ATM,22-09-2017,99,72,27,9338.56,7924.84,1413.72,FRIDAY,NH,W,WWH
Christ College ATM,22-09-2017,78,29,49,5200.58,2755.06,2445.52,FRIDAY,NH,W,WWH
Mount Road ATM,23-09-2017,106,20,86,3866.94,1138.06,2728.88,SATURDAY,NH,H,WHH
Airport ATM,23-09-2017,121,87,34,10154.76,8004.92,2149.84,SATURDAY,NH,H,WHH
KK Nagar ATM,23-09-2017,90,38,52,8988.98,3788.4,5200.58,SATURDAY,NH,H,WHH
Christ College ATM,23-09-2017,257,67,190,19297.74,6868.400000000001,12429.34,SATURDAY,NH,H,WHH
Big Street ATM,24-09-2017,126,28,98,6183.1,2471.7000000000003,3711.4,SUNDAY,NH,H,HHW
Mount Road ATM,24-09-2017,92,26,66,2813.58,1074.92,1738.66,SUNDAY,NH,H,HHW
Airport ATM,24-09-2017,64,43,21,5276.04,4282.74,993.3000000000001,SUNDAY,NH,H,HHW
KK Nagar ATM,24-09-2017,51,21,30,4489.1,1851.0800000000002,2638.02,SUNDAY,NH,H,HHW
Christ College ATM,24-09-2017,71,19,52,4168.78,1729.42,2439.36,SUNDAY,NH,H,HHW
Big Street ATM,25-09-2017,122,41,81,7912.52,4358.2,3554.32,MONDAY,NH,W,HWW
Mount Road ATM,25-09-2017,91,25,66,6889.96,3967.04,2922.92,MONDAY,NH,W,HWW
Airport ATM,25-09-2017,84,51,33,7187.18,5522.4400000000005,1664.74,MONDAY,NH,W,HWW
KK Nagar ATM,25-09-2017,146,92,54,18098.08,13411.86,4686.22,MONDAY,NH,W,HWW
Christ College ATM,25-09-2017,174,52,122,11631.62,4786.32,6845.3,MONDAY,NH,W,HWW
Big Street ATM,26-09-2017,131,36,95,6735.96,2505.58,4230.38,TUESDAY,NH,W,WWW
Mount Road ATM,26-09-2017,59,19,40,2368.52,1173.48,1195.04,TUESDAY,NH,W,WWW
Airport ATM,26-09-2017,68,52,16,6990.06,6397.16,592.9,TUESDAY,NH,W,WWW
KK Nagar ATM,26-09-2017,91,67,24,11368.28,9469.460000000001,1898.8200000000002,TUESDAY,NH,W,WWW
Christ College ATM,26-09-2017,110,34,76,5009.62,1170.4,3839.2200000000003,TUESDAY,NH,W,WWW
Big Street ATM,27-09-2017,130,40,90,7872.4800000000005,3311.0,4561.4800000000005,WEDNESDAY,NH,W,WWW
Mount Road ATM,27-09-2017,63,21,42,2573.34,1304.38,1268.96,WEDNESDAY,NH,W,WWW
Airport ATM,27-09-2017,100,73,27,10402.7,9090.62,1312.0800000000002,WEDNESDAY,NH,W,WWW
KK Nagar ATM,27-09-2017,117,90,27,15366.12,13439.58,1926.54,WEDNESDAY,NH,W,WWW
Christ College ATM,27-09-2017,149,46,103,11128.04,4898.74,6229.3,WEDNESDAY,NH,W,WWW
Big Street ATM,28-09-2017,137,41,96,7216.4400000000005,3415.7200000000003,3800.7200000000003,THURSDAY,NH,W,WWH
Mount Road ATM,28-09-2017,87,28,59,4887.96,2539.46,2348.5,THURSDAY,NH,W,WWH
Airport ATM,28-09-2017,68,47,21,6540.38,4612.3,1928.0800000000002,THURSDAY,NH,W,WWH
KK Nagar ATM,28-09-2017,145,97,48,17785.46,13943.16,3842.3,THURSDAY,NH,W,WWH
Christ College ATM,28-09-2017,187,76,111,17252.62,8456.14,8796.48,THURSDAY,NH,W,WWH
Big Street ATM,29-09-2017,137,34,103,7219.52,2251.48,4968.04,FRIDAY,H,H,WHH
Mount Road ATM,29-09-2017,79,27,52,4698.54,2656.5,2042.04,FRIDAY,H,H,WHH
Airport ATM,29-09-2017,117,77,40,10932.460000000001,8882.720000000001,2049.7400000000002,FRIDAY,H,H,WHH
KK Nagar ATM,29-09-2017,76,48,28,6293.9800000000005,4310.46,1983.52,FRIDAY,H,H,WHH
Christ College ATM,29-09-2017,143,61,82,10786.16,5608.68,5177.4800000000005,FRIDAY,H,H,WHH
